dataset,image_filename,image_path,mask_path,image_width,image_height,image_size_bytes,mask_size_bytes,has_mask,num_bounding_boxes,bounding_boxes,label,bbox_width,bbox_height
kvasir-seg,cju0qkwl35piu0993l0dewei2.jpg,/Users/ujjwalsinha/Gastrointestinal-Disease-Detection/dataset/kvasir-seg/images/cju0qkwl35piu0993l0dewei2.jpg,/Users/ujjwalsinha/Gastrointestinal-Disease-Detection/dataset/kvasir-seg/masks/cju0qkwl35piu0993l0dewei2.jpg,622,529,51229,14641,Yes,1,"polyp: [38,5,430,338]",polyp,622,529
kvasir-seg,cju0qoxqj9q6s0835b43399p4.jpg,/Users/ujjwalsinha/Gastrointestinal-Disease-Detection/dataset/kvasir-seg/images/cju0qoxqj9q6s0835b43399p4.jpg,/Users/ujjwalsinha/Gastrointestinal-Disease-Detection/dataset/kvasir-seg/masks/cju0qoxqj9q6s0835b43399p4.jpg,1348,1070,117064,41779,Yes,1,"polyp: [194,284,913,1049]",polyp,1348,1070
kvasir-seg,cju0qx73cjw570799j4n5cjze.jpg,/Users/ujjwalsinha/Gastrointestinal-Disease-Detection/dataset/kvasir-seg/images/cju0qx73cjw570799j4n5cjze.jpg,/Users/ujjwalsinha/Gastrointestinal-Disease-Detection/dataset/kvasir-seg/masks/cju0qx73cjw570799j4n5cjze.jpg,619,529,47209,17829,Yes,1,"polyp: [187,14,543,526]",polyp,619,529
kvasir-seg,cju0roawvklrq0799vmjorwfv.jpg,/Users/ujjwalsinha/Gastrointestinal-Disease-Detection/dataset/kvasir-seg/images/cju0roawvklrq0799vmjorwfv.jpg,/Users/ujjwalsinha/Gastrointestinal-Disease-Detection/dataset/kvasir-seg/masks/cju0roawvklrq0799vmjorwfv.jpg,622,528,30256,13057,Yes,3,"polyp: [486,42,622,339]; polyp: [329,71,437,150]; polyp: [619,151,622,285]",polyp,622,528
kvasir-seg,cju0rx1idathl0835detmsp84.jpg,/Users/ujjwalsinha/Gastrointestinal-Disease-Detection/dataset/kvasir-seg/images/cju0rx1idathl0835detmsp84.jpg,/Users/ujjwalsinha/Gastrointestinal-Disease-Detection/dataset/kvasir-seg/masks/cju0rx1idathl0835detmsp84.jpg,617,528,27512,11587,Yes,1,"polyp: [292,154,481,375]",polyp,617,528
kvasir-seg,cju0s2a9ekvms080138tjjpxr.jpg,/Users/ujjwalsinha/Gastrointestinal-Disease-Detection/dataset/kvasir-seg/images/cju0s2a9ekvms080138tjjpxr.jpg,/Users/ujjwalsinha/Gastrointestinal-Disease-Detection/dataset/kvasir-seg/masks/cju0s2a9ekvms080138tjjpxr.jpg,626,547,39161,13103,Yes,1,"polyp: [379,57,626,431]",polyp,626,547
kvasir-seg,cju0s690hkp960855tjuaqvv0.jpg,/Users/ujjwalsinha/Gastrointestinal-Disease-Detection/dataset/kvasir-seg/images/cju0s690hkp960855tjuaqvv0.jpg,/Users/ujjwalsinha/Gastrointestinal-Disease-Detection/dataset/kvasir-seg/masks/cju0s690hkp960855tjuaqvv0.jpg,621,530,35370,9183,Yes,1,"polyp: [223,285,336,434]",polyp,621,530
kvasir-seg,cju0sr5ghl0nd08789uzf1raf.jpg,/Users/ujjwalsinha/Gastrointestinal-Disease-Detection/dataset/kvasir-seg/images/cju0sr5ghl0nd08789uzf1raf.jpg,/Users/ujjwalsinha/Gastrointestinal-Disease-Detection/dataset/kvasir-seg/masks/cju0sr5ghl0nd08789uzf1raf.jpg,1214,1019,196193,38847,Yes,2,"polyp: [393,178,730,488]; polyp: [300,571,698,975]",polyp,1214,1019
kvasir-seg,cju0sxqiclckk08551ycbwhno.jpg,/Users/ujjwalsinha/Gastrointestinal-Disease-Detection/dataset/kvasir-seg/images/cju0sxqiclckk08551ycbwhno.jpg,/Users/ujjwalsinha/Gastrointestinal-Disease-Detection/dataset/kvasir-seg/masks/cju0sxqiclckk08551ycbwhno.jpg,570,531,28647,9211,Yes,1,"polyp: [400,278,543,416]",polyp,570,531
kvasir-seg,cju0t4oil7vzk099370nun5h9.jpg,/Users/ujjwalsinha/Gastrointestinal-Disease-Detection/dataset/kvasir-seg/images/cju0t4oil7vzk099370nun5h9.jpg,/Users/ujjwalsinha/Gastrointestinal-Disease-Detection/dataset/kvasir-seg/masks/cju0t4oil7vzk099370nun5h9.jpg,622,530,36284,16040,Yes,1,"polyp: [203,115,573,526]",polyp,622,530
kvasir-seg,cju0tl3uz8blh0993wxvn7ly3.jpg,/Users/ujjwalsinha/Gastrointestinal-Disease-Detection/dataset/kvasir-seg/images/cju0tl3uz8blh0993wxvn7ly3.jpg,/Users/ujjwalsinha/Gastrointestinal-Disease-Detection/dataset/kvasir-seg/masks/cju0tl3uz8blh0993wxvn7ly3.jpg,622,529,36088,7254,Yes,1,"polyp: [314,386,370,435]",polyp,622,529
kvasir-seg,cju0u2g7pmnux0801vkk47ivj.jpg,/Users/ujjwalsinha/Gastrointestinal-Disease-Detection/dataset/kvasir-seg/images/cju0u2g7pmnux0801vkk47ivj.jpg,/Users/ujjwalsinha/Gastrointestinal-Disease-Detection/dataset/kvasir-seg/masks/cju0u2g7pmnux0801vkk47ivj.jpg,611,530,43978,15948,Yes,1,"polyp: [0,152,367,530]",polyp,611,530
kvasir-seg,cju0u82z3cuma0835wlxrnrjv.jpg,/Users/ujjwalsinha/Gastrointestinal-Disease-Detection/dataset/kvasir-seg/images/cju0u82z3cuma0835wlxrnrjv.jpg,/Users/ujjwalsinha/Gastrointestinal-Disease-Detection/dataset/kvasir-seg/masks/cju0u82z3cuma0835wlxrnrjv.jpg,626,546,35391,16327,Yes,1,"polyp: [293,90,609,531]",polyp,626,546
kvasir-seg,cju0ue769mxii08019zqgdbxn.jpg,/Users/ujjwalsinha/Gastrointestinal-Disease-Detection/dataset/kvasir-seg/images/cju0ue769mxii08019zqgdbxn.jpg,/Users/ujjwalsinha/Gastrointestinal-Disease-Detection/dataset/kvasir-seg/masks/cju0ue769mxii08019zqgdbxn.jpg,626,547,38539,10518,Yes,1,"polyp: [182,83,342,240]",polyp,626,547
kvasir-seg,cju0vtox5ain6099360pu62rp.jpg,/Users/ujjwalsinha/Gastrointestinal-Disease-Detection/dataset/kvasir-seg/images/cju0vtox5ain6099360pu62rp.jpg,/Users/ujjwalsinha/Gastrointestinal-Disease-Detection/dataset/kvasir-seg/masks/cju0vtox5ain6099360pu62rp.jpg,622,531,25203,9943,Yes,1,"polyp: [144,99,300,244]",polyp,622,531
kvasir-seg,cju13cgqmnhwn0988yrainhcp.jpg,/Users/ujjwalsinha/Gastrointestinal-Disease-Detection/dataset/kvasir-seg/images/cju13cgqmnhwn0988yrainhcp.jpg,/Users/ujjwalsinha/Gastrointestinal-Disease-Detection/dataset/kvasir-seg/masks/cju13cgqmnhwn0988yrainhcp.jpg,626,546,32581,12404,Yes,1,"polyp: [236,263,456,523]",polyp,626,546
kvasir-seg,cju13fwthn9mq0835gacxgy01.jpg,/Users/ujjwalsinha/Gastrointestinal-Disease-Detection/dataset/kvasir-seg/images/cju13fwthn9mq0835gacxgy01.jpg,/Users/ujjwalsinha/Gastrointestinal-Disease-Detection/dataset/kvasir-seg/masks/cju13fwthn9mq0835gacxgy01.jpg,623,529,36373,12587,Yes,1,"polyp: [346,14,615,261]",polyp,623,529
kvasir-seg,cju13hp5rnbjx0835bf0jowgx.jpg,/Users/ujjwalsinha/Gastrointestinal-Disease-Detection/dataset/kvasir-seg/images/cju13hp5rnbjx0835bf0jowgx.jpg,/Users/ujjwalsinha/Gastrointestinal-Disease-Detection/dataset/kvasir-seg/masks/cju13hp5rnbjx0835bf0jowgx.jpg,622,531,26191,11358,Yes,1,"polyp: [0,91,219,321]",polyp,622,531
kvasir-seg,cju14g8o4xui30878gkgbrvqj.jpg,/Users/ujjwalsinha/Gastrointestinal-Disease-Detection/dataset/kvasir-seg/images/cju14g8o4xui30878gkgbrvqj.jpg,/Users/ujjwalsinha/Gastrointestinal-Disease-Detection/dataset/kvasir-seg/masks/cju14g8o4xui30878gkgbrvqj.jpg,622,531,35532,8906,Yes,1,"polyp: [440,156,544,272]",polyp,622,531
kvasir-seg,cju14hjh2ob2o0835ouz3r5aa.jpg,/Users/ujjwalsinha/Gastrointestinal-Disease-Detection/dataset/kvasir-seg/images/cju14hjh2ob2o0835ouz3r5aa.jpg,/Users/ujjwalsinha/Gastrointestinal-Disease-Detection/dataset/kvasir-seg/masks/cju14hjh2ob2o0835ouz3r5aa.jpg,609,546,39211,12881,Yes,1,"polyp: [360,247,597,501]",polyp,609,546
kvasir-seg,cju14pxbaoksp0835qzorx6g6.jpg,/Users/ujjwalsinha/Gastrointestinal-Disease-Detection/dataset/kvasir-seg/images/cju14pxbaoksp0835qzorx6g6.jpg,/Users/ujjwalsinha/Gastrointestinal-Disease-Detection/dataset/kvasir-seg/masks/cju14pxbaoksp0835qzorx6g6.jpg,622,530,40816,10405,Yes,1,"polyp: [143,8,349,163]",polyp,622,530
kvasir-seg,cju15czxqp3lv0835jvhgzurz.jpg,/Users/ujjwalsinha/Gastrointestinal-Disease-Detection/dataset/kvasir-seg/images/cju15czxqp3lv0835jvhgzurz.jpg,/Users/ujjwalsinha/Gastrointestinal-Disease-Detection/dataset/kvasir-seg/masks/cju15czxqp3lv0835jvhgzurz.jpg,620,547,39239,15605,Yes,1,"polyp: [30,92,435,489]",polyp,620,547
kvasir-seg,cju15jr8jz8sb0855ukmkswkz.jpg,/Users/ujjwalsinha/Gastrointestinal-Disease-Detection/dataset/kvasir-seg/images/cju15jr8jz8sb0855ukmkswkz.jpg,/Users/ujjwalsinha/Gastrointestinal-Disease-Detection/dataset/kvasir-seg/masks/cju15jr8jz8sb0855ukmkswkz.jpg,594,528,37355,13934,Yes,2,"polyp: [193,0,540,375]; polyp: [356,0,485,1]",polyp,594,528
kvasir-seg,cju15l5ubz9yh0855b3ivdpse.jpg,/Users/ujjwalsinha/Gastrointestinal-Disease-Detection/dataset/kvasir-seg/images/cju15l5ubz9yh0855b3ivdpse.jpg,/Users/ujjwalsinha/Gastrointestinal-Disease-Detection/dataset/kvasir-seg/masks/cju15l5ubz9yh0855b3ivdpse.jpg,626,547,36477,9679,Yes,1,"polyp: [182,199,326,321]",polyp,626,547
kvasir-seg,cju15mhjczc8z0801kit5c6di.jpg,/Users/ujjwalsinha/Gastrointestinal-Disease-Detection/dataset/kvasir-seg/images/cju15mhjczc8z0801kit5c6di.jpg,/Users/ujjwalsinha/Gastrointestinal-Disease-Detection/dataset/kvasir-seg/masks/cju15mhjczc8z0801kit5c6di.jpg,624,546,31967,12314,Yes,1,"polyp: [344,36,604,285]",polyp,624,546
kvasir-seg,cju15ptjtppz40988odsm9azx.jpg,/Users/ujjwalsinha/Gastrointestinal-Disease-Detection/dataset/kvasir-seg/images/cju15ptjtppz40988odsm9azx.jpg,/Users/ujjwalsinha/Gastrointestinal-Disease-Detection/dataset/kvasir-seg/masks/cju15ptjtppz40988odsm9azx.jpg,622,529,52240,10903,Yes,1,"polyp: [355,140,555,295]",polyp,622,529
kvasir-seg,cju15wdt3zla10801odjiw7sy.jpg,/Users/ujjwalsinha/Gastrointestinal-Disease-Detection/dataset/kvasir-seg/images/cju15wdt3zla10801odjiw7sy.jpg,/Users/ujjwalsinha/Gastrointestinal-Disease-Detection/dataset/kvasir-seg/masks/cju15wdt3zla10801odjiw7sy.jpg,622,529,37651,12721,Yes,1,"polyp: [303,239,564,529]",polyp,622,529
kvasir-seg,cju160wshltz10993i1gmqxbe.jpg,/Users/ujjwalsinha/Gastrointestinal-Disease-Detection/dataset/kvasir-seg/images/cju160wshltz10993i1gmqxbe.jpg,/Users/ujjwalsinha/Gastrointestinal-Disease-Detection/dataset/kvasir-seg/masks/cju160wshltz10993i1gmqxbe.jpg,607,530,28303,8439,Yes,1,"polyp: [422,258,513,383]",polyp,607,530
kvasir-seg,cju16ach3m1da0993r1dq3sn2.jpg,/Users/ujjwalsinha/Gastrointestinal-Disease-Detection/dataset/kvasir-seg/images/cju16ach3m1da0993r1dq3sn2.jpg,/Users/ujjwalsinha/Gastrointestinal-Disease-Detection/dataset/kvasir-seg/masks/cju16ach3m1da0993r1dq3sn2.jpg,616,528,50384,15056,Yes,1,"polyp: [78,160,423,499]",polyp,616,528
kvasir-seg,cju16b6ynq8e40988m8vx0xnj.jpg,/Users/ujjwalsinha/Gastrointestinal-Disease-Detection/dataset/kvasir-seg/images/cju16b6ynq8e40988m8vx0xnj.jpg,/Users/ujjwalsinha/Gastrointestinal-Disease-Detection/dataset/kvasir-seg/masks/cju16b6ynq8e40988m8vx0xnj.jpg,571,530,26999,7583,Yes,1,"polyp: [85,61,175,148]",polyp,571,530
kvasir-seg,cju16d65tzw9d0799ouslsw25.jpg,/Users/ujjwalsinha/Gastrointestinal-Disease-Detection/dataset/kvasir-seg/images/cju16d65tzw9d0799ouslsw25.jpg,/Users/ujjwalsinha/Gastrointestinal-Disease-Detection/dataset/kvasir-seg/masks/cju16d65tzw9d0799ouslsw25.jpg,481,530,18352,7969,Yes,1,"polyp: [245,211,345,369]",polyp,481,530
kvasir-seg,cju16fpvhzypl0799p9phnlx6.jpg,/Users/ujjwalsinha/Gastrointestinal-Disease-Detection/dataset/kvasir-seg/images/cju16fpvhzypl0799p9phnlx6.jpg,/Users/ujjwalsinha/Gastrointestinal-Disease-Detection/dataset/kvasir-seg/masks/cju16fpvhzypl0799p9phnlx6.jpg,626,546,35359,13003,Yes,1,"polyp: [254,186,498,417]",polyp,626,546
kvasir-seg,cju16jgnyzp970878melv7r25.jpg,/Users/ujjwalsinha/Gastrointestinal-Disease-Detection/dataset/kvasir-seg/images/cju16jgnyzp970878melv7r25.jpg,/Users/ujjwalsinha/Gastrointestinal-Disease-Detection/dataset/kvasir-seg/masks/cju16jgnyzp970878melv7r25.jpg,560,529,32884,11477,Yes,1,"polyp: [260,236,505,463]",polyp,560,529
kvasir-seg,cju16whaj0e7n0855q7b6cjkm.jpg,/Users/ujjwalsinha/Gastrointestinal-Disease-Detection/dataset/kvasir-seg/images/cju16whaj0e7n0855q7b6cjkm.jpg,/Users/ujjwalsinha/Gastrointestinal-Disease-Detection/dataset/kvasir-seg/masks/cju16whaj0e7n0855q7b6cjkm.jpg,626,547,36054,20398,Yes,1,"polyp: [56,12,532,377]",polyp,626,547
kvasir-seg,cju171py4qiha0835u8sl59ds.jpg,/Users/ujjwalsinha/Gastrointestinal-Disease-Detection/dataset/kvasir-seg/images/cju171py4qiha0835u8sl59ds.jpg,/Users/ujjwalsinha/Gastrointestinal-Disease-Detection/dataset/kvasir-seg/masks/cju171py4qiha0835u8sl59ds.jpg,616,530,34581,16518,Yes,1,"polyp: [205,0,616,419]",polyp,616,530
kvasir-seg,cju175facms5f0993a5tjikvt.jpg,/Users/ujjwalsinha/Gastrointestinal-Disease-Detection/dataset/kvasir-seg/images/cju175facms5f0993a5tjikvt.jpg,/Users/ujjwalsinha/Gastrointestinal-Disease-Detection/dataset/kvasir-seg/masks/cju175facms5f0993a5tjikvt.jpg,621,528,45570,15545,Yes,1,"polyp: [0,182,438,488]",polyp,621,528
kvasir-seg,cju17bz250pgd0799u1hqkj5u.jpg,/Users/ujjwalsinha/Gastrointestinal-Disease-Detection/dataset/kvasir-seg/images/cju17bz250pgd0799u1hqkj5u.jpg,/Users/ujjwalsinha/Gastrointestinal-Disease-Detection/dataset/kvasir-seg/masks/cju17bz250pgd0799u1hqkj5u.jpg,626,547,37033,12107,Yes,1,"polyp: [259,8,441,274]",polyp,626,547
kvasir-seg,cju17g6ykn1cs0993dww6qdi8.jpg,/Users/ujjwalsinha/Gastrointestinal-Disease-Detection/dataset/kvasir-seg/images/cju17g6ykn1cs0993dww6qdi8.jpg,/Users/ujjwalsinha/Gastrointestinal-Disease-Detection/dataset/kvasir-seg/masks/cju17g6ykn1cs0993dww6qdi8.jpg,605,510,39379,15631,Yes,1,"polyp: [93,123,508,510]",polyp,605,510
kvasir-seg,cju17hw9hr9c5098800fu4u8e.jpg,/Users/ujjwalsinha/Gastrointestinal-Disease-Detection/dataset/kvasir-seg/images/cju17hw9hr9c5098800fu4u8e.jpg,/Users/ujjwalsinha/Gastrointestinal-Disease-Detection/dataset/kvasir-seg/masks/cju17hw9hr9c5098800fu4u8e.jpg,623,528,34574,8066,Yes,1,"polyp: [217,175,340,261]",polyp,623,528
kvasir-seg,cju17otoe119u0799nqcbl8n1.jpg,/Users/ujjwalsinha/Gastrointestinal-Disease-Detection/dataset/kvasir-seg/images/cju17otoe119u0799nqcbl8n1.jpg,/Users/ujjwalsinha/Gastrointestinal-Disease-Detection/dataset/kvasir-seg/masks/cju17otoe119u0799nqcbl8n1.jpg,519,511,37552,16026,Yes,1,"polyp: [12,57,515,510]",polyp,519,511
kvasir-seg,cju17r8il13910799dr2wme2e.jpg,/Users/ujjwalsinha/Gastrointestinal-Disease-Detection/dataset/kvasir-seg/images/cju17r8il13910799dr2wme2e.jpg,/Users/ujjwalsinha/Gastrointestinal-Disease-Detection/dataset/kvasir-seg/masks/cju17r8il13910799dr2wme2e.jpg,622,531,31805,7718,Yes,1,"polyp: [375,203,447,280]",polyp,622,531
kvasir-seg,cju17v6ih0u7808783zcbg1jy.jpg,/Users/ujjwalsinha/Gastrointestinal-Disease-Detection/dataset/kvasir-seg/images/cju17v6ih0u7808783zcbg1jy.jpg,/Users/ujjwalsinha/Gastrointestinal-Disease-Detection/dataset/kvasir-seg/masks/cju17v6ih0u7808783zcbg1jy.jpg,622,528,53451,16181,Yes,1,"polyp: [25,0,361,445]",polyp,622,528
kvasir-seg,cju17x0j4nfc10993y31pvlgs.jpg,/Users/ujjwalsinha/Gastrointestinal-Disease-Detection/dataset/kvasir-seg/images/cju17x0j4nfc10993y31pvlgs.jpg,/Users/ujjwalsinha/Gastrointestinal-Disease-Detection/dataset/kvasir-seg/masks/cju17x0j4nfc10993y31pvlgs.jpg,459,526,23061,12399,Yes,1,"polyp: [0,0,458,525]",polyp,459,526
kvasir-seg,cju17z0qongpa0993de4boim4.jpg,/Users/ujjwalsinha/Gastrointestinal-Disease-Detection/dataset/kvasir-seg/images/cju17z0qongpa0993de4boim4.jpg,/Users/ujjwalsinha/Gastrointestinal-Disease-Detection/dataset/kvasir-seg/masks/cju17z0qongpa0993de4boim4.jpg,622,529,33154,10159,Yes,1,"polyp: [330,270,480,431]",polyp,622,529
kvasir-seg,cju1819curo000988pd5xcqme.jpg,/Users/ujjwalsinha/Gastrointestinal-Disease-Detection/dataset/kvasir-seg/images/cju1819curo000988pd5xcqme.jpg,/Users/ujjwalsinha/Gastrointestinal-Disease-Detection/dataset/kvasir-seg/masks/cju1819curo000988pd5xcqme.jpg,600,529,38960,11291,Yes,1,"polyp: [244,272,475,478]",polyp,600,529
kvasir-seg,cju183od81ff608017ekzif89.jpg,/Users/ujjwalsinha/Gastrointestinal-Disease-Detection/dataset/kvasir-seg/images/cju183od81ff608017ekzif89.jpg,/Users/ujjwalsinha/Gastrointestinal-Disease-Detection/dataset/kvasir-seg/masks/cju183od81ff608017ekzif89.jpg,622,511,32481,14652,Yes,2,"polyp: [385,179,571,399]; polyp: [242,383,421,508]",polyp,622,511
kvasir-seg,cju1871y11d6r0799k6cw4yze.jpg,/Users/ujjwalsinha/Gastrointestinal-Disease-Detection/dataset/kvasir-seg/images/cju1871y11d6r0799k6cw4yze.jpg,/Users/ujjwalsinha/Gastrointestinal-Disease-Detection/dataset/kvasir-seg/masks/cju1871y11d6r0799k6cw4yze.jpg,480,531,24382,10273,Yes,1,"polyp: [0,183,224,421]",polyp,480,531
kvasir-seg,cju18849rrsgr0988p90hkygb.jpg,/Users/ujjwalsinha/Gastrointestinal-Disease-Detection/dataset/kvasir-seg/images/cju18849rrsgr0988p90hkygb.jpg,/Users/ujjwalsinha/Gastrointestinal-Disease-Detection/dataset/kvasir-seg/masks/cju18849rrsgr0988p90hkygb.jpg,619,528,36073,11087,Yes,1,"polyp: [156,122,410,303]",polyp,619,528
kvasir-seg,cju18gzrq18zw0878wbf4ftw6.jpg,/Users/ujjwalsinha/Gastrointestinal-Disease-Detection/dataset/kvasir-seg/images/cju18gzrq18zw0878wbf4ftw6.jpg,/Users/ujjwalsinha/Gastrointestinal-Disease-Detection/dataset/kvasir-seg/masks/cju18gzrq18zw0878wbf4ftw6.jpg,626,546,34580,12098,Yes,1,"polyp: [355,116,593,308]",polyp,626,546
kvasir-seg,cju18ibp219ub08783i6o98g7.jpg,/Users/ujjwalsinha/Gastrointestinal-Disease-Detection/dataset/kvasir-seg/images/cju18ibp219ub08783i6o98g7.jpg,/Users/ujjwalsinha/Gastrointestinal-Disease-Detection/dataset/kvasir-seg/masks/cju18ibp219ub08783i6o98g7.jpg,615,528,37159,7955,Yes,1,"polyp: [455,320,530,432]",polyp,615,528
kvasir-seg,cju18kevfrojc0835bn90f1in.jpg,/Users/ujjwalsinha/Gastrointestinal-Disease-Detection/dataset/kvasir-seg/images/cju18kevfrojc0835bn90f1in.jpg,/Users/ujjwalsinha/Gastrointestinal-Disease-Detection/dataset/kvasir-seg/masks/cju18kevfrojc0835bn90f1in.jpg,621,528,37802,10550,Yes,1,"polyp: [217,332,435,478]",polyp,621,528
kvasir-seg,cju1alwgo30z60855fm3y23sm.jpg,/Users/ujjwalsinha/Gastrointestinal-Disease-Detection/dataset/kvasir-seg/images/cju1alwgo30z60855fm3y23sm.jpg,/Users/ujjwalsinha/Gastrointestinal-Disease-Detection/dataset/kvasir-seg/masks/cju1alwgo30z60855fm3y23sm.jpg,622,529,46007,11765,Yes,1,"polyp: [304,63,491,315]",polyp,622,529
kvasir-seg,cju1amqw6p8pw0993d9gc5crl.jpg,/Users/ujjwalsinha/Gastrointestinal-Disease-Detection/dataset/kvasir-seg/images/cju1amqw6p8pw0993d9gc5crl.jpg,/Users/ujjwalsinha/Gastrointestinal-Disease-Detection/dataset/kvasir-seg/masks/cju1amqw6p8pw0993d9gc5crl.jpg,622,547,29644,8694,Yes,1,"polyp: [350,220,485,310]",polyp,622,547
kvasir-seg,cju1aqqv02qwz0878a5cyhr67.jpg,/Users/ujjwalsinha/Gastrointestinal-Disease-Detection/dataset/kvasir-seg/images/cju1aqqv02qwz0878a5cyhr67.jpg,/Users/ujjwalsinha/Gastrointestinal-Disease-Detection/dataset/kvasir-seg/masks/cju1aqqv02qwz0878a5cyhr67.jpg,626,547,41567,11444,Yes,1,"polyp: [259,291,453,486]",polyp,626,547
kvasir-seg,cju1ats0y372e08011yazcsxm.jpg,/Users/ujjwalsinha/Gastrointestinal-Disease-Detection/dataset/kvasir-seg/images/cju1ats0y372e08011yazcsxm.jpg,/Users/ujjwalsinha/Gastrointestinal-Disease-Detection/dataset/kvasir-seg/masks/cju1ats0y372e08011yazcsxm.jpg,623,528,46742,12447,Yes,1,"polyp: [166,0,374,345]",polyp,623,528
kvasir-seg,cju1b0y2e396p08558ois175d.jpg,/Users/ujjwalsinha/Gastrointestinal-Disease-Detection/dataset/kvasir-seg/images/cju1b0y2e396p08558ois175d.jpg,/Users/ujjwalsinha/Gastrointestinal-Disease-Detection/dataset/kvasir-seg/masks/cju1b0y2e396p08558ois175d.jpg,626,546,28843,9912,Yes,1,"polyp: [248,145,380,308]",polyp,626,546
kvasir-seg,cju1b3zgj3d8e0801kpolea6c.jpg,/Users/ujjwalsinha/Gastrointestinal-Disease-Detection/dataset/kvasir-seg/images/cju1b3zgj3d8e0801kpolea6c.jpg,/Users/ujjwalsinha/Gastrointestinal-Disease-Detection/dataset/kvasir-seg/masks/cju1b3zgj3d8e0801kpolea6c.jpg,601,528,40468,13372,Yes,1,"polyp: [107,184,462,433]",polyp,601,528
kvasir-seg,cju1b75x63ddl0799sdp0i2j3.jpg,/Users/ujjwalsinha/Gastrointestinal-Disease-Detection/dataset/kvasir-seg/images/cju1b75x63ddl0799sdp0i2j3.jpg,/Users/ujjwalsinha/Gastrointestinal-Disease-Detection/dataset/kvasir-seg/masks/cju1b75x63ddl0799sdp0i2j3.jpg,549,530,24904,9808,Yes,1,"polyp: [280,144,415,366]",polyp,549,530
kvasir-seg,cju1bhnfitmge0835ynls0l6b.jpg,/Users/ujjwalsinha/Gastrointestinal-Disease-Detection/dataset/kvasir-seg/images/cju1bhnfitmge0835ynls0l6b.jpg,/Users/ujjwalsinha/Gastrointestinal-Disease-Detection/dataset/kvasir-seg/masks/cju1bhnfitmge0835ynls0l6b.jpg,622,531,25635,10867,Yes,1,"polyp: [372,226,607,389]",polyp,622,531
kvasir-seg,cju1bm8063nmh07996rsjjemq.jpg,/Users/ujjwalsinha/Gastrointestinal-Disease-Detection/dataset/kvasir-seg/images/cju1bm8063nmh07996rsjjemq.jpg,/Users/ujjwalsinha/Gastrointestinal-Disease-Detection/dataset/kvasir-seg/masks/cju1bm8063nmh07996rsjjemq.jpg,607,530,39139,13874,Yes,1,"polyp: [206,15,526,366]",polyp,607,530
kvasir-seg,cju1brhsj3rls0855a1vgdlen.jpg,/Users/ujjwalsinha/Gastrointestinal-Disease-Detection/dataset/kvasir-seg/images/cju1brhsj3rls0855a1vgdlen.jpg,/Users/ujjwalsinha/Gastrointestinal-Disease-Detection/dataset/kvasir-seg/masks/cju1brhsj3rls0855a1vgdlen.jpg,570,530,29872,9094,Yes,1,"polyp: [215,214,352,347]",polyp,570,530
kvasir-seg,cju1c0qb4tzi308355wtsnp0y.jpg,/Users/ujjwalsinha/Gastrointestinal-Disease-Detection/dataset/kvasir-seg/images/cju1c0qb4tzi308355wtsnp0y.jpg,/Users/ujjwalsinha/Gastrointestinal-Disease-Detection/dataset/kvasir-seg/masks/cju1c0qb4tzi308355wtsnp0y.jpg,622,530,29369,16176,Yes,1,"polyp: [120,64,581,461]",polyp,622,530
kvasir-seg,cju1c3218411b08014g9f6gig.jpg,/Users/ujjwalsinha/Gastrointestinal-Disease-Detection/dataset/kvasir-seg/images/cju1c3218411b08014g9f6gig.jpg,/Users/ujjwalsinha/Gastrointestinal-Disease-Detection/dataset/kvasir-seg/masks/cju1c3218411b08014g9f6gig.jpg,626,546,43447,12981,Yes,1,"polyp: [122,0,515,182]",polyp,626,546
kvasir-seg,cju1c4fcu40hl07992b8gj0c8.jpg,/Users/ujjwalsinha/Gastrointestinal-Disease-Detection/dataset/kvasir-seg/images/cju1c4fcu40hl07992b8gj0c8.jpg,/Users/ujjwalsinha/Gastrointestinal-Disease-Detection/dataset/kvasir-seg/masks/cju1c4fcu40hl07992b8gj0c8.jpg,626,546,39038,10159,Yes,1,"polyp: [291,199,457,358]",polyp,626,546
kvasir-seg,cju1c6yfz42md08550zgoz3pw.jpg,/Users/ujjwalsinha/Gastrointestinal-Disease-Detection/dataset/kvasir-seg/images/cju1c6yfz42md08550zgoz3pw.jpg,/Users/ujjwalsinha/Gastrointestinal-Disease-Detection/dataset/kvasir-seg/masks/cju1c6yfz42md08550zgoz3pw.jpg,536,530,26590,11891,Yes,1,"polyp: [99,0,432,279]",polyp,536,530
kvasir-seg,cju1c8ffau5770835g0g343o8.jpg,/Users/ujjwalsinha/Gastrointestinal-Disease-Detection/dataset/kvasir-seg/images/cju1c8ffau5770835g0g343o8.jpg,/Users/ujjwalsinha/Gastrointestinal-Disease-Detection/dataset/kvasir-seg/masks/cju1c8ffau5770835g0g343o8.jpg,622,529,47716,9366,Yes,1,"polyp: [245,283,367,428]",polyp,622,529
kvasir-seg,cju1cbokpuiw70988j4lq1fpi.jpg,/Users/ujjwalsinha/Gastrointestinal-Disease-Detection/dataset/kvasir-seg/images/cju1cbokpuiw70988j4lq1fpi.jpg,/Users/ujjwalsinha/Gastrointestinal-Disease-Detection/dataset/kvasir-seg/masks/cju1cbokpuiw70988j4lq1fpi.jpg,615,529,37870,9737,Yes,1,"polyp: [236,282,368,456]",polyp,615,529
kvasir-seg,cju1cdxvz48hw0801i0fjwcnk.jpg,/Users/ujjwalsinha/Gastrointestinal-Disease-Detection/dataset/kvasir-seg/images/cju1cdxvz48hw0801i0fjwcnk.jpg,/Users/ujjwalsinha/Gastrointestinal-Disease-Detection/dataset/kvasir-seg/masks/cju1cdxvz48hw0801i0fjwcnk.jpg,577,505,30356,9546,Yes,1,"polyp: [303,226,462,393]",polyp,577,505
kvasir-seg,cju1cfhyg48bb0799cl5pr2jh.jpg,/Users/ujjwalsinha/Gastrointestinal-Disease-Detection/dataset/kvasir-seg/images/cju1cfhyg48bb0799cl5pr2jh.jpg,/Users/ujjwalsinha/Gastrointestinal-Disease-Detection/dataset/kvasir-seg/masks/cju1cfhyg48bb0799cl5pr2jh.jpg,626,547,35772,13461,Yes,1,"polyp: [314,39,558,362]",polyp,626,547
kvasir-seg,cju1cj3f0qi5n0993ut8f49rj.jpg,/Users/ujjwalsinha/Gastrointestinal-Disease-Detection/dataset/kvasir-seg/images/cju1cj3f0qi5n0993ut8f49rj.jpg,/Users/ujjwalsinha/Gastrointestinal-Disease-Detection/dataset/kvasir-seg/masks/cju1cj3f0qi5n0993ut8f49rj.jpg,616,530,32978,13966,Yes,1,"polyp: [51,204,364,530]",polyp,616,530
kvasir-seg,cju1cnnziug1l0835yh4ropyg.jpg,/Users/ujjwalsinha/Gastrointestinal-Disease-Detection/dataset/kvasir-seg/images/cju1cnnziug1l0835yh4ropyg.jpg,/Users/ujjwalsinha/Gastrointestinal-Disease-Detection/dataset/kvasir-seg/masks/cju1cnnziug1l0835yh4ropyg.jpg,570,531,35504,13748,Yes,1,"polyp: [190,158,530,432]",polyp,570,531
kvasir-seg,cju1cqc7n4gpy0855jt246k68.jpg,/Users/ujjwalsinha/Gastrointestinal-Disease-Detection/dataset/kvasir-seg/images/cju1cqc7n4gpy0855jt246k68.jpg,/Users/ujjwalsinha/Gastrointestinal-Disease-Detection/dataset/kvasir-seg/masks/cju1cqc7n4gpy0855jt246k68.jpg,616,529,27843,9526,Yes,1,"polyp: [226,352,384,466]",polyp,616,529
kvasir-seg,cju1csmlc4ht10799b8ymmghg.jpg,/Users/ujjwalsinha/Gastrointestinal-Disease-Detection/dataset/kvasir-seg/images/cju1csmlc4ht10799b8ymmghg.jpg,/Users/ujjwalsinha/Gastrointestinal-Disease-Detection/dataset/kvasir-seg/masks/cju1csmlc4ht10799b8ymmghg.jpg,612,546,31286,12581,Yes,1,"polyp: [215,88,465,339]",polyp,612,546
kvasir-seg,cju1cu1u2474n0878tt7v4tdr.jpg,/Users/ujjwalsinha/Gastrointestinal-Disease-Detection/dataset/kvasir-seg/images/cju1cu1u2474n0878tt7v4tdr.jpg,/Users/ujjwalsinha/Gastrointestinal-Disease-Detection/dataset/kvasir-seg/masks/cju1cu1u2474n0878tt7v4tdr.jpg,621,531,31158,9390,Yes,2,"polyp: [462,101,521,197]; polyp: [374,394,429,463]",polyp,621,531
kvasir-seg,cju1cvkfwqrec0993wbp1jlzm.jpg,/Users/ujjwalsinha/Gastrointestinal-Disease-Detection/dataset/kvasir-seg/images/cju1cvkfwqrec0993wbp1jlzm.jpg,/Users/ujjwalsinha/Gastrointestinal-Disease-Detection/dataset/kvasir-seg/masks/cju1cvkfwqrec0993wbp1jlzm.jpg,622,531,24059,9408,Yes,1,"polyp: [240,340,384,474]",polyp,622,531
kvasir-seg,cju1cyjb5qtie0993njqne9m3.jpg,/Users/ujjwalsinha/Gastrointestinal-Disease-Detection/dataset/kvasir-seg/images/cju1cyjb5qtie0993njqne9m3.jpg,/Users/ujjwalsinha/Gastrointestinal-Disease-Detection/dataset/kvasir-seg/masks/cju1cyjb5qtie0993njqne9m3.jpg,626,547,32051,17697,Yes,1,"polyp: [156,4,625,457]",polyp,626,547
kvasir-seg,cju1d31sp4d4k0878r3fr02ul.jpg,/Users/ujjwalsinha/Gastrointestinal-Disease-Detection/dataset/kvasir-seg/images/cju1d31sp4d4k0878r3fr02ul.jpg,/Users/ujjwalsinha/Gastrointestinal-Disease-Detection/dataset/kvasir-seg/masks/cju1d31sp4d4k0878r3fr02ul.jpg,622,529,43978,10803,Yes,1,"polyp: [266,136,458,329]",polyp,622,529
kvasir-seg,cju1d50a94qf50855wsowacrc.jpg,/Users/ujjwalsinha/Gastrointestinal-Disease-Detection/dataset/kvasir-seg/images/cju1d50a94qf50855wsowacrc.jpg,/Users/ujjwalsinha/Gastrointestinal-Disease-Detection/dataset/kvasir-seg/masks/cju1d50a94qf50855wsowacrc.jpg,622,530,29305,10502,Yes,1,"polyp: [357,368,540,530]",polyp,622,530
kvasir-seg,cju1d96gsv62d09881b3wecw2.jpg,/Users/ujjwalsinha/Gastrointestinal-Disease-Detection/dataset/kvasir-seg/images/cju1d96gsv62d09881b3wecw2.jpg,/Users/ujjwalsinha/Gastrointestinal-Disease-Detection/dataset/kvasir-seg/masks/cju1d96gsv62d09881b3wecw2.jpg,622,528,48124,15788,Yes,1,"polyp: [267,0,621,425]",polyp,622,528
kvasir-seg,cju1ddr6p4k5z08780uuuzit2.jpg,/Users/ujjwalsinha/Gastrointestinal-Disease-Detection/dataset/kvasir-seg/images/cju1ddr6p4k5z08780uuuzit2.jpg,/Users/ujjwalsinha/Gastrointestinal-Disease-Detection/dataset/kvasir-seg/masks/cju1ddr6p4k5z08780uuuzit2.jpg,570,531,38149,8542,Yes,1,"polyp: [329,168,415,316]",polyp,570,531
kvasir-seg,cju1dfeupuzlw0835gnxip369.jpg,/Users/ujjwalsinha/Gastrointestinal-Disease-Detection/dataset/kvasir-seg/images/cju1dfeupuzlw0835gnxip369.jpg,/Users/ujjwalsinha/Gastrointestinal-Disease-Detection/dataset/kvasir-seg/masks/cju1dfeupuzlw0835gnxip369.jpg,1348,1070,116783,32502,Yes,1,"polyp: [202,405,557,771]",polyp,1348,1070
kvasir-seg,cju1dg44i4z3w0801nyz4p6zf.jpg,/Users/ujjwalsinha/Gastrointestinal-Disease-Detection/dataset/kvasir-seg/images/cju1dg44i4z3w0801nyz4p6zf.jpg,/Users/ujjwalsinha/Gastrointestinal-Disease-Detection/dataset/kvasir-seg/masks/cju1dg44i4z3w0801nyz4p6zf.jpg,623,528,33340,7603,Yes,1,"polyp: [250,352,281,499]",polyp,623,528
kvasir-seg,cju1dhfok4mhe0878jlgrag0h.jpg,/Users/ujjwalsinha/Gastrointestinal-Disease-Detection/dataset/kvasir-seg/images/cju1dhfok4mhe0878jlgrag0h.jpg,/Users/ujjwalsinha/Gastrointestinal-Disease-Detection/dataset/kvasir-seg/masks/cju1dhfok4mhe0878jlgrag0h.jpg,626,546,31166,10507,Yes,1,"polyp: [201,168,347,364]",polyp,626,546
kvasir-seg,cju1dia8hvc6v098827mgffnm.jpg,/Users/ujjwalsinha/Gastrointestinal-Disease-Detection/dataset/kvasir-seg/images/cju1dia8hvc6v098827mgffnm.jpg,/Users/ujjwalsinha/Gastrointestinal-Disease-Detection/dataset/kvasir-seg/masks/cju1dia8hvc6v098827mgffnm.jpg,616,528,42576,8839,Yes,1,"polyp: [334,263,464,403]",polyp,616,528
kvasir-seg,cju1djtprvd7b0988thwwrg09.jpg,/Users/ujjwalsinha/Gastrointestinal-Disease-Detection/dataset/kvasir-seg/images/cju1djtprvd7b0988thwwrg09.jpg,/Users/ujjwalsinha/Gastrointestinal-Disease-Detection/dataset/kvasir-seg/masks/cju1djtprvd7b0988thwwrg09.jpg,590,529,29887,10274,Yes,1,"polyp: [394,274,528,477]",polyp,590,529
kvasir-seg,cju1dnz61vfp40988e78bkjga.jpg,/Users/ujjwalsinha/Gastrointestinal-Disease-Detection/dataset/kvasir-seg/images/cju1dnz61vfp40988e78bkjga.jpg,/Users/ujjwalsinha/Gastrointestinal-Disease-Detection/dataset/kvasir-seg/masks/cju1dnz61vfp40988e78bkjga.jpg,627,547,36020,11246,Yes,1,"polyp: [377,20,534,238]",polyp,627,547
kvasir-seg,cju1dq3x1vgx109889c7wyirg.jpg,/Users/ujjwalsinha/Gastrointestinal-Disease-Detection/dataset/kvasir-seg/images/cju1dq3x1vgx109889c7wyirg.jpg,/Users/ujjwalsinha/Gastrointestinal-Disease-Detection/dataset/kvasir-seg/masks/cju1dq3x1vgx109889c7wyirg.jpg,617,513,34772,12081,Yes,1,"polyp: [191,101,387,350]",polyp,617,513
kvasir-seg,cju1drnhbrb9409935wi7vkhg.jpg,/Users/ujjwalsinha/Gastrointestinal-Disease-Detection/dataset/kvasir-seg/images/cju1drnhbrb9409935wi7vkhg.jpg,/Users/ujjwalsinha/Gastrointestinal-Disease-Detection/dataset/kvasir-seg/masks/cju1drnhbrb9409935wi7vkhg.jpg,619,529,37082,18008,Yes,1,"polyp: [107,48,610,529]",polyp,619,529
kvasir-seg,cju1efbr0rqxz09931z0lf4vf.jpg,/Users/ujjwalsinha/Gastrointestinal-Disease-Detection/dataset/kvasir-seg/images/cju1efbr0rqxz09931z0lf4vf.jpg,/Users/ujjwalsinha/Gastrointestinal-Disease-Detection/dataset/kvasir-seg/masks/cju1efbr0rqxz09931z0lf4vf.jpg,622,529,40666,9920,Yes,1,"polyp: [349,100,509,262]",polyp,622,529
kvasir-seg,cju1egh885m1l0855ci1lt37c.jpg,/Users/ujjwalsinha/Gastrointestinal-Disease-Detection/dataset/kvasir-seg/images/cju1egh885m1l0855ci1lt37c.jpg,/Users/ujjwalsinha/Gastrointestinal-Disease-Detection/dataset/kvasir-seg/masks/cju1egh885m1l0855ci1lt37c.jpg,566,531,20730,8284,Yes,1,"polyp: [191,321,277,451]",polyp,566,531
kvasir-seg,cju1egx9pvz2n0988eoy8jp23.jpg,/Users/ujjwalsinha/Gastrointestinal-Disease-Detection/dataset/kvasir-seg/images/cju1egx9pvz2n0988eoy8jp23.jpg,/Users/ujjwalsinha/Gastrointestinal-Disease-Detection/dataset/kvasir-seg/masks/cju1egx9pvz2n0988eoy8jp23.jpg,622,529,37415,7768,Yes,1,"polyp: [299,344,372,438]",polyp,622,529
kvasir-seg,cju1ejj7dvqfa0835ra184v5m.jpg,/Users/ujjwalsinha/Gastrointestinal-Disease-Detection/dataset/kvasir-seg/images/cju1ejj7dvqfa0835ra184v5m.jpg,/Users/ujjwalsinha/Gastrointestinal-Disease-Detection/dataset/kvasir-seg/masks/cju1ejj7dvqfa0835ra184v5m.jpg,619,547,37659,14120,Yes,1,"polyp: [272,94,559,425]",polyp,619,547
kvasir-seg,cju1erep75us208553i4ofwwe.jpg,/Users/ujjwalsinha/Gastrointestinal-Disease-Detection/dataset/kvasir-seg/images/cju1erep75us208553i4ofwwe.jpg,/Users/ujjwalsinha/Gastrointestinal-Disease-Detection/dataset/kvasir-seg/masks/cju1erep75us208553i4ofwwe.jpg,613,547,39423,12962,Yes,1,"polyp: [106,213,418,516]",polyp,613,547
kvasir-seg,cju1euant5l960878iqj5vvto.jpg,/Users/ujjwalsinha/Gastrointestinal-Disease-Detection/dataset/kvasir-seg/images/cju1euant5l960878iqj5vvto.jpg,/Users/ujjwalsinha/Gastrointestinal-Disease-Detection/dataset/kvasir-seg/masks/cju1euant5l960878iqj5vvto.jpg,622,531,31387,10243,Yes,1,"polyp: [415,262,558,448]",polyp,622,531
kvasir-seg,cju1euuc65wm00799m4sjdnnn.jpg,/Users/ujjwalsinha/Gastrointestinal-Disease-Detection/dataset/kvasir-seg/images/cju1euuc65wm00799m4sjdnnn.jpg,/Users/ujjwalsinha/Gastrointestinal-Disease-Detection/dataset/kvasir-seg/masks/cju1euuc65wm00799m4sjdnnn.jpg,570,530,28810,8879,Yes,1,"polyp: [164,194,291,322]",polyp,570,530
kvasir-seg,cju1ewnoh5z030855vpex9uzt.jpg,/Users/ujjwalsinha/Gastrointestinal-Disease-Detection/dataset/kvasir-seg/images/cju1ewnoh5z030855vpex9uzt.jpg,/Users/ujjwalsinha/Gastrointestinal-Disease-Detection/dataset/kvasir-seg/masks/cju1ewnoh5z030855vpex9uzt.jpg,622,529,49545,12040,Yes,1,"polyp: [277,109,528,331]",polyp,622,529
kvasir-seg,cju1expq45zst0855rjqwwj4m.jpg,/Users/ujjwalsinha/Gastrointestinal-Disease-Detection/dataset/kvasir-seg/images/cju1expq45zst0855rjqwwj4m.jpg,/Users/ujjwalsinha/Gastrointestinal-Disease-Detection/dataset/kvasir-seg/masks/cju1expq45zst0855rjqwwj4m.jpg,622,529,40484,14863,Yes,1,"polyp: [272,66,598,442]",polyp,622,529
kvasir-seg,cju1f15k3w4ct0835cmde6ypo.jpg,/Users/ujjwalsinha/Gastrointestinal-Disease-Detection/dataset/kvasir-seg/images/cju1f15k3w4ct0835cmde6ypo.jpg,/Users/ujjwalsinha/Gastrointestinal-Disease-Detection/dataset/kvasir-seg/masks/cju1f15k3w4ct0835cmde6ypo.jpg,572,547,38876,12272,Yes,1,"polyp: [257,242,491,492]",polyp,572,547
kvasir-seg,cju1f320ewfyu0988ndz6blh5.jpg,/Users/ujjwalsinha/Gastrointestinal-Disease-Detection/dataset/kvasir-seg/images/cju1f320ewfyu0988ndz6blh5.jpg,/Users/ujjwalsinha/Gastrointestinal-Disease-Detection/dataset/kvasir-seg/masks/cju1f320ewfyu0988ndz6blh5.jpg,571,530,32930,12197,Yes,1,"polyp: [171,299,477,513]",polyp,571,530
kvasir-seg,cju1f5x1164xv08555654c24r.jpg,/Users/ujjwalsinha/Gastrointestinal-Disease-Detection/dataset/kvasir-seg/images/cju1f5x1164xv08555654c24r.jpg,/Users/ujjwalsinha/Gastrointestinal-Disease-Detection/dataset/kvasir-seg/masks/cju1f5x1164xv08555654c24r.jpg,622,530,35417,12438,Yes,1,"polyp: [457,160,622,530]",polyp,622,530
kvasir-seg,cju1f79yhsb5w0993txub59ol.jpg,/Users/ujjwalsinha/Gastrointestinal-Disease-Detection/dataset/kvasir-seg/images/cju1f79yhsb5w0993txub59ol.jpg,/Users/ujjwalsinha/Gastrointestinal-Disease-Detection/dataset/kvasir-seg/masks/cju1f79yhsb5w0993txub59ol.jpg,623,528,48834,7451,Yes,1,"polyp: [443,296,514,366]",polyp,623,528
kvasir-seg,cju1f8w0t65en0799m9oacq0q.jpg,/Users/ujjwalsinha/Gastrointestinal-Disease-Detection/dataset/kvasir-seg/images/cju1f8w0t65en0799m9oacq0q.jpg,/Users/ujjwalsinha/Gastrointestinal-Disease-Detection/dataset/kvasir-seg/masks/cju1f8w0t65en0799m9oacq0q.jpg,622,528,41947,11738,Yes,1,"polyp: [345,79,532,358]",polyp,622,528
kvasir-seg,cju1fb9236a110801yvg0fwju.jpg,/Users/ujjwalsinha/Gastrointestinal-Disease-Detection/dataset/kvasir-seg/images/cju1fb9236a110801yvg0fwju.jpg,/Users/ujjwalsinha/Gastrointestinal-Disease-Detection/dataset/kvasir-seg/masks/cju1fb9236a110801yvg0fwju.jpg,626,547,36309,15525,Yes,1,"polyp: [24,67,406,547]",polyp,626,547
kvasir-seg,cju1ffnjn6ctm08015perkg37.jpg,/Users/ujjwalsinha/Gastrointestinal-Disease-Detection/dataset/kvasir-seg/images/cju1ffnjn6ctm08015perkg37.jpg,/Users/ujjwalsinha/Gastrointestinal-Disease-Detection/dataset/kvasir-seg/masks/cju1ffnjn6ctm08015perkg37.jpg,626,547,33806,14779,Yes,1,"polyp: [331,26,611,410]",polyp,626,547
kvasir-seg,cju1fj6axwfp30835ukhuzhw9.jpg,/Users/ujjwalsinha/Gastrointestinal-Disease-Detection/dataset/kvasir-seg/images/cju1fj6axwfp30835ukhuzhw9.jpg,/Users/ujjwalsinha/Gastrointestinal-Disease-Detection/dataset/kvasir-seg/masks/cju1fj6axwfp30835ukhuzhw9.jpg,576,547,33070,13490,Yes,1,"polyp: [279,8,576,378]",polyp,576,547
kvasir-seg,cju1fjsb4sipq09931lvd8e41.jpg,/Users/ujjwalsinha/Gastrointestinal-Disease-Detection/dataset/kvasir-seg/images/cju1fjsb4sipq09931lvd8e41.jpg,/Users/ujjwalsinha/Gastrointestinal-Disease-Detection/dataset/kvasir-seg/masks/cju1fjsb4sipq09931lvd8e41.jpg,622,530,28867,9871,Yes,1,"polyp: [201,370,388,528]",polyp,622,530
kvasir-seg,cju1fm3id6gl50801r3fok20c.jpg,/Users/ujjwalsinha/Gastrointestinal-Disease-Detection/dataset/kvasir-seg/images/cju1fm3id6gl50801r3fok20c.jpg,/Users/ujjwalsinha/Gastrointestinal-Disease-Detection/dataset/kvasir-seg/masks/cju1fm3id6gl50801r3fok20c.jpg,622,531,26473,8678,Yes,1,"polyp: [278,204,390,305]",polyp,622,531
kvasir-seg,cju1fmsyf6gxb0801cimx2gle.jpg,/Users/ujjwalsinha/Gastrointestinal-Disease-Detection/dataset/kvasir-seg/images/cju1fmsyf6gxb0801cimx2gle.jpg,/Users/ujjwalsinha/Gastrointestinal-Disease-Detection/dataset/kvasir-seg/masks/cju1fmsyf6gxb0801cimx2gle.jpg,570,531,38057,10318,Yes,1,"polyp: [265,316,467,486]",polyp,570,531
kvasir-seg,cju1fr4etsmrr09933u4t4aql.jpg,/Users/ujjwalsinha/Gastrointestinal-Disease-Detection/dataset/kvasir-seg/images/cju1fr4etsmrr09933u4t4aql.jpg,/Users/ujjwalsinha/Gastrointestinal-Disease-Detection/dataset/kvasir-seg/masks/cju1fr4etsmrr09933u4t4aql.jpg,570,521,26899,13738,Yes,1,"polyp: [228,166,543,521]",polyp,570,521
kvasir-seg,cju1ftaji6isw0855108yqcse.jpg,/Users/ujjwalsinha/Gastrointestinal-Disease-Detection/dataset/kvasir-seg/images/cju1ftaji6isw0855108yqcse.jpg,/Users/ujjwalsinha/Gastrointestinal-Disease-Detection/dataset/kvasir-seg/masks/cju1ftaji6isw0855108yqcse.jpg,562,502,28316,11653,Yes,1,"polyp: [287,126,529,350]",polyp,562,502
kvasir-seg,cju1fuoa4wmc50835qfd11sp9.jpg,/Users/ujjwalsinha/Gastrointestinal-Disease-Detection/dataset/kvasir-seg/images/cju1fuoa4wmc50835qfd11sp9.jpg,/Users/ujjwalsinha/Gastrointestinal-Disease-Detection/dataset/kvasir-seg/masks/cju1fuoa4wmc50835qfd11sp9.jpg,621,528,27677,9783,Yes,1,"polyp: [489,146,621,407]",polyp,621,528
kvasir-seg,cju1fyb1d69et0878muzdak9u.jpg,/Users/ujjwalsinha/Gastrointestinal-Disease-Detection/dataset/kvasir-seg/images/cju1fyb1d69et0878muzdak9u.jpg,/Users/ujjwalsinha/Gastrointestinal-Disease-Detection/dataset/kvasir-seg/masks/cju1fyb1d69et0878muzdak9u.jpg,622,528,48180,11547,Yes,1,"polyp: [209,116,369,397]",polyp,622,528
kvasir-seg,cju1g20bdwq6u0835e16xugcd.jpg,/Users/ujjwalsinha/Gastrointestinal-Disease-Detection/dataset/kvasir-seg/images/cju1g20bdwq6u0835e16xugcd.jpg,/Users/ujjwalsinha/Gastrointestinal-Disease-Detection/dataset/kvasir-seg/masks/cju1g20bdwq6u0835e16xugcd.jpg,622,531,32115,13406,Yes,1,"polyp: [278,120,510,478]",polyp,622,531
kvasir-seg,cju1g4nsb6ngy0799l4ezm8ab.jpg,/Users/ujjwalsinha/Gastrointestinal-Disease-Detection/dataset/kvasir-seg/images/cju1g4nsb6ngy0799l4ezm8ab.jpg,/Users/ujjwalsinha/Gastrointestinal-Disease-Detection/dataset/kvasir-seg/masks/cju1g4nsb6ngy0799l4ezm8ab.jpg,568,529,35162,10190,Yes,1,"polyp: [229,248,434,440]",polyp,568,529
kvasir-seg,cju1gghyjwxt80835vx0wgxw0.jpg,/Users/ujjwalsinha/Gastrointestinal-Disease-Detection/dataset/kvasir-seg/images/cju1gghyjwxt80835vx0wgxw0.jpg,/Users/ujjwalsinha/Gastrointestinal-Disease-Detection/dataset/kvasir-seg/masks/cju1gghyjwxt80835vx0wgxw0.jpg,621,529,29478,14411,Yes,1,"polyp: [159,127,493,416]",polyp,621,529
kvasir-seg,cju1gi7jlwyld0835cdf6g6qz.jpg,/Users/ujjwalsinha/Gastrointestinal-Disease-Detection/dataset/kvasir-seg/images/cju1gi7jlwyld0835cdf6g6qz.jpg,/Users/ujjwalsinha/Gastrointestinal-Disease-Detection/dataset/kvasir-seg/masks/cju1gi7jlwyld0835cdf6g6qz.jpg,611,529,33906,9916,Yes,1,"polyp: [212,137,366,271]",polyp,611,529
kvasir-seg,cju1gkndf6yi10801o1qnje19.jpg,/Users/ujjwalsinha/Gastrointestinal-Disease-Detection/dataset/kvasir-seg/images/cju1gkndf6yi10801o1qnje19.jpg,/Users/ujjwalsinha/Gastrointestinal-Disease-Detection/dataset/kvasir-seg/masks/cju1gkndf6yi10801o1qnje19.jpg,623,528,45886,11569,Yes,1,"polyp: [35,203,289,404]",polyp,623,528
kvasir-seg,cju1gv7106qd008784gk603mg.jpg,/Users/ujjwalsinha/Gastrointestinal-Disease-Detection/dataset/kvasir-seg/images/cju1gv7106qd008784gk603mg.jpg,/Users/ujjwalsinha/Gastrointestinal-Disease-Detection/dataset/kvasir-seg/masks/cju1gv7106qd008784gk603mg.jpg,622,531,37883,12703,Yes,1,"polyp: [377,14,603,317]",polyp,622,531
kvasir-seg,cju1h5w4wxajx0835mc954kxy.jpg,/Users/ujjwalsinha/Gastrointestinal-Disease-Detection/dataset/kvasir-seg/images/cju1h5w4wxajx0835mc954kxy.jpg,/Users/ujjwalsinha/Gastrointestinal-Disease-Detection/dataset/kvasir-seg/masks/cju1h5w4wxajx0835mc954kxy.jpg,622,528,46241,10844,Yes,1,"polyp: [151,100,320,336]",polyp,622,528
kvasir-seg,cju1h89h6xbnx08352k2790o9.jpg,/Users/ujjwalsinha/Gastrointestinal-Disease-Detection/dataset/kvasir-seg/images/cju1h89h6xbnx08352k2790o9.jpg,/Users/ujjwalsinha/Gastrointestinal-Disease-Detection/dataset/kvasir-seg/masks/cju1h89h6xbnx08352k2790o9.jpg,570,531,33822,10050,Yes,1,"polyp: [178,227,359,410]",polyp,570,531
kvasir-seg,cju1haab178i70799tk9z8y8x.jpg,/Users/ujjwalsinha/Gastrointestinal-Disease-Detection/dataset/kvasir-seg/images/cju1haab178i70799tk9z8y8x.jpg,/Users/ujjwalsinha/Gastrointestinal-Disease-Detection/dataset/kvasir-seg/masks/cju1haab178i70799tk9z8y8x.jpg,525,531,26001,10569,Yes,1,"polyp: [213,270,406,483]",polyp,525,531
kvasir-seg,cju1hhj6mxfp90835n3wofrap.jpg,/Users/ujjwalsinha/Gastrointestinal-Disease-Detection/dataset/kvasir-seg/images/cju1hhj6mxfp90835n3wofrap.jpg,/Users/ujjwalsinha/Gastrointestinal-Disease-Detection/dataset/kvasir-seg/masks/cju1hhj6mxfp90835n3wofrap.jpg,622,530,29206,9341,Yes,1,"polyp: [229,117,328,300]",polyp,622,530
kvasir-seg,cju1hirfi7ekp0855q0vgm9qq.jpg,/Users/ujjwalsinha/Gastrointestinal-Disease-Detection/dataset/kvasir-seg/images/cju1hirfi7ekp0855q0vgm9qq.jpg,/Users/ujjwalsinha/Gastrointestinal-Disease-Detection/dataset/kvasir-seg/masks/cju1hirfi7ekp0855q0vgm9qq.jpg,605,529,36751,9404,Yes,1,"polyp: [253,222,390,369]",polyp,605,529
kvasir-seg,cju1hmff8tkp809931jps6fbr.jpg,/Users/ujjwalsinha/Gastrointestinal-Disease-Detection/dataset/kvasir-seg/images/cju1hmff8tkp809931jps6fbr.jpg,/Users/ujjwalsinha/Gastrointestinal-Disease-Detection/dataset/kvasir-seg/masks/cju1hmff8tkp809931jps6fbr.jpg,587,530,39001,17013,Yes,1,"polyp: [137,148,584,530]",polyp,587,530
kvasir-seg,cju1hp9i2xu8e0988u2dazk7m.jpg,/Users/ujjwalsinha/Gastrointestinal-Disease-Detection/dataset/kvasir-seg/images/cju1hp9i2xu8e0988u2dazk7m.jpg,/Users/ujjwalsinha/Gastrointestinal-Disease-Detection/dataset/kvasir-seg/masks/cju1hp9i2xu8e0988u2dazk7m.jpg,490,531,23928,10434,Yes,1,"polyp: [244,103,466,314]",polyp,490,531
kvasir-seg,cju1hs0za7jha0855vj0mdrjt.jpg,/Users/ujjwalsinha/Gastrointestinal-Disease-Detection/dataset/kvasir-seg/images/cju1hs0za7jha0855vj0mdrjt.jpg,/Users/ujjwalsinha/Gastrointestinal-Disease-Detection/dataset/kvasir-seg/masks/cju1hs0za7jha0855vj0mdrjt.jpg,571,531,34863,11561,Yes,1,"polyp: [185,183,431,465]",polyp,571,531
kvasir-seg,cju1hyolc7aqu0878rrkfn1lr.jpg,/Users/ujjwalsinha/Gastrointestinal-Disease-Detection/dataset/kvasir-seg/images/cju1hyolc7aqu0878rrkfn1lr.jpg,/Users/ujjwalsinha/Gastrointestinal-Disease-Detection/dataset/kvasir-seg/masks/cju1hyolc7aqu0878rrkfn1lr.jpg,1348,1070,106806,33133,Yes,1,"polyp: [121,256,503,650]",polyp,1348,1070
kvasir-seg,cju2hdr06v2bq0799mbm3bks1.jpg,/Users/ujjwalsinha/Gastrointestinal-Disease-Detection/dataset/kvasir-seg/images/cju2hdr06v2bq0799mbm3bks1.jpg,/Users/ujjwalsinha/Gastrointestinal-Disease-Detection/dataset/kvasir-seg/masks/cju2hdr06v2bq0799mbm3bks1.jpg,621,530,26115,12375,Yes,1,"polyp: [341,8,621,415]",polyp,621,530
kvasir-seg,cju2hewssldzx0835ep795xu0.jpg,/Users/ujjwalsinha/Gastrointestinal-Disease-Detection/dataset/kvasir-seg/images/cju2hewssldzx0835ep795xu0.jpg,/Users/ujjwalsinha/Gastrointestinal-Disease-Detection/dataset/kvasir-seg/masks/cju2hewssldzx0835ep795xu0.jpg,576,530,28096,8836,Yes,1,"polyp: [345,201,465,351]",polyp,576,530
kvasir-seg,cju2hfqnmhisa0993gpleeldd.jpg,/Users/ujjwalsinha/Gastrointestinal-Disease-Detection/dataset/kvasir-seg/images/cju2hfqnmhisa0993gpleeldd.jpg,/Users/ujjwalsinha/Gastrointestinal-Disease-Detection/dataset/kvasir-seg/masks/cju2hfqnmhisa0993gpleeldd.jpg,621,530,32134,9020,Yes,2,"polyp: [244,231,317,310]; polyp: [428,391,474,469]",polyp,621,530
kvasir-seg,cju2hgsptlfam0835o3b59h1o.jpg,/Users/ujjwalsinha/Gastrointestinal-Disease-Detection/dataset/kvasir-seg/images/cju2hgsptlfam0835o3b59h1o.jpg,/Users/ujjwalsinha/Gastrointestinal-Disease-Detection/dataset/kvasir-seg/masks/cju2hgsptlfam0835o3b59h1o.jpg,530,528,33628,7596,Yes,1,"polyp: [268,263,357,372]",polyp,530,528
kvasir-seg,cju2hjrqcvi2j0801bx1i6gxg.jpg,/Users/ujjwalsinha/Gastrointestinal-Disease-Detection/dataset/kvasir-seg/images/cju2hjrqcvi2j0801bx1i6gxg.jpg,/Users/ujjwalsinha/Gastrointestinal-Disease-Detection/dataset/kvasir-seg/masks/cju2hjrqcvi2j0801bx1i6gxg.jpg,599,531,34211,8628,Yes,2,"polyp: [261,61,308,108]; polyp: [312,372,388,435]",polyp,599,531
kvasir-seg,cju2hlm19vjjf0801o69qnber.jpg,/Users/ujjwalsinha/Gastrointestinal-Disease-Detection/dataset/kvasir-seg/images/cju2hlm19vjjf0801o69qnber.jpg,/Users/ujjwalsinha/Gastrointestinal-Disease-Detection/dataset/kvasir-seg/masks/cju2hlm19vjjf0801o69qnber.jpg,570,530,28756,11684,Yes,1,"polyp: [50,47,274,322]",polyp,570,530
kvasir-seg,cju2hos57llxm08359g92p6jj.jpg,/Users/ujjwalsinha/Gastrointestinal-Disease-Detection/dataset/kvasir-seg/images/cju2hos57llxm08359g92p6jj.jpg,/Users/ujjwalsinha/Gastrointestinal-Disease-Detection/dataset/kvasir-seg/masks/cju2hos57llxm08359g92p6jj.jpg,622,529,43347,12307,Yes,1,"polyp: [350,130,565,414]",polyp,622,529
kvasir-seg,cju2hqt33lmra0988fr5ijv8j.jpg,/Users/ujjwalsinha/Gastrointestinal-Disease-Detection/dataset/kvasir-seg/images/cju2hqt33lmra0988fr5ijv8j.jpg,/Users/ujjwalsinha/Gastrointestinal-Disease-Detection/dataset/kvasir-seg/masks/cju2hqt33lmra0988fr5ijv8j.jpg,602,528,37907,12092,Yes,1,"polyp: [249,226,464,522]",polyp,602,528
kvasir-seg,cju2htabevq9108015qjei0x7.jpg,/Users/ujjwalsinha/Gastrointestinal-Disease-Detection/dataset/kvasir-seg/images/cju2htabevq9108015qjei0x7.jpg,/Users/ujjwalsinha/Gastrointestinal-Disease-Detection/dataset/kvasir-seg/masks/cju2htabevq9108015qjei0x7.jpg,332,487,14665,11894,Yes,1,"polyp: [0,37,300,415]",polyp,332,487
kvasir-seg,cju2hugv9vget0799hhk7ksvg.jpg,/Users/ujjwalsinha/Gastrointestinal-Disease-Detection/dataset/kvasir-seg/images/cju2hugv9vget0799hhk7ksvg.jpg,/Users/ujjwalsinha/Gastrointestinal-Disease-Detection/dataset/kvasir-seg/masks/cju2hugv9vget0799hhk7ksvg.jpg,613,529,40795,8097,Yes,1,"polyp: [305,150,391,232]",polyp,613,529
kvasir-seg,cju2hw5gjlr5h0988so2qqres.jpg,/Users/ujjwalsinha/Gastrointestinal-Disease-Detection/dataset/kvasir-seg/images/cju2hw5gjlr5h0988so2qqres.jpg,/Users/ujjwalsinha/Gastrointestinal-Disease-Detection/dataset/kvasir-seg/masks/cju2hw5gjlr5h0988so2qqres.jpg,621,530,34580,12795,Yes,1,"polyp: [170,127,454,421]",polyp,621,530
kvasir-seg,cju2hx006vidl0799igm81vmh.jpg,/Users/ujjwalsinha/Gastrointestinal-Disease-Detection/dataset/kvasir-seg/images/cju2hx006vidl0799igm81vmh.jpg,/Users/ujjwalsinha/Gastrointestinal-Disease-Detection/dataset/kvasir-seg/masks/cju2hx006vidl0799igm81vmh.jpg,622,528,35962,8469,Yes,1,"polyp: [337,152,446,259]",polyp,622,528
kvasir-seg,cju2i03ptvkiu0799xbbd4det.jpg,/Users/ujjwalsinha/Gastrointestinal-Disease-Detection/dataset/kvasir-seg/images/cju2i03ptvkiu0799xbbd4det.jpg,/Users/ujjwalsinha/Gastrointestinal-Disease-Detection/dataset/kvasir-seg/masks/cju2i03ptvkiu0799xbbd4det.jpg,600,528,35844,10855,Yes,1,"polyp: [292,125,459,368]",polyp,600,528
kvasir-seg,cju2i3hzclw3o0988rrgh911i.jpg,/Users/ujjwalsinha/Gastrointestinal-Disease-Detection/dataset/kvasir-seg/images/cju2i3hzclw3o0988rrgh911i.jpg,/Users/ujjwalsinha/Gastrointestinal-Disease-Detection/dataset/kvasir-seg/masks/cju2i3hzclw3o0988rrgh911i.jpg,598,531,35344,14081,Yes,1,"polyp: [67,144,452,531]",polyp,598,531
kvasir-seg,cju2i6acqvo6l0799u20fift8.jpg,/Users/ujjwalsinha/Gastrointestinal-Disease-Detection/dataset/kvasir-seg/images/cju2i6acqvo6l0799u20fift8.jpg,/Users/ujjwalsinha/Gastrointestinal-Disease-Detection/dataset/kvasir-seg/masks/cju2i6acqvo6l0799u20fift8.jpg,623,546,37301,12472,Yes,1,"polyp: [160,180,392,477]",polyp,623,546
kvasir-seg,cju2i8br1vqtd08784u6vmcjk.jpg,/Users/ujjwalsinha/Gastrointestinal-Disease-Detection/dataset/kvasir-seg/images/cju2i8br1vqtd08784u6vmcjk.jpg,/Users/ujjwalsinha/Gastrointestinal-Disease-Detection/dataset/kvasir-seg/masks/cju2i8br1vqtd08784u6vmcjk.jpg,622,531,31648,13150,Yes,1,"polyp: [202,279,552,523]",polyp,622,531
kvasir-seg,cju2iatlki5u309930zmgkv6h.jpg,/Users/ujjwalsinha/Gastrointestinal-Disease-Detection/dataset/kvasir-seg/images/cju2iatlki5u309930zmgkv6h.jpg,/Users/ujjwalsinha/Gastrointestinal-Disease-Detection/dataset/kvasir-seg/masks/cju2iatlki5u309930zmgkv6h.jpg,621,522,34826,15480,Yes,1,"polyp: [297,105,613,522]",polyp,621,522
kvasir-seg,cju2igw4gvxds0878808qj398.jpg,/Users/ujjwalsinha/Gastrointestinal-Disease-Detection/dataset/kvasir-seg/images/cju2igw4gvxds0878808qj398.jpg,/Users/ujjwalsinha/Gastrointestinal-Disease-Detection/dataset/kvasir-seg/masks/cju2igw4gvxds0878808qj398.jpg,626,546,41448,18561,Yes,1,"polyp: [0,0,535,545]",polyp,626,546
kvasir-seg,cju2ij9uiic2l09933ljiv6gm.jpg,/Users/ujjwalsinha/Gastrointestinal-Disease-Detection/dataset/kvasir-seg/images/cju2ij9uiic2l09933ljiv6gm.jpg,/Users/ujjwalsinha/Gastrointestinal-Disease-Detection/dataset/kvasir-seg/masks/cju2ij9uiic2l09933ljiv6gm.jpg,617,530,30363,10214,Yes,1,"polyp: [185,248,385,371]",polyp,617,530
kvasir-seg,cju2lberzkdzm09938cl40pog.jpg,/Users/ujjwalsinha/Gastrointestinal-Disease-Detection/dataset/kvasir-seg/images/cju2lberzkdzm09938cl40pog.jpg,/Users/ujjwalsinha/Gastrointestinal-Disease-Detection/dataset/kvasir-seg/masks/cju2lberzkdzm09938cl40pog.jpg,605,528,32658,14217,Yes,1,"polyp: [63,192,461,457]",polyp,605,528
kvasir-seg,cju2lcyfgkf5809932fn9gucn.jpg,/Users/ujjwalsinha/Gastrointestinal-Disease-Detection/dataset/kvasir-seg/images/cju2lcyfgkf5809932fn9gucn.jpg,/Users/ujjwalsinha/Gastrointestinal-Disease-Detection/dataset/kvasir-seg/masks/cju2lcyfgkf5809932fn9gucn.jpg,571,530,36241,9596,Yes,1,"polyp: [218,142,394,290]",polyp,571,530
kvasir-seg,cju2lejzcy4pc0878c9rlonot.jpg,/Users/ujjwalsinha/Gastrointestinal-Disease-Detection/dataset/kvasir-seg/images/cju2lejzcy4pc0878c9rlonot.jpg,/Users/ujjwalsinha/Gastrointestinal-Disease-Detection/dataset/kvasir-seg/masks/cju2lejzcy4pc0878c9rlonot.jpg,571,530,47074,13616,Yes,1,"polyp: [208,228,554,499]",polyp,571,530
kvasir-seg,cju2lyynuymli0855g7fxgbhe.jpg,/Users/ujjwalsinha/Gastrointestinal-Disease-Detection/dataset/kvasir-seg/images/cju2lyynuymli0855g7fxgbhe.jpg,/Users/ujjwalsinha/Gastrointestinal-Disease-Detection/dataset/kvasir-seg/masks/cju2lyynuymli0855g7fxgbhe.jpg,612,519,24478,9536,Yes,1,"polyp: [274,172,417,329]",polyp,612,519
kvasir-seg,cju2lz8vqktne0993fuym6drw.jpg,/Users/ujjwalsinha/Gastrointestinal-Disease-Detection/dataset/kvasir-seg/images/cju2lz8vqktne0993fuym6drw.jpg,/Users/ujjwalsinha/Gastrointestinal-Disease-Detection/dataset/kvasir-seg/masks/cju2lz8vqktne0993fuym6drw.jpg,613,531,36646,10183,Yes,1,"polyp: [244,339,418,498]",polyp,613,531
kvasir-seg,cju2m56cryvqd0801gtn2yp8t.jpg,/Users/ujjwalsinha/Gastrointestinal-Disease-Detection/dataset/kvasir-seg/images/cju2m56cryvqd0801gtn2yp8t.jpg,/Users/ujjwalsinha/Gastrointestinal-Disease-Detection/dataset/kvasir-seg/masks/cju2m56cryvqd0801gtn2yp8t.jpg,616,546,37530,9244,Yes,1,"polyp: [61,169,192,310]",polyp,616,546
kvasir-seg,cju2m71z2ywwv080131bcrsd3.jpg,/Users/ujjwalsinha/Gastrointestinal-Disease-Detection/dataset/kvasir-seg/images/cju2m71z2ywwv080131bcrsd3.jpg,/Users/ujjwalsinha/Gastrointestinal-Disease-Detection/dataset/kvasir-seg/masks/cju2m71z2ywwv080131bcrsd3.jpg,570,531,27689,10361,Yes,1,"polyp: [194,283,382,492]",polyp,570,531
kvasir-seg,cju2ma647l0nj0993ot4deq2q.jpg,/Users/ujjwalsinha/Gastrointestinal-Disease-Detection/dataset/kvasir-seg/images/cju2ma647l0nj0993ot4deq2q.jpg,/Users/ujjwalsinha/Gastrointestinal-Disease-Detection/dataset/kvasir-seg/masks/cju2ma647l0nj0993ot4deq2q.jpg,621,547,34205,13477,Yes,2,"polyp: [288,169,459,388]; polyp: [229,424,421,547]",polyp,621,547
kvasir-seg,cju2mfjndoz700988b9lc3zeq.jpg,/Users/ujjwalsinha/Gastrointestinal-Disease-Detection/dataset/kvasir-seg/images/cju2mfjndoz700988b9lc3zeq.jpg,/Users/ujjwalsinha/Gastrointestinal-Disease-Detection/dataset/kvasir-seg/masks/cju2mfjndoz700988b9lc3zeq.jpg,622,531,29472,11584,Yes,1,"polyp: [277,99,489,321]",polyp,622,531
kvasir-seg,cju2mh8t6p07008350e01tx2a.jpg,/Users/ujjwalsinha/Gastrointestinal-Disease-Detection/dataset/kvasir-seg/images/cju2mh8t6p07008350e01tx2a.jpg,/Users/ujjwalsinha/Gastrointestinal-Disease-Detection/dataset/kvasir-seg/masks/cju2mh8t6p07008350e01tx2a.jpg,588,528,48337,9734,Yes,1,"polyp: [250,158,403,334]",polyp,588,528
kvasir-seg,cju2nbdpmlmcj0993s1cht0dz.jpg,/Users/ujjwalsinha/Gastrointestinal-Disease-Detection/dataset/kvasir-seg/images/cju2nbdpmlmcj0993s1cht0dz.jpg,/Users/ujjwalsinha/Gastrointestinal-Disease-Detection/dataset/kvasir-seg/masks/cju2nbdpmlmcj0993s1cht0dz.jpg,584,530,30475,15116,Yes,1,"polyp: [172,169,538,500]",polyp,584,530
kvasir-seg,cju2nd7l7z98o0799gfjvyfmw.jpg,/Users/ujjwalsinha/Gastrointestinal-Disease-Detection/dataset/kvasir-seg/images/cju2nd7l7z98o0799gfjvyfmw.jpg,/Users/ujjwalsinha/Gastrointestinal-Disease-Detection/dataset/kvasir-seg/masks/cju2nd7l7z98o0799gfjvyfmw.jpg,1348,1070,123511,36148,Yes,1,"polyp: [546,427,1132,966]",polyp,1348,1070
kvasir-seg,cju2nfnvxzdkd0878399axlco.jpg,/Users/ujjwalsinha/Gastrointestinal-Disease-Detection/dataset/kvasir-seg/images/cju2nfnvxzdkd0878399axlco.jpg,/Users/ujjwalsinha/Gastrointestinal-Disease-Detection/dataset/kvasir-seg/masks/cju2nfnvxzdkd0878399axlco.jpg,598,546,30831,12434,Yes,1,"polyp: [64,168,375,369]",polyp,598,546
kvasir-seg,cju2nguelpmlj0835rojdn097.jpg,/Users/ujjwalsinha/Gastrointestinal-Disease-Detection/dataset/kvasir-seg/images/cju2nguelpmlj0835rojdn097.jpg,/Users/ujjwalsinha/Gastrointestinal-Disease-Detection/dataset/kvasir-seg/masks/cju2nguelpmlj0835rojdn097.jpg,591,529,40642,12771,Yes,1,"polyp: [228,237,483,524]",polyp,591,529
kvasir-seg,cju2nnqrqzp580855z8mhzgd6.jpg,/Users/ujjwalsinha/Gastrointestinal-Disease-Detection/dataset/kvasir-seg/images/cju2nnqrqzp580855z8mhzgd6.jpg,/Users/ujjwalsinha/Gastrointestinal-Disease-Detection/dataset/kvasir-seg/masks/cju2nnqrqzp580855z8mhzgd6.jpg,569,518,31486,18819,Yes,1,"polyp: [0,0,568,517]",polyp,569,518
kvasir-seg,cju2np2k9zi3v079992ypxqkn.jpg,/Users/ujjwalsinha/Gastrointestinal-Disease-Detection/dataset/kvasir-seg/images/cju2np2k9zi3v079992ypxqkn.jpg,/Users/ujjwalsinha/Gastrointestinal-Disease-Detection/dataset/kvasir-seg/masks/cju2np2k9zi3v079992ypxqkn.jpg,603,531,36614,12286,Yes,1,"polyp: [202,254,472,466]",polyp,603,531
kvasir-seg,cju2nqapmzvk20801f9us40dx.jpg,/Users/ujjwalsinha/Gastrointestinal-Disease-Detection/dataset/kvasir-seg/images/cju2nqapmzvk20801f9us40dx.jpg,/Users/ujjwalsinha/Gastrointestinal-Disease-Detection/dataset/kvasir-seg/masks/cju2nqapmzvk20801f9us40dx.jpg,626,547,36943,14812,Yes,2,"polyp: [41,117,245,362]; polyp: [255,453,376,547]",polyp,626,547
kvasir-seg,cju2nsmwjlzyl0993jl80chvz.jpg,/Users/ujjwalsinha/Gastrointestinal-Disease-Detection/dataset/kvasir-seg/images/cju2nsmwjlzyl0993jl80chvz.jpg,/Users/ujjwalsinha/Gastrointestinal-Disease-Detection/dataset/kvasir-seg/masks/cju2nsmwjlzyl0993jl80chvz.jpg,625,547,34120,10185,Yes,1,"polyp: [217,233,365,381]",polyp,625,547
kvasir-seg,cju2ntxtdzlvu0799xl3j9pan.jpg,/Users/ujjwalsinha/Gastrointestinal-Disease-Detection/dataset/kvasir-seg/images/cju2ntxtdzlvu0799xl3j9pan.jpg,/Users/ujjwalsinha/Gastrointestinal-Disease-Detection/dataset/kvasir-seg/masks/cju2ntxtdzlvu0799xl3j9pan.jpg,626,547,37972,9817,Yes,1,"polyp: [332,357,484,462]",polyp,626,547
kvasir-seg,cju2nyc5f02m40801ojqbtiea.jpg,/Users/ujjwalsinha/Gastrointestinal-Disease-Detection/dataset/kvasir-seg/images/cju2nyc5f02m40801ojqbtiea.jpg,/Users/ujjwalsinha/Gastrointestinal-Disease-Detection/dataset/kvasir-seg/masks/cju2nyc5f02m40801ojqbtiea.jpg,622,531,27969,10699,Yes,1,"polyp: [228,326,441,531]",polyp,622,531
kvasir-seg,cju2oi8sq0i2y0801mektzvw8.jpg,/Users/ujjwalsinha/Gastrointestinal-Disease-Detection/dataset/kvasir-seg/images/cju2oi8sq0i2y0801mektzvw8.jpg,/Users/ujjwalsinha/Gastrointestinal-Disease-Detection/dataset/kvasir-seg/masks/cju2oi8sq0i2y0801mektzvw8.jpg,1348,1070,138015,56590,Yes,1,"polyp: [0,0,1347,1069]",polyp,1348,1070
kvasir-seg,cju2okvco06xc0799kxe5n1qh.jpg,/Users/ujjwalsinha/Gastrointestinal-Disease-Detection/dataset/kvasir-seg/images/cju2okvco06xc0799kxe5n1qh.jpg,/Users/ujjwalsinha/Gastrointestinal-Disease-Detection/dataset/kvasir-seg/masks/cju2okvco06xc0799kxe5n1qh.jpg,577,530,30682,15588,Yes,1,"polyp: [130,84,554,420]",polyp,577,530
kvasir-seg,cju2omjpeqj5a0988pjdlb8l1.jpg,/Users/ujjwalsinha/Gastrointestinal-Disease-Detection/dataset/kvasir-seg/images/cju2omjpeqj5a0988pjdlb8l1.jpg,/Users/ujjwalsinha/Gastrointestinal-Disease-Detection/dataset/kvasir-seg/masks/cju2omjpeqj5a0988pjdlb8l1.jpg,566,530,24972,13908,Yes,1,"polyp: [20,135,346,513]",polyp,566,530
kvasir-seg,cju2oo0wh0bqy0878biujeyhe.jpg,/Users/ujjwalsinha/Gastrointestinal-Disease-Detection/dataset/kvasir-seg/images/cju2oo0wh0bqy0878biujeyhe.jpg,/Users/ujjwalsinha/Gastrointestinal-Disease-Detection/dataset/kvasir-seg/masks/cju2oo0wh0bqy0878biujeyhe.jpg,621,530,26557,10631,Yes,1,"polyp: [286,167,481,360]",polyp,621,530
kvasir-seg,cju2oq5570avm079959o20op1.jpg,/Users/ujjwalsinha/Gastrointestinal-Disease-Detection/dataset/kvasir-seg/images/cju2oq5570avm079959o20op1.jpg,/Users/ujjwalsinha/Gastrointestinal-Disease-Detection/dataset/kvasir-seg/masks/cju2oq5570avm079959o20op1.jpg,626,547,34696,12029,Yes,1,"polyp: [185,329,581,547]",polyp,626,547
kvasir-seg,cju2osuru0ki00855txo0n3uu.jpg,/Users/ujjwalsinha/Gastrointestinal-Disease-Detection/dataset/kvasir-seg/images/cju2osuru0ki00855txo0n3uu.jpg,/Users/ujjwalsinha/Gastrointestinal-Disease-Detection/dataset/kvasir-seg/masks/cju2osuru0ki00855txo0n3uu.jpg,594,528,40265,12945,Yes,1,"polyp: [100,33,370,314]",polyp,594,528
kvasir-seg,cju2otvvv0l7z0855x7we8cb0.jpg,/Users/ujjwalsinha/Gastrointestinal-Disease-Detection/dataset/kvasir-seg/images/cju2otvvv0l7z0855x7we8cb0.jpg,/Users/ujjwalsinha/Gastrointestinal-Disease-Detection/dataset/kvasir-seg/masks/cju2otvvv0l7z0855x7we8cb0.jpg,571,531,37939,10692,Yes,1,"polyp: [98,348,305,521]",polyp,571,531
kvasir-seg,cju2ouil2mssu0993hvxsed6d.jpg,/Users/ujjwalsinha/Gastrointestinal-Disease-Detection/dataset/kvasir-seg/images/cju2ouil2mssu0993hvxsed6d.jpg,/Users/ujjwalsinha/Gastrointestinal-Disease-Detection/dataset/kvasir-seg/masks/cju2ouil2mssu0993hvxsed6d.jpg,605,511,39026,8654,Yes,1,"polyp: [246,243,361,360]",polyp,605,511
kvasir-seg,cju2p0eveqtdc0835gpi3p93i.jpg,/Users/ujjwalsinha/Gastrointestinal-Disease-Detection/dataset/kvasir-seg/images/cju2p0eveqtdc0835gpi3p93i.jpg,/Users/ujjwalsinha/Gastrointestinal-Disease-Detection/dataset/kvasir-seg/masks/cju2p0eveqtdc0835gpi3p93i.jpg,622,528,47970,12203,Yes,1,"polyp: [146,213,372,459]",polyp,622,528
kvasir-seg,cju2p4ddkmzxj0993p94o62av.jpg,/Users/ujjwalsinha/Gastrointestinal-Disease-Detection/dataset/kvasir-seg/images/cju2p4ddkmzxj0993p94o62av.jpg,/Users/ujjwalsinha/Gastrointestinal-Disease-Detection/dataset/kvasir-seg/masks/cju2p4ddkmzxj0993p94o62av.jpg,592,529,45198,10306,Yes,1,"polyp: [247,272,428,466]",polyp,592,529
kvasir-seg,cju2p91qir00k08350ddfif0w.jpg,/Users/ujjwalsinha/Gastrointestinal-Disease-Detection/dataset/kvasir-seg/images/cju2p91qir00k08350ddfif0w.jpg,/Users/ujjwalsinha/Gastrointestinal-Disease-Detection/dataset/kvasir-seg/masks/cju2p91qir00k08350ddfif0w.jpg,1348,1070,101115,32028,Yes,1,"polyp: [348,385,772,648]",polyp,1348,1070
kvasir-seg,cju2pag1f0s4r0878h52uq83s.jpg,/Users/ujjwalsinha/Gastrointestinal-Disease-Detection/dataset/kvasir-seg/images/cju2pag1f0s4r0878h52uq83s.jpg,/Users/ujjwalsinha/Gastrointestinal-Disease-Detection/dataset/kvasir-seg/masks/cju2pag1f0s4r0878h52uq83s.jpg,570,530,32639,9485,Yes,1,"polyp: [164,286,309,445]",polyp,570,530
kvasir-seg,cju2phaksnahz0993yxogjcpv.jpg,/Users/ujjwalsinha/Gastrointestinal-Disease-Detection/dataset/kvasir-seg/images/cju2phaksnahz0993yxogjcpv.jpg,/Users/ujjwalsinha/Gastrointestinal-Disease-Detection/dataset/kvasir-seg/masks/cju2phaksnahz0993yxogjcpv.jpg,622,528,33415,9936,Yes,1,"polyp: [60,253,191,436]",polyp,622,528
kvasir-seg,cju2pjb9v0ywn0878j5g5n69j.jpg,/Users/ujjwalsinha/Gastrointestinal-Disease-Detection/dataset/kvasir-seg/images/cju2pjb9v0ywn0878j5g5n69j.jpg,/Users/ujjwalsinha/Gastrointestinal-Disease-Detection/dataset/kvasir-seg/masks/cju2pjb9v0ywn0878j5g5n69j.jpg,622,529,42686,11358,Yes,1,"polyp: [248,127,423,359]",polyp,622,529
kvasir-seg,cju2pkwt3r8b90988v2ywq1px.jpg,/Users/ujjwalsinha/Gastrointestinal-Disease-Detection/dataset/kvasir-seg/images/cju2pkwt3r8b90988v2ywq1px.jpg,/Users/ujjwalsinha/Gastrointestinal-Disease-Detection/dataset/kvasir-seg/masks/cju2pkwt3r8b90988v2ywq1px.jpg,622,530,27584,10722,Yes,1,"polyp: [80,134,267,298]",polyp,622,530
kvasir-seg,cju2pmhtr17a00855cvpelzb0.jpg,/Users/ujjwalsinha/Gastrointestinal-Disease-Detection/dataset/kvasir-seg/images/cju2pmhtr17a00855cvpelzb0.jpg,/Users/ujjwalsinha/Gastrointestinal-Disease-Detection/dataset/kvasir-seg/masks/cju2pmhtr17a00855cvpelzb0.jpg,622,530,26686,11463,Yes,1,"polyp: [319,279,534,496]",polyp,622,530
kvasir-seg,cju2qdj95ru8g09886gfi9rsz.jpg,/Users/ujjwalsinha/Gastrointestinal-Disease-Detection/dataset/kvasir-seg/images/cju2qdj95ru8g09886gfi9rsz.jpg,/Users/ujjwalsinha/Gastrointestinal-Disease-Detection/dataset/kvasir-seg/masks/cju2qdj95ru8g09886gfi9rsz.jpg,571,531,28805,15303,Yes,1,"polyp: [59,132,557,531]",polyp,571,531
kvasir-seg,cju2qfie4rvz508357kad9z5o.jpg,/Users/ujjwalsinha/Gastrointestinal-Disease-Detection/dataset/kvasir-seg/images/cju2qfie4rvz508357kad9z5o.jpg,/Users/ujjwalsinha/Gastrointestinal-Disease-Detection/dataset/kvasir-seg/masks/cju2qfie4rvz508357kad9z5o.jpg,622,529,44188,11939,Yes,1,"polyp: [152,82,332,394]",polyp,622,529
kvasir-seg,cju2qh5le1ock0878oahaql7d.jpg,/Users/ujjwalsinha/Gastrointestinal-Disease-Detection/dataset/kvasir-seg/images/cju2qh5le1ock0878oahaql7d.jpg,/Users/ujjwalsinha/Gastrointestinal-Disease-Detection/dataset/kvasir-seg/masks/cju2qh5le1ock0878oahaql7d.jpg,622,530,31855,12750,Yes,1,"polyp: [306,205,543,503]",polyp,622,530
kvasir-seg,cju2qn2fzs1vy0988l243cvzy.jpg,/Users/ujjwalsinha/Gastrointestinal-Disease-Detection/dataset/kvasir-seg/images/cju2qn2fzs1vy0988l243cvzy.jpg,/Users/ujjwalsinha/Gastrointestinal-Disease-Detection/dataset/kvasir-seg/masks/cju2qn2fzs1vy0988l243cvzy.jpg,597,547,36978,14096,Yes,1,"polyp: [203,210,533,524]",polyp,597,547
kvasir-seg,cju2qozsk20cq0855ugrg3cri.jpg,/Users/ujjwalsinha/Gastrointestinal-Disease-Detection/dataset/kvasir-seg/images/cju2qozsk20cq0855ugrg3cri.jpg,/Users/ujjwalsinha/Gastrointestinal-Disease-Detection/dataset/kvasir-seg/masks/cju2qozsk20cq0855ugrg3cri.jpg,626,546,51927,12409,Yes,1,"polyp: [370,184,580,451]",polyp,626,546
kvasir-seg,cju2qqn5ys4uo0988ewrt2ip2.jpg,/Users/ujjwalsinha/Gastrointestinal-Disease-Detection/dataset/kvasir-seg/images/cju2qqn5ys4uo0988ewrt2ip2.jpg,/Users/ujjwalsinha/Gastrointestinal-Disease-Detection/dataset/kvasir-seg/masks/cju2qqn5ys4uo0988ewrt2ip2.jpg,626,546,40164,19176,Yes,1,"polyp: [53,0,554,515]",polyp,626,546
kvasir-seg,cju2qs32r1vys07999conmbvx.jpg,/Users/ujjwalsinha/Gastrointestinal-Disease-Detection/dataset/kvasir-seg/images/cju2qs32r1vys07999conmbvx.jpg,/Users/ujjwalsinha/Gastrointestinal-Disease-Detection/dataset/kvasir-seg/masks/cju2qs32r1vys07999conmbvx.jpg,622,528,38950,8024,Yes,1,"polyp: [379,145,457,248]",polyp,622,528
kvasir-seg,cju2qtee81yd708787bsjr75d.jpg,/Users/ujjwalsinha/Gastrointestinal-Disease-Detection/dataset/kvasir-seg/images/cju2qtee81yd708787bsjr75d.jpg,/Users/ujjwalsinha/Gastrointestinal-Disease-Detection/dataset/kvasir-seg/masks/cju2qtee81yd708787bsjr75d.jpg,511,530,26496,10440,Yes,1,"polyp: [121,252,340,446]",polyp,511,530
kvasir-seg,cju2qu37qobl50993aw7ghcfq.jpg,/Users/ujjwalsinha/Gastrointestinal-Disease-Detection/dataset/kvasir-seg/images/cju2qu37qobl50993aw7ghcfq.jpg,/Users/ujjwalsinha/Gastrointestinal-Disease-Detection/dataset/kvasir-seg/masks/cju2qu37qobl50993aw7ghcfq.jpg,543,528,23679,8606,Yes,1,"polyp: [188,198,343,323]",polyp,543,528
kvasir-seg,cju2qvuj1s9ok0835tp2k4ozh.jpg,/Users/ujjwalsinha/Gastrointestinal-Disease-Detection/dataset/kvasir-seg/images/cju2qvuj1s9ok0835tp2k4ozh.jpg,/Users/ujjwalsinha/Gastrointestinal-Disease-Detection/dataset/kvasir-seg/masks/cju2qvuj1s9ok0835tp2k4ozh.jpg,605,531,26970,15504,Yes,1,"polyp: [203,120,592,530]",polyp,605,531
kvasir-seg,cju2qxxko229x08786gvxxhur.jpg,/Users/ujjwalsinha/Gastrointestinal-Disease-Detection/dataset/kvasir-seg/images/cju2qxxko229x08786gvxxhur.jpg,/Users/ujjwalsinha/Gastrointestinal-Disease-Detection/dataset/kvasir-seg/masks/cju2qxxko229x08786gvxxhur.jpg,484,530,20258,14829,Yes,1,"polyp: [80,12,420,424]",polyp,484,530
kvasir-seg,cju2qz06823a40878ojcz9ccx.jpg,/Users/ujjwalsinha/Gastrointestinal-Disease-Detection/dataset/kvasir-seg/images/cju2qz06823a40878ojcz9ccx.jpg,/Users/ujjwalsinha/Gastrointestinal-Disease-Detection/dataset/kvasir-seg/masks/cju2qz06823a40878ojcz9ccx.jpg,603,530,26386,11348,Yes,1,"polyp: [265,158,518,362]",polyp,603,530
kvasir-seg,cju2r11x7sdgx0988o8ule0wl.jpg,/Users/ujjwalsinha/Gastrointestinal-Disease-Detection/dataset/kvasir-seg/images/cju2r11x7sdgx0988o8ule0wl.jpg,/Users/ujjwalsinha/Gastrointestinal-Disease-Detection/dataset/kvasir-seg/masks/cju2r11x7sdgx0988o8ule0wl.jpg,622,528,40451,12506,Yes,1,"polyp: [308,222,595,466]",polyp,622,528
kvasir-seg,cju2r2obh2bjm08553kng0rh7.jpg,/Users/ujjwalsinha/Gastrointestinal-Disease-Detection/dataset/kvasir-seg/images/cju2r2obh2bjm08553kng0rh7.jpg,/Users/ujjwalsinha/Gastrointestinal-Disease-Detection/dataset/kvasir-seg/masks/cju2r2obh2bjm08553kng0rh7.jpg,474,458,15982,10221,Yes,1,"polyp: [149,148,397,384]",polyp,474,458
kvasir-seg,cju2r6mt2om21099352pny5gw.jpg,/Users/ujjwalsinha/Gastrointestinal-Disease-Detection/dataset/kvasir-seg/images/cju2r6mt2om21099352pny5gw.jpg,/Users/ujjwalsinha/Gastrointestinal-Disease-Detection/dataset/kvasir-seg/masks/cju2r6mt2om21099352pny5gw.jpg,608,528,44979,15718,Yes,1,"polyp: [188,0,528,388]",polyp,608,528
kvasir-seg,cju2r7h21sj9608354gzks3ae.jpg,/Users/ujjwalsinha/Gastrointestinal-Disease-Detection/dataset/kvasir-seg/images/cju2r7h21sj9608354gzks3ae.jpg,/Users/ujjwalsinha/Gastrointestinal-Disease-Detection/dataset/kvasir-seg/masks/cju2r7h21sj9608354gzks3ae.jpg,614,530,30954,8640,Yes,1,"polyp: [263,305,401,403]",polyp,614,530
kvasir-seg,cju2r91dg2k090801bh0xzbxk.jpg,/Users/ujjwalsinha/Gastrointestinal-Disease-Detection/dataset/kvasir-seg/images/cju2r91dg2k090801bh0xzbxk.jpg,/Users/ujjwalsinha/Gastrointestinal-Disease-Detection/dataset/kvasir-seg/masks/cju2r91dg2k090801bh0xzbxk.jpg,1348,1070,112262,31054,Yes,1,"polyp: [212,234,555,523]",polyp,1348,1070
kvasir-seg,cju2raxlosl630988jdbfy9b0.jpg,/Users/ujjwalsinha/Gastrointestinal-Disease-Detection/dataset/kvasir-seg/images/cju2raxlosl630988jdbfy9b0.jpg,/Users/ujjwalsinha/Gastrointestinal-Disease-Detection/dataset/kvasir-seg/masks/cju2raxlosl630988jdbfy9b0.jpg,557,528,32557,14215,Yes,1,"polyp: [0,0,556,527]",polyp,557,528
kvasir-seg,cju2rga4psq9n09881z519xx0.jpg,/Users/ujjwalsinha/Gastrointestinal-Disease-Detection/dataset/kvasir-seg/images/cju2rga4psq9n09881z519xx0.jpg,/Users/ujjwalsinha/Gastrointestinal-Disease-Detection/dataset/kvasir-seg/masks/cju2rga4psq9n09881z519xx0.jpg,622,529,41579,10432,Yes,1,"polyp: [310,211,482,364]",polyp,622,529
kvasir-seg,cju2ricdv2iys0878sv1adh0u.jpg,/Users/ujjwalsinha/Gastrointestinal-Disease-Detection/dataset/kvasir-seg/images/cju2ricdv2iys0878sv1adh0u.jpg,/Users/ujjwalsinha/Gastrointestinal-Disease-Detection/dataset/kvasir-seg/masks/cju2ricdv2iys0878sv1adh0u.jpg,616,530,36610,18803,Yes,1,"polyp: [0,0,565,529]",polyp,616,530
kvasir-seg,cju2rkjfwoxys0993x768l1j2.jpg,/Users/ujjwalsinha/Gastrointestinal-Disease-Detection/dataset/kvasir-seg/images/cju2rkjfwoxys0993x768l1j2.jpg,/Users/ujjwalsinha/Gastrointestinal-Disease-Detection/dataset/kvasir-seg/masks/cju2rkjfwoxys0993x768l1j2.jpg,597,401,28766,12714,Yes,1,"polyp: [40,111,448,390]",polyp,597,401
kvasir-seg,cju2rlqdnoz9k0993cpjae3x0.jpg,/Users/ujjwalsinha/Gastrointestinal-Disease-Detection/dataset/kvasir-seg/images/cju2rlqdnoz9k0993cpjae3x0.jpg,/Users/ujjwalsinha/Gastrointestinal-Disease-Detection/dataset/kvasir-seg/masks/cju2rlqdnoz9k0993cpjae3x0.jpg,592,531,38071,13096,Yes,1,"polyp: [237,161,509,464]",polyp,592,531
kvasir-seg,cju2rmd2rsw9g09888hh1efu0.jpg,/Users/ujjwalsinha/Gastrointestinal-Disease-Detection/dataset/kvasir-seg/images/cju2rmd2rsw9g09888hh1efu0.jpg,/Users/ujjwalsinha/Gastrointestinal-Disease-Detection/dataset/kvasir-seg/masks/cju2rmd2rsw9g09888hh1efu0.jpg,570,531,49414,6860,Yes,1,"polyp: [330,125,381,184]",polyp,570,531
kvasir-seg,cju2rn0hasxri0835nfy3buay.jpg,/Users/ujjwalsinha/Gastrointestinal-Disease-Detection/dataset/kvasir-seg/images/cju2rn0hasxri0835nfy3buay.jpg,/Users/ujjwalsinha/Gastrointestinal-Disease-Detection/dataset/kvasir-seg/masks/cju2rn0hasxri0835nfy3buay.jpg,622,531,32502,8611,Yes,1,"polyp: [232,415,357,525]",polyp,622,531
kvasir-seg,cju2rnkt22xep0801as160g9t.jpg,/Users/ujjwalsinha/Gastrointestinal-Disease-Detection/dataset/kvasir-seg/images/cju2rnkt22xep0801as160g9t.jpg,/Users/ujjwalsinha/Gastrointestinal-Disease-Detection/dataset/kvasir-seg/masks/cju2rnkt22xep0801as160g9t.jpg,558,454,21459,8562,Yes,2,"polyp: [298,181,378,291]; polyp: [60,263,130,321]",polyp,558,454
kvasir-seg,cju2ro5jqsy680988pi6qsujw.jpg,/Users/ujjwalsinha/Gastrointestinal-Disease-Detection/dataset/kvasir-seg/images/cju2ro5jqsy680988pi6qsujw.jpg,/Users/ujjwalsinha/Gastrointestinal-Disease-Detection/dataset/kvasir-seg/masks/cju2ro5jqsy680988pi6qsujw.jpg,622,531,39662,16936,Yes,1,"polyp: [253,138,582,531]",polyp,622,531
kvasir-seg,cju2rpa30t07b0835im0erql0.jpg,/Users/ujjwalsinha/Gastrointestinal-Disease-Detection/dataset/kvasir-seg/images/cju2rpa30t07b0835im0erql0.jpg,/Users/ujjwalsinha/Gastrointestinal-Disease-Detection/dataset/kvasir-seg/masks/cju2rpa30t07b0835im0erql0.jpg,621,529,44122,11046,Yes,1,"polyp: [140,166,310,414]",polyp,621,529
kvasir-seg,cju2rqo702wpx0855fn7d5cxh.jpg,/Users/ujjwalsinha/Gastrointestinal-Disease-Detection/dataset/kvasir-seg/images/cju2rqo702wpx0855fn7d5cxh.jpg,/Users/ujjwalsinha/Gastrointestinal-Disease-Detection/dataset/kvasir-seg/masks/cju2rqo702wpx0855fn7d5cxh.jpg,621,529,39995,8869,Yes,1,"polyp: [331,187,448,302]",polyp,621,529
kvasir-seg,cju2rxm8rpbaf0993o3qr2oph.jpg,/Users/ujjwalsinha/Gastrointestinal-Disease-Detection/dataset/kvasir-seg/images/cju2rxm8rpbaf0993o3qr2oph.jpg,/Users/ujjwalsinha/Gastrointestinal-Disease-Detection/dataset/kvasir-seg/masks/cju2rxm8rpbaf0993o3qr2oph.jpg,571,531,30422,8653,Yes,1,"polyp: [330,215,415,424]",polyp,571,531
kvasir-seg,cju2rz4k434s70855wwx3ddtx.jpg,/Users/ujjwalsinha/Gastrointestinal-Disease-Detection/dataset/kvasir-seg/images/cju2rz4k434s70855wwx3ddtx.jpg,/Users/ujjwalsinha/Gastrointestinal-Disease-Detection/dataset/kvasir-seg/masks/cju2rz4k434s70855wwx3ddtx.jpg,612,530,36535,15310,Yes,2,"polyp: [217,150,471,406]; polyp: [109,318,227,476]",polyp,612,530
kvasir-seg,cju2rzpsmtb0f0835jabkbao1.jpg,/Users/ujjwalsinha/Gastrointestinal-Disease-Detection/dataset/kvasir-seg/images/cju2rzpsmtb0f0835jabkbao1.jpg,/Users/ujjwalsinha/Gastrointestinal-Disease-Detection/dataset/kvasir-seg/masks/cju2rzpsmtb0f0835jabkbao1.jpg,528,528,35678,7385,Yes,1,"polyp: [184,218,295,326]",polyp,528,528
kvasir-seg,cju2s16zp317h0799gr67jqc2.jpg,/Users/ujjwalsinha/Gastrointestinal-Disease-Detection/dataset/kvasir-seg/images/cju2s16zp317h0799gr67jqc2.jpg,/Users/ujjwalsinha/Gastrointestinal-Disease-Detection/dataset/kvasir-seg/masks/cju2s16zp317h0799gr67jqc2.jpg,622,531,39778,14749,Yes,1,"polyp: [28,57,448,362]",polyp,622,531
kvasir-seg,cju2s2527pfyr0993l3h1149a.jpg,/Users/ujjwalsinha/Gastrointestinal-Disease-Detection/dataset/kvasir-seg/images/cju2s2527pfyr0993l3h1149a.jpg,/Users/ujjwalsinha/Gastrointestinal-Disease-Detection/dataset/kvasir-seg/masks/cju2s2527pfyr0993l3h1149a.jpg,622,529,39629,8247,Yes,1,"polyp: [360,404,467,510]",polyp,622,529
kvasir-seg,cju2s9g11pnra0993gn4eh793.jpg,/Users/ujjwalsinha/Gastrointestinal-Disease-Detection/dataset/kvasir-seg/images/cju2s9g11pnra0993gn4eh793.jpg,/Users/ujjwalsinha/Gastrointestinal-Disease-Detection/dataset/kvasir-seg/masks/cju2s9g11pnra0993gn4eh793.jpg,622,530,36409,16526,Yes,1,"polyp: [133,59,617,530]",polyp,622,530
kvasir-seg,cju2saez63gxl08559ucjq3kt.jpg,/Users/ujjwalsinha/Gastrointestinal-Disease-Detection/dataset/kvasir-seg/images/cju2saez63gxl08559ucjq3kt.jpg,/Users/ujjwalsinha/Gastrointestinal-Disease-Detection/dataset/kvasir-seg/masks/cju2saez63gxl08559ucjq3kt.jpg,557,530,21332,11220,Yes,1,"polyp: [105,65,358,271]",polyp,557,530
kvasir-seg,cju2sevf53lkx08558h5bpaig.jpg,/Users/ujjwalsinha/Gastrointestinal-Disease-Detection/dataset/kvasir-seg/images/cju2sevf53lkx08558h5bpaig.jpg,/Users/ujjwalsinha/Gastrointestinal-Disease-Detection/dataset/kvasir-seg/masks/cju2sevf53lkx08558h5bpaig.jpg,626,547,38576,15780,Yes,1,"polyp: [265,139,592,503]",polyp,626,547
kvasir-seg,cju2sggy13na70855tbeoqgha.jpg,/Users/ujjwalsinha/Gastrointestinal-Disease-Detection/dataset/kvasir-seg/images/cju2sggy13na70855tbeoqgha.jpg,/Users/ujjwalsinha/Gastrointestinal-Disease-Detection/dataset/kvasir-seg/masks/cju2sggy13na70855tbeoqgha.jpg,559,530,26954,16022,Yes,1,"polyp: [195,78,478,520]",polyp,559,530
kvasir-seg,cju2spdagu1l50835da1f46fr.jpg,/Users/ujjwalsinha/Gastrointestinal-Disease-Detection/dataset/kvasir-seg/images/cju2spdagu1l50835da1f46fr.jpg,/Users/ujjwalsinha/Gastrointestinal-Disease-Detection/dataset/kvasir-seg/masks/cju2spdagu1l50835da1f46fr.jpg,465,525,30109,7830,Yes,1,"polyp: [127,208,246,349]",polyp,465,525
kvasir-seg,cju2srvy5440s0801y1ba9akr.jpg,/Users/ujjwalsinha/Gastrointestinal-Disease-Detection/dataset/kvasir-seg/images/cju2srvy5440s0801y1ba9akr.jpg,/Users/ujjwalsinha/Gastrointestinal-Disease-Detection/dataset/kvasir-seg/masks/cju2srvy5440s0801y1ba9akr.jpg,622,528,40709,17160,Yes,1,"polyp: [234,55,572,528]",polyp,622,528
kvasir-seg,cju2sszfq3uye0878sucelzk2.jpg,/Users/ujjwalsinha/Gastrointestinal-Disease-Detection/dataset/kvasir-seg/images/cju2sszfq3uye0878sucelzk2.jpg,/Users/ujjwalsinha/Gastrointestinal-Disease-Detection/dataset/kvasir-seg/masks/cju2sszfq3uye0878sucelzk2.jpg,622,531,36500,17759,Yes,1,"polyp: [0,0,621,526]",polyp,622,531
kvasir-seg,cju2suk42469908015ngmq6f2.jpg,/Users/ujjwalsinha/Gastrointestinal-Disease-Detection/dataset/kvasir-seg/images/cju2suk42469908015ngmq6f2.jpg,/Users/ujjwalsinha/Gastrointestinal-Disease-Detection/dataset/kvasir-seg/masks/cju2suk42469908015ngmq6f2.jpg,609,528,38055,10693,Yes,1,"polyp: [233,175,461,349]",polyp,609,528
kvasir-seg,cju2sxf3iqbpv09937iksn8ep.jpg,/Users/ujjwalsinha/Gastrointestinal-Disease-Detection/dataset/kvasir-seg/images/cju2sxf3iqbpv09937iksn8ep.jpg,/Users/ujjwalsinha/Gastrointestinal-Disease-Detection/dataset/kvasir-seg/masks/cju2sxf3iqbpv09937iksn8ep.jpg,622,529,26850,13755,Yes,1,"polyp: [59,72,363,352]",polyp,622,529
kvasir-seg,cju2syxa93yw40799x2iuwabz.jpg,/Users/ujjwalsinha/Gastrointestinal-Disease-Detection/dataset/kvasir-seg/images/cju2syxa93yw40799x2iuwabz.jpg,/Users/ujjwalsinha/Gastrointestinal-Disease-Detection/dataset/kvasir-seg/masks/cju2syxa93yw40799x2iuwabz.jpg,602,474,34904,7732,Yes,1,"polyp: [245,200,345,291]",polyp,602,474
kvasir-seg,cju2t16vuucaq0835xcpsivn2.jpg,/Users/ujjwalsinha/Gastrointestinal-Disease-Detection/dataset/kvasir-seg/images/cju2t16vuucaq0835xcpsivn2.jpg,/Users/ujjwalsinha/Gastrointestinal-Disease-Detection/dataset/kvasir-seg/masks/cju2t16vuucaq0835xcpsivn2.jpg,622,531,26132,10094,Yes,1,"polyp: [214,20,409,173]",polyp,622,531
kvasir-seg,cju2t2ivz43i10878zeg8r1br.jpg,/Users/ujjwalsinha/Gastrointestinal-Disease-Detection/dataset/kvasir-seg/images/cju2t2ivz43i10878zeg8r1br.jpg,/Users/ujjwalsinha/Gastrointestinal-Disease-Detection/dataset/kvasir-seg/masks/cju2t2ivz43i10878zeg8r1br.jpg,607,528,40329,8900,Yes,1,"polyp: [215,105,328,249]",polyp,607,528
kvasir-seg,cju2t3ibkuecr0835o7si16zv.jpg,/Users/ujjwalsinha/Gastrointestinal-Disease-Detection/dataset/kvasir-seg/images/cju2t3ibkuecr0835o7si16zv.jpg,/Users/ujjwalsinha/Gastrointestinal-Disease-Detection/dataset/kvasir-seg/masks/cju2t3ibkuecr0835o7si16zv.jpg,613,530,32858,9154,Yes,1,"polyp: [247,212,381,341]",polyp,613,530
kvasir-seg,cju2t62nq45jl0799odpufwx6.jpg,/Users/ujjwalsinha/Gastrointestinal-Disease-Detection/dataset/kvasir-seg/images/cju2t62nq45jl0799odpufwx6.jpg,/Users/ujjwalsinha/Gastrointestinal-Disease-Detection/dataset/kvasir-seg/masks/cju2t62nq45jl0799odpufwx6.jpg,622,528,41977,13163,Yes,1,"polyp: [279,110,517,487]",polyp,622,528
kvasir-seg,cju2t9tdwuk700835kv0ljmtl.jpg,/Users/ujjwalsinha/Gastrointestinal-Disease-Detection/dataset/kvasir-seg/images/cju2t9tdwuk700835kv0ljmtl.jpg,/Users/ujjwalsinha/Gastrointestinal-Disease-Detection/dataset/kvasir-seg/masks/cju2t9tdwuk700835kv0ljmtl.jpg,605,473,21932,12122,Yes,1,"polyp: [0,76,275,364]",polyp,605,473
kvasir-seg,cju2ti1du4idn0878giuozonw.jpg,/Users/ujjwalsinha/Gastrointestinal-Disease-Detection/dataset/kvasir-seg/images/cju2ti1du4idn0878giuozonw.jpg,/Users/ujjwalsinha/Gastrointestinal-Disease-Detection/dataset/kvasir-seg/masks/cju2ti1du4idn0878giuozonw.jpg,571,530,24845,10983,Yes,1,"polyp: [293,221,477,473]",polyp,571,530
kvasir-seg,cju2tjrog4jy30878pawyazqc.jpg,/Users/ujjwalsinha/Gastrointestinal-Disease-Detection/dataset/kvasir-seg/images/cju2tjrog4jy30878pawyazqc.jpg,/Users/ujjwalsinha/Gastrointestinal-Disease-Detection/dataset/kvasir-seg/masks/cju2tjrog4jy30878pawyazqc.jpg,622,530,27320,12702,Yes,1,"polyp: [324,73,559,357]",polyp,622,530
kvasir-seg,cju2top2ruxxy0988p1svx36g.jpg,/Users/ujjwalsinha/Gastrointestinal-Disease-Detection/dataset/kvasir-seg/images/cju2top2ruxxy0988p1svx36g.jpg,/Users/ujjwalsinha/Gastrointestinal-Disease-Detection/dataset/kvasir-seg/masks/cju2top2ruxxy0988p1svx36g.jpg,570,530,23352,14312,Yes,1,"polyp: [229,113,519,444]",polyp,570,530
kvasir-seg,cju2tpfa5uyx408359datxqqj.jpg,/Users/ujjwalsinha/Gastrointestinal-Disease-Detection/dataset/kvasir-seg/images/cju2tpfa5uyx408359datxqqj.jpg,/Users/ujjwalsinha/Gastrointestinal-Disease-Detection/dataset/kvasir-seg/masks/cju2tpfa5uyx408359datxqqj.jpg,622,528,39856,11719,Yes,1,"polyp: [118,57,307,319]",polyp,622,528
kvasir-seg,cju2tqfgw4oat0799rn0g5b2z.jpg,/Users/ujjwalsinha/Gastrointestinal-Disease-Detection/dataset/kvasir-seg/images/cju2tqfgw4oat0799rn0g5b2z.jpg,/Users/ujjwalsinha/Gastrointestinal-Disease-Detection/dataset/kvasir-seg/masks/cju2tqfgw4oat0799rn0g5b2z.jpg,614,529,36784,11635,Yes,1,"polyp: [263,101,520,313]",polyp,614,529
kvasir-seg,cju2trbpkv0c00988hxla5dzz.jpg,/Users/ujjwalsinha/Gastrointestinal-Disease-Detection/dataset/kvasir-seg/images/cju2trbpkv0c00988hxla5dzz.jpg,/Users/ujjwalsinha/Gastrointestinal-Disease-Detection/dataset/kvasir-seg/masks/cju2trbpkv0c00988hxla5dzz.jpg,610,531,26324,12941,Yes,1,"polyp: [94,39,406,292]",polyp,610,531
kvasir-seg,cju2trtjf4qjd0878a2zle9v9.jpg,/Users/ujjwalsinha/Gastrointestinal-Disease-Detection/dataset/kvasir-seg/images/cju2trtjf4qjd0878a2zle9v9.jpg,/Users/ujjwalsinha/Gastrointestinal-Disease-Detection/dataset/kvasir-seg/masks/cju2trtjf4qjd0878a2zle9v9.jpg,598,528,30984,8135,Yes,1,"polyp: [218,276,303,422]",polyp,598,528
kvasir-seg,cju2tvrvm53ws0801a0jfjdxg.jpg,/Users/ujjwalsinha/Gastrointestinal-Disease-Detection/dataset/kvasir-seg/images/cju2tvrvm53ws0801a0jfjdxg.jpg,/Users/ujjwalsinha/Gastrointestinal-Disease-Detection/dataset/kvasir-seg/masks/cju2tvrvm53ws0801a0jfjdxg.jpg,568,531,31683,12299,Yes,1,"polyp: [0,62,381,213]",polyp,568,531
kvasir-seg,cju2txjfzv60w098839dcimys.jpg,/Users/ujjwalsinha/Gastrointestinal-Disease-Detection/dataset/kvasir-seg/images/cju2txjfzv60w098839dcimys.jpg,/Users/ujjwalsinha/Gastrointestinal-Disease-Detection/dataset/kvasir-seg/masks/cju2txjfzv60w098839dcimys.jpg,551,430,17695,9333,Yes,1,"polyp: [142,124,326,292]",polyp,551,430
kvasir-seg,cju2tzypl4wss0799ow05oxb9.jpg,/Users/ujjwalsinha/Gastrointestinal-Disease-Detection/dataset/kvasir-seg/images/cju2tzypl4wss0799ow05oxb9.jpg,/Users/ujjwalsinha/Gastrointestinal-Disease-Detection/dataset/kvasir-seg/masks/cju2tzypl4wss0799ow05oxb9.jpg,622,531,27517,14116,Yes,1,"polyp: [261,189,607,531]",polyp,622,531
kvasir-seg,cju2u2b9o4zvp08788qb9nqxj.jpg,/Users/ujjwalsinha/Gastrointestinal-Disease-Detection/dataset/kvasir-seg/images/cju2u2b9o4zvp08788qb9nqxj.jpg,/Users/ujjwalsinha/Gastrointestinal-Disease-Detection/dataset/kvasir-seg/masks/cju2u2b9o4zvp08788qb9nqxj.jpg,564,527,26100,13236,Yes,1,"polyp: [204,53,491,384]",polyp,564,527
kvasir-seg,cju2u4pymvc720988wsxrmi84.jpg,/Users/ujjwalsinha/Gastrointestinal-Disease-Detection/dataset/kvasir-seg/images/cju2u4pymvc720988wsxrmi84.jpg,/Users/ujjwalsinha/Gastrointestinal-Disease-Detection/dataset/kvasir-seg/masks/cju2u4pymvc720988wsxrmi84.jpg,541,530,26765,14930,Yes,1,"polyp: [20,47,295,524]",polyp,541,530
kvasir-seg,cju2u73dj53oz0878486k8k4b.jpg,/Users/ujjwalsinha/Gastrointestinal-Disease-Detection/dataset/kvasir-seg/images/cju2u73dj53oz0878486k8k4b.jpg,/Users/ujjwalsinha/Gastrointestinal-Disease-Detection/dataset/kvasir-seg/masks/cju2u73dj53oz0878486k8k4b.jpg,524,529,28073,10618,Yes,1,"polyp: [78,145,300,371]",polyp,524,529
kvasir-seg,cju2ueb6j5ado0878vf5md13o.jpg,/Users/ujjwalsinha/Gastrointestinal-Disease-Detection/dataset/kvasir-seg/images/cju2ueb6j5ado0878vf5md13o.jpg,/Users/ujjwalsinha/Gastrointestinal-Disease-Detection/dataset/kvasir-seg/masks/cju2ueb6j5ado0878vf5md13o.jpg,1348,1070,114705,36435,Yes,2,"polyp: [128,237,252,389]; polyp: [519,751,1099,1069]",polyp,1348,1070
kvasir-seg,cju2ulk385h170799rlklxob0.jpg,/Users/ujjwalsinha/Gastrointestinal-Disease-Detection/dataset/kvasir-seg/images/cju2ulk385h170799rlklxob0.jpg,/Users/ujjwalsinha/Gastrointestinal-Disease-Detection/dataset/kvasir-seg/masks/cju2ulk385h170799rlklxob0.jpg,596,528,38136,15814,Yes,1,"polyp: [213,0,582,402]",polyp,596,528
kvasir-seg,cju2uokeg5jm20799xwgsyz89.jpg,/Users/ujjwalsinha/Gastrointestinal-Disease-Detection/dataset/kvasir-seg/images/cju2uokeg5jm20799xwgsyz89.jpg,/Users/ujjwalsinha/Gastrointestinal-Disease-Detection/dataset/kvasir-seg/masks/cju2uokeg5jm20799xwgsyz89.jpg,570,530,25342,15392,Yes,1,"polyp: [122,183,545,506]",polyp,570,530
kvasir-seg,cju2upu4evw7g08358guwozxv.jpg,/Users/ujjwalsinha/Gastrointestinal-Disease-Detection/dataset/kvasir-seg/images/cju2upu4evw7g08358guwozxv.jpg,/Users/ujjwalsinha/Gastrointestinal-Disease-Detection/dataset/kvasir-seg/masks/cju2upu4evw7g08358guwozxv.jpg,616,528,38466,9841,Yes,1,"polyp: [238,175,404,318]",polyp,616,528
kvasir-seg,cju2urqpwvxw70835rvndvtsi.jpg,/Users/ujjwalsinha/Gastrointestinal-Disease-Detection/dataset/kvasir-seg/images/cju2urqpwvxw70835rvndvtsi.jpg,/Users/ujjwalsinha/Gastrointestinal-Disease-Detection/dataset/kvasir-seg/masks/cju2urqpwvxw70835rvndvtsi.jpg,626,474,36189,8464,Yes,1,"polyp: [161,36,299,135]",polyp,626,474
kvasir-seg,cju2uwz9f5yf1085506cfamfx.jpg,/Users/ujjwalsinha/Gastrointestinal-Disease-Detection/dataset/kvasir-seg/images/cju2uwz9f5yf1085506cfamfx.jpg,/Users/ujjwalsinha/Gastrointestinal-Disease-Detection/dataset/kvasir-seg/masks/cju2uwz9f5yf1085506cfamfx.jpg,1220,1011,115285,36782,Yes,1,"polyp: [321,259,1033,882]",polyp,1220,1011
kvasir-seg,cju2uy8ox62jo0801g88hh42z.jpg,/Users/ujjwalsinha/Gastrointestinal-Disease-Detection/dataset/kvasir-seg/images/cju2uy8ox62jo0801g88hh42z.jpg,/Users/ujjwalsinha/Gastrointestinal-Disease-Detection/dataset/kvasir-seg/masks/cju2uy8ox62jo0801g88hh42z.jpg,622,528,41802,10516,Yes,1,"polyp: [411,110,598,296]",polyp,622,528
kvasir-seg,cju2uzabhs6er0993x3aaf87p.jpg,/Users/ujjwalsinha/Gastrointestinal-Disease-Detection/dataset/kvasir-seg/images/cju2uzabhs6er0993x3aaf87p.jpg,/Users/ujjwalsinha/Gastrointestinal-Disease-Detection/dataset/kvasir-seg/masks/cju2uzabhs6er0993x3aaf87p.jpg,612,528,42768,12857,Yes,2,"polyp: [280,137,532,395]; polyp: [384,254,386,256]",polyp,612,528
kvasir-seg,cju2wtwj87kys0855kx6mddzw.jpg,/Users/ujjwalsinha/Gastrointestinal-Disease-Detection/dataset/kvasir-seg/images/cju2wtwj87kys0855kx6mddzw.jpg,/Users/ujjwalsinha/Gastrointestinal-Disease-Detection/dataset/kvasir-seg/masks/cju2wtwj87kys0855kx6mddzw.jpg,626,547,38017,17552,Yes,1,"polyp: [32,0,467,546]",polyp,626,547
kvasir-seg,cju2wve9v7esz0878mxsdcy04.jpg,/Users/ujjwalsinha/Gastrointestinal-Disease-Detection/dataset/kvasir-seg/images/cju2wve9v7esz0878mxsdcy04.jpg,/Users/ujjwalsinha/Gastrointestinal-Disease-Detection/dataset/kvasir-seg/masks/cju2wve9v7esz0878mxsdcy04.jpg,620,529,37644,9684,Yes,1,"polyp: [153,145,320,289]",polyp,620,529
kvasir-seg,cju2wx0gh7fpz0878wwyd9ep8.jpg,/Users/ujjwalsinha/Gastrointestinal-Disease-Detection/dataset/kvasir-seg/images/cju2wx0gh7fpz0878wwyd9ep8.jpg,/Users/ujjwalsinha/Gastrointestinal-Disease-Detection/dataset/kvasir-seg/masks/cju2wx0gh7fpz0878wwyd9ep8.jpg,616,529,38316,10277,Yes,1,"polyp: [301,236,482,392]",polyp,616,529
kvasir-seg,cju2wxv0hxs2f09884w48v8fi.jpg,/Users/ujjwalsinha/Gastrointestinal-Disease-Detection/dataset/kvasir-seg/images/cju2wxv0hxs2f09884w48v8fi.jpg,/Users/ujjwalsinha/Gastrointestinal-Disease-Detection/dataset/kvasir-seg/masks/cju2wxv0hxs2f09884w48v8fi.jpg,622,529,40400,8154,Yes,1,"polyp: [316,271,393,378]",polyp,622,529
kvasir-seg,cju2wzu8wxtgu09880ku9x1pg.jpg,/Users/ujjwalsinha/Gastrointestinal-Disease-Detection/dataset/kvasir-seg/images/cju2wzu8wxtgu09880ku9x1pg.jpg,/Users/ujjwalsinha/Gastrointestinal-Disease-Detection/dataset/kvasir-seg/masks/cju2wzu8wxtgu09880ku9x1pg.jpg,622,529,42602,12160,Yes,1,"polyp: [46,316,400,529]",polyp,622,529
kvasir-seg,cju2x7vw87mu30878hye2ca0m.jpg,/Users/ujjwalsinha/Gastrointestinal-Disease-Detection/dataset/kvasir-seg/images/cju2x7vw87mu30878hye2ca0m.jpg,/Users/ujjwalsinha/Gastrointestinal-Disease-Detection/dataset/kvasir-seg/masks/cju2x7vw87mu30878hye2ca0m.jpg,1348,1070,119782,45012,Yes,1,"polyp: [295,486,1208,1013]",polyp,1348,1070
kvasir-seg,cju2xa3i4y0160988i679zsqd.jpg,/Users/ujjwalsinha/Gastrointestinal-Disease-Detection/dataset/kvasir-seg/images/cju2xa3i4y0160988i679zsqd.jpg,/Users/ujjwalsinha/Gastrointestinal-Disease-Detection/dataset/kvasir-seg/masks/cju2xa3i4y0160988i679zsqd.jpg,619,528,49079,12005,Yes,1,"polyp: [306,140,467,443]",polyp,619,528
kvasir-seg,cju2xbk0080y80801eghyddi2.jpg,/Users/ujjwalsinha/Gastrointestinal-Disease-Detection/dataset/kvasir-seg/images/cju2xbk0080y80801eghyddi2.jpg,/Users/ujjwalsinha/Gastrointestinal-Disease-Detection/dataset/kvasir-seg/masks/cju2xbk0080y80801eghyddi2.jpg,621,529,40246,10879,Yes,1,"polyp: [198,40,379,245]",polyp,621,529
kvasir-seg,cju2xd75m82720801q4s4ik3n.jpg,/Users/ujjwalsinha/Gastrointestinal-Disease-Detection/dataset/kvasir-seg/images/cju2xd75m82720801q4s4ik3n.jpg,/Users/ujjwalsinha/Gastrointestinal-Disease-Detection/dataset/kvasir-seg/masks/cju2xd75m82720801q4s4ik3n.jpg,1220,1011,167715,31330,Yes,1,"polyp: [412,293,875,709]",polyp,1220,1011
kvasir-seg,cju2xf8e5y2wm08359vcgk09b.jpg,/Users/ujjwalsinha/Gastrointestinal-Disease-Detection/dataset/kvasir-seg/images/cju2xf8e5y2wm08359vcgk09b.jpg,/Users/ujjwalsinha/Gastrointestinal-Disease-Detection/dataset/kvasir-seg/masks/cju2xf8e5y2wm08359vcgk09b.jpg,571,530,31850,13754,Yes,1,"polyp: [248,125,571,526]",polyp,571,530
kvasir-seg,cju2xjz2ju8pe0993ysv9wg17.jpg,/Users/ujjwalsinha/Gastrointestinal-Disease-Detection/dataset/kvasir-seg/images/cju2xjz2ju8pe0993ysv9wg17.jpg,/Users/ujjwalsinha/Gastrointestinal-Disease-Detection/dataset/kvasir-seg/masks/cju2xjz2ju8pe0993ysv9wg17.jpg,593,530,32049,12193,Yes,1,"polyp: [133,216,399,488]",polyp,593,530
kvasir-seg,cju2xlcqxy9c60988vjacdznb.jpg,/Users/ujjwalsinha/Gastrointestinal-Disease-Detection/dataset/kvasir-seg/images/cju2xlcqxy9c60988vjacdznb.jpg,/Users/ujjwalsinha/Gastrointestinal-Disease-Detection/dataset/kvasir-seg/masks/cju2xlcqxy9c60988vjacdznb.jpg,621,529,35308,13926,Yes,1,"polyp: [158,0,537,267]",polyp,621,529
kvasir-seg,cju2xs6na81t20878pt6nkfip.jpg,/Users/ujjwalsinha/Gastrointestinal-Disease-Detection/dataset/kvasir-seg/images/cju2xs6na81t20878pt6nkfip.jpg,/Users/ujjwalsinha/Gastrointestinal-Disease-Detection/dataset/kvasir-seg/masks/cju2xs6na81t20878pt6nkfip.jpg,570,531,39551,14511,Yes,1,"polyp: [225,163,542,515]",polyp,570,531
kvasir-seg,cju2xwm1s84l50799i60mq0pu.jpg,/Users/ujjwalsinha/Gastrointestinal-Disease-Detection/dataset/kvasir-seg/images/cju2xwm1s84l50799i60mq0pu.jpg,/Users/ujjwalsinha/Gastrointestinal-Disease-Detection/dataset/kvasir-seg/masks/cju2xwm1s84l50799i60mq0pu.jpg,626,547,35734,10059,Yes,1,"polyp: [387,0,550,145]",polyp,626,547
kvasir-seg,cju2xyd9vyi7m098831qcucse.jpg,/Users/ujjwalsinha/Gastrointestinal-Disease-Detection/dataset/kvasir-seg/images/cju2xyd9vyi7m098831qcucse.jpg,/Users/ujjwalsinha/Gastrointestinal-Disease-Detection/dataset/kvasir-seg/masks/cju2xyd9vyi7m098831qcucse.jpg,622,528,53051,14774,Yes,1,"polyp: [192,56,440,458]",polyp,622,528
kvasir-seg,cju2y0z6g87p10878fpk5d3rq.jpg,/Users/ujjwalsinha/Gastrointestinal-Disease-Detection/dataset/kvasir-seg/images/cju2y0z6g87p10878fpk5d3rq.jpg,/Users/ujjwalsinha/Gastrointestinal-Disease-Detection/dataset/kvasir-seg/masks/cju2y0z6g87p10878fpk5d3rq.jpg,554,530,31613,14105,Yes,1,"polyp: [92,56,423,358]",polyp,554,530
kvasir-seg,cju2y26c588bo07993ksd8eoz.jpg,/Users/ujjwalsinha/Gastrointestinal-Disease-Detection/dataset/kvasir-seg/images/cju2y26c588bo07993ksd8eoz.jpg,/Users/ujjwalsinha/Gastrointestinal-Disease-Detection/dataset/kvasir-seg/masks/cju2y26c588bo07993ksd8eoz.jpg,621,530,37997,10639,Yes,1,"polyp: [355,338,538,527]",polyp,621,530
kvasir-seg,cju2y40d8ulqo0993q0adtgtb.jpg,/Users/ujjwalsinha/Gastrointestinal-Disease-Detection/dataset/kvasir-seg/images/cju2y40d8ulqo0993q0adtgtb.jpg,/Users/ujjwalsinha/Gastrointestinal-Disease-Detection/dataset/kvasir-seg/masks/cju2y40d8ulqo0993q0adtgtb.jpg,617,529,43265,12759,Yes,1,"polyp: [160,172,412,404]",polyp,617,529
kvasir-seg,cju2y5zas8m7f0801d34g5owq.jpg,/Users/ujjwalsinha/Gastrointestinal-Disease-Detection/dataset/kvasir-seg/images/cju2y5zas8m7f0801d34g5owq.jpg,/Users/ujjwalsinha/Gastrointestinal-Disease-Detection/dataset/kvasir-seg/masks/cju2y5zas8m7f0801d34g5owq.jpg,586,479,30784,17010,Yes,2,"polyp: [406,0,563,157]; polyp: [6,146,274,479]",polyp,586,479
kvasir-seg,cju2y8s56ymqr083541ggdsml.jpg,/Users/ujjwalsinha/Gastrointestinal-Disease-Detection/dataset/kvasir-seg/images/cju2y8s56ymqr083541ggdsml.jpg,/Users/ujjwalsinha/Gastrointestinal-Disease-Detection/dataset/kvasir-seg/masks/cju2y8s56ymqr083541ggdsml.jpg,615,530,34806,11585,Yes,1,"polyp: [327,217,500,474]",polyp,615,530
kvasir-seg,cju2yb31a8e8u0878wdashg7o.jpg,/Users/ujjwalsinha/Gastrointestinal-Disease-Detection/dataset/kvasir-seg/images/cju2yb31a8e8u0878wdashg7o.jpg,/Users/ujjwalsinha/Gastrointestinal-Disease-Detection/dataset/kvasir-seg/masks/cju2yb31a8e8u0878wdashg7o.jpg,621,531,34584,12913,Yes,1,"polyp: [328,135,583,435]",polyp,621,531
kvasir-seg,cju2ycp1u8g2r0799jslnp7cz.jpg,/Users/ujjwalsinha/Gastrointestinal-Disease-Detection/dataset/kvasir-seg/images/cju2ycp1u8g2r0799jslnp7cz.jpg,/Users/ujjwalsinha/Gastrointestinal-Disease-Detection/dataset/kvasir-seg/masks/cju2ycp1u8g2r0799jslnp7cz.jpg,617,531,27371,12406,Yes,1,"polyp: [256,117,462,365]",polyp,617,531
kvasir-seg,cju2yg5ht8i4p087800js8hp4.jpg,/Users/ujjwalsinha/Gastrointestinal-Disease-Detection/dataset/kvasir-seg/images/cju2yg5ht8i4p087800js8hp4.jpg,/Users/ujjwalsinha/Gastrointestinal-Disease-Detection/dataset/kvasir-seg/masks/cju2yg5ht8i4p087800js8hp4.jpg,626,546,38515,13662,Yes,1,"polyp: [311,47,529,422]",polyp,626,546
kvasir-seg,cju2yi9tz8vky0801yqip0xyl.jpg,/Users/ujjwalsinha/Gastrointestinal-Disease-Detection/dataset/kvasir-seg/images/cju2yi9tz8vky0801yqip0xyl.jpg,/Users/ujjwalsinha/Gastrointestinal-Disease-Detection/dataset/kvasir-seg/masks/cju2yi9tz8vky0801yqip0xyl.jpg,616,528,41460,14196,Yes,1,"polyp: [38,0,344,385]",polyp,616,528
kvasir-seg,cju2yljr0yzhw0988ecf271ly.jpg,/Users/ujjwalsinha/Gastrointestinal-Disease-Detection/dataset/kvasir-seg/images/cju2yljr0yzhw0988ecf271ly.jpg,/Users/ujjwalsinha/Gastrointestinal-Disease-Detection/dataset/kvasir-seg/masks/cju2yljr0yzhw0988ecf271ly.jpg,1220,1009,167297,35557,Yes,1,"polyp: [197,101,880,678]",polyp,1220,1009
kvasir-seg,cju2yo1j1v0qz09934o0e683p.jpg,/Users/ujjwalsinha/Gastrointestinal-Disease-Detection/dataset/kvasir-seg/images/cju2yo1j1v0qz09934o0e683p.jpg,/Users/ujjwalsinha/Gastrointestinal-Disease-Detection/dataset/kvasir-seg/masks/cju2yo1j1v0qz09934o0e683p.jpg,626,546,41020,14784,Yes,1,"polyp: [282,95,626,546]",polyp,626,546
kvasir-seg,cju2ysg748ru80878sp6j0gm0.jpg,/Users/ujjwalsinha/Gastrointestinal-Disease-Detection/dataset/kvasir-seg/images/cju2ysg748ru80878sp6j0gm0.jpg,/Users/ujjwalsinha/Gastrointestinal-Disease-Detection/dataset/kvasir-seg/masks/cju2ysg748ru80878sp6j0gm0.jpg,572,547,32728,15569,Yes,1,"polyp: [96,80,408,547]",polyp,572,547
kvasir-seg,cju2yv4imv6cz099314jveiib.jpg,/Users/ujjwalsinha/Gastrointestinal-Disease-Detection/dataset/kvasir-seg/images/cju2yv4imv6cz099314jveiib.jpg,/Users/ujjwalsinha/Gastrointestinal-Disease-Detection/dataset/kvasir-seg/masks/cju2yv4imv6cz099314jveiib.jpg,621,529,36974,11337,Yes,1,"polyp: [251,322,489,519]",polyp,621,529
kvasir-seg,cju2yw4s7z7p20988lmf2gdgd.jpg,/Users/ujjwalsinha/Gastrointestinal-Disease-Detection/dataset/kvasir-seg/images/cju2yw4s7z7p20988lmf2gdgd.jpg,/Users/ujjwalsinha/Gastrointestinal-Disease-Detection/dataset/kvasir-seg/masks/cju2yw4s7z7p20988lmf2gdgd.jpg,571,530,24685,10003,Yes,1,"polyp: [413,92,570,287]",polyp,571,530
kvasir-seg,cju2yyhsp933j0855hp32e012.jpg,/Users/ujjwalsinha/Gastrointestinal-Disease-Detection/dataset/kvasir-seg/images/cju2yyhsp933j0855hp32e012.jpg,/Users/ujjwalsinha/Gastrointestinal-Disease-Detection/dataset/kvasir-seg/masks/cju2yyhsp933j0855hp32e012.jpg,593,435,23169,11587,Yes,1,"polyp: [371,62,584,379]",polyp,593,435
kvasir-seg,cju2z1nxlzaj40835wj81s1iy.jpg,/Users/ujjwalsinha/Gastrointestinal-Disease-Detection/dataset/kvasir-seg/images/cju2z1nxlzaj40835wj81s1iy.jpg,/Users/ujjwalsinha/Gastrointestinal-Disease-Detection/dataset/kvasir-seg/masks/cju2z1nxlzaj40835wj81s1iy.jpg,622,531,40668,14058,Yes,1,"polyp: [125,56,427,409]",polyp,622,531
kvasir-seg,cju2z2x3nvd3c099350zgty7w.jpg,/Users/ujjwalsinha/Gastrointestinal-Disease-Detection/dataset/kvasir-seg/images/cju2z2x3nvd3c099350zgty7w.jpg,/Users/ujjwalsinha/Gastrointestinal-Disease-Detection/dataset/kvasir-seg/masks/cju2z2x3nvd3c099350zgty7w.jpg,553,530,24542,9345,Yes,1,"polyp: [215,107,344,307]",polyp,553,530
kvasir-seg,cju2z45kuzf6d0988nz2c819m.jpg,/Users/ujjwalsinha/Gastrointestinal-Disease-Detection/dataset/kvasir-seg/images/cju2z45kuzf6d0988nz2c819m.jpg,/Users/ujjwalsinha/Gastrointestinal-Disease-Detection/dataset/kvasir-seg/masks/cju2z45kuzf6d0988nz2c819m.jpg,562,529,45307,8408,Yes,1,"polyp: [182,205,283,338]",polyp,562,529
kvasir-seg,cju2z6ez69g4u0801qwt088lw.jpg,/Users/ujjwalsinha/Gastrointestinal-Disease-Detection/dataset/kvasir-seg/images/cju2z6ez69g4u0801qwt088lw.jpg,/Users/ujjwalsinha/Gastrointestinal-Disease-Detection/dataset/kvasir-seg/masks/cju2z6ez69g4u0801qwt088lw.jpg,626,538,33184,16215,Yes,1,"polyp: [76,0,386,442]",polyp,626,538
kvasir-seg,cju2z9vlp9j0w0801oag91sy9.jpg,/Users/ujjwalsinha/Gastrointestinal-Disease-Detection/dataset/kvasir-seg/images/cju2z9vlp9j0w0801oag91sy9.jpg,/Users/ujjwalsinha/Gastrointestinal-Disease-Detection/dataset/kvasir-seg/masks/cju2z9vlp9j0w0801oag91sy9.jpg,622,531,30655,11130,Yes,1,"polyp: [112,225,329,411]",polyp,622,531
kvasir-seg,cju2zblxw9848087853csbrx1.jpg,/Users/ujjwalsinha/Gastrointestinal-Disease-Detection/dataset/kvasir-seg/images/cju2zblxw9848087853csbrx1.jpg,/Users/ujjwalsinha/Gastrointestinal-Disease-Detection/dataset/kvasir-seg/masks/cju2zblxw9848087853csbrx1.jpg,586,530,28355,11260,Yes,1,"polyp: [281,126,461,359]",polyp,586,530
kvasir-seg,cju2zdhsczmn50988z64qwg2q.jpg,/Users/ujjwalsinha/Gastrointestinal-Disease-Detection/dataset/kvasir-seg/images/cju2zdhsczmn50988z64qwg2q.jpg,/Users/ujjwalsinha/Gastrointestinal-Disease-Detection/dataset/kvasir-seg/masks/cju2zdhsczmn50988z64qwg2q.jpg,598,530,32539,14856,Yes,2,"polyp: [118,93,247,209]; polyp: [392,114,579,374]",polyp,598,530
kvasir-seg,cju2zdvjn9h7r08553cp4eed5.jpg,/Users/ujjwalsinha/Gastrointestinal-Disease-Detection/dataset/kvasir-seg/images/cju2zdvjn9h7r08553cp4eed5.jpg,/Users/ujjwalsinha/Gastrointestinal-Disease-Detection/dataset/kvasir-seg/masks/cju2zdvjn9h7r08553cp4eed5.jpg,401,415,15994,6228,Yes,1,"polyp: [39,153,159,270]",polyp,401,415
kvasir-seg,cju2zgbj9zmrw0835nnlzxj4c.jpg,/Users/ujjwalsinha/Gastrointestinal-Disease-Detection/dataset/kvasir-seg/images/cju2zgbj9zmrw0835nnlzxj4c.jpg,/Users/ujjwalsinha/Gastrointestinal-Disease-Detection/dataset/kvasir-seg/masks/cju2zgbj9zmrw0835nnlzxj4c.jpg,623,528,48114,16180,Yes,1,"polyp: [76,58,498,438]",polyp,623,528
kvasir-seg,cju2zi4l09f5807991s8do2b2.jpg,/Users/ujjwalsinha/Gastrointestinal-Disease-Detection/dataset/kvasir-seg/images/cju2zi4l09f5807991s8do2b2.jpg,/Users/ujjwalsinha/Gastrointestinal-Disease-Detection/dataset/kvasir-seg/masks/cju2zi4l09f5807991s8do2b2.jpg,622,530,33370,10957,Yes,1,"polyp: [178,90,426,265]",polyp,622,530
kvasir-seg,cju2zjcvj9qma0801dk71hhi0.jpg,/Users/ujjwalsinha/Gastrointestinal-Disease-Detection/dataset/kvasir-seg/images/cju2zjcvj9qma0801dk71hhi0.jpg,/Users/ujjwalsinha/Gastrointestinal-Disease-Detection/dataset/kvasir-seg/masks/cju2zjcvj9qma0801dk71hhi0.jpg,622,528,34344,19676,Yes,2,"polyp: [209,29,501,486]; polyp: [55,53,201,315]",polyp,622,528
kvasir-seg,cju2zkpdl9h7t0799ix60teqg.jpg,/Users/ujjwalsinha/Gastrointestinal-Disease-Detection/dataset/kvasir-seg/images/cju2zkpdl9h7t0799ix60teqg.jpg,/Users/ujjwalsinha/Gastrointestinal-Disease-Detection/dataset/kvasir-seg/masks/cju2zkpdl9h7t0799ix60teqg.jpg,611,528,36084,9435,Yes,1,"polyp: [308,108,419,295]",polyp,611,528
kvasir-seg,cju2zm0axztpe0988r8s9twjr.jpg,/Users/ujjwalsinha/Gastrointestinal-Disease-Detection/dataset/kvasir-seg/images/cju2zm0axztpe0988r8s9twjr.jpg,/Users/ujjwalsinha/Gastrointestinal-Disease-Detection/dataset/kvasir-seg/masks/cju2zm0axztpe0988r8s9twjr.jpg,623,528,39110,10674,Yes,1,"polyp: [235,9,392,225]",polyp,623,528
kvasir-seg,cju2zo0fwzv580988qlijd2xa.jpg,/Users/ujjwalsinha/Gastrointestinal-Disease-Detection/dataset/kvasir-seg/images/cju2zo0fwzv580988qlijd2xa.jpg,/Users/ujjwalsinha/Gastrointestinal-Disease-Detection/dataset/kvasir-seg/masks/cju2zo0fwzv580988qlijd2xa.jpg,616,530,28595,12785,Yes,2,"polyp: [469,106,556,240]; polyp: [255,134,399,319]",polyp,616,530
kvasir-seg,cju2zp89k9q1g0855k1x0f1xa.jpg,/Users/ujjwalsinha/Gastrointestinal-Disease-Detection/dataset/kvasir-seg/images/cju2zp89k9q1g0855k1x0f1xa.jpg,/Users/ujjwalsinha/Gastrointestinal-Disease-Detection/dataset/kvasir-seg/masks/cju2zp89k9q1g0855k1x0f1xa.jpg,622,530,24220,8680,Yes,1,"polyp: [320,243,437,350]",polyp,622,530
kvasir-seg,cju2zpw4q9vzr0801p0lysjdl.jpg,/Users/ujjwalsinha/Gastrointestinal-Disease-Detection/dataset/kvasir-seg/images/cju2zpw4q9vzr0801p0lysjdl.jpg,/Users/ujjwalsinha/Gastrointestinal-Disease-Detection/dataset/kvasir-seg/masks/cju2zpw4q9vzr0801p0lysjdl.jpg,605,546,33122,8934,Yes,1,"polyp: [236,150,339,284]",polyp,605,546
kvasir-seg,cju2zr3c3vwb00993jn06bbaz.jpg,/Users/ujjwalsinha/Gastrointestinal-Disease-Detection/dataset/kvasir-seg/images/cju2zr3c3vwb00993jn06bbaz.jpg,/Users/ujjwalsinha/Gastrointestinal-Disease-Detection/dataset/kvasir-seg/masks/cju2zr3c3vwb00993jn06bbaz.jpg,575,531,28315,9439,Yes,1,"polyp: [221,263,366,415]",polyp,575,531
kvasir-seg,cju2zrojo9kcd0878ld2epejq.jpg,/Users/ujjwalsinha/Gastrointestinal-Disease-Detection/dataset/kvasir-seg/images/cju2zrojo9kcd0878ld2epejq.jpg,/Users/ujjwalsinha/Gastrointestinal-Disease-Detection/dataset/kvasir-seg/masks/cju2zrojo9kcd0878ld2epejq.jpg,621,531,29934,9776,Yes,1,"polyp: [368,41,481,230]",polyp,621,531
kvasir-seg,cju2zwg05a0oy0801yr73ig7g.jpg,/Users/ujjwalsinha/Gastrointestinal-Disease-Detection/dataset/kvasir-seg/images/cju2zwg05a0oy0801yr73ig7g.jpg,/Users/ujjwalsinha/Gastrointestinal-Disease-Detection/dataset/kvasir-seg/masks/cju2zwg05a0oy0801yr73ig7g.jpg,599,531,31759,11782,Yes,1,"polyp: [399,92,565,410]",polyp,599,531
kvasir-seg,cju2zxja9w1eh09933609ho9z.jpg,/Users/ujjwalsinha/Gastrointestinal-Disease-Detection/dataset/kvasir-seg/images/cju2zxja9w1eh09933609ho9z.jpg,/Users/ujjwalsinha/Gastrointestinal-Disease-Detection/dataset/kvasir-seg/masks/cju2zxja9w1eh09933609ho9z.jpg,584,530,34962,9144,Yes,1,"polyp: [314,245,429,390]",polyp,584,530
kvasir-seg,cju2zy1e49pqk0878t6ncqn12.jpg,/Users/ujjwalsinha/Gastrointestinal-Disease-Detection/dataset/kvasir-seg/images/cju2zy1e49pqk0878t6ncqn12.jpg,/Users/ujjwalsinha/Gastrointestinal-Disease-Detection/dataset/kvasir-seg/masks/cju2zy1e49pqk0878t6ncqn12.jpg,622,529,36463,9123,Yes,1,"polyp: [353,364,493,476]",polyp,622,529
kvasir-seg,cju300m3s04fg0988uzupuf7z.jpg,/Users/ujjwalsinha/Gastrointestinal-Disease-Detection/dataset/kvasir-seg/images/cju300m3s04fg0988uzupuf7z.jpg,/Users/ujjwalsinha/Gastrointestinal-Disease-Detection/dataset/kvasir-seg/masks/cju300m3s04fg0988uzupuf7z.jpg,622,529,43332,13264,Yes,1,"polyp: [58,0,405,213]",polyp,622,529
kvasir-seg,cju302fqq9spc0878rrygyzzz.jpg,/Users/ujjwalsinha/Gastrointestinal-Disease-Detection/dataset/kvasir-seg/images/cju302fqq9spc0878rrygyzzz.jpg,/Users/ujjwalsinha/Gastrointestinal-Disease-Detection/dataset/kvasir-seg/masks/cju302fqq9spc0878rrygyzzz.jpg,592,528,39316,12704,Yes,1,"polyp: [50,6,302,355]",polyp,592,528
kvasir-seg,cju303j5r062k098835zxfds5.jpg,/Users/ujjwalsinha/Gastrointestinal-Disease-Detection/dataset/kvasir-seg/images/cju303j5r062k098835zxfds5.jpg,/Users/ujjwalsinha/Gastrointestinal-Disease-Detection/dataset/kvasir-seg/masks/cju303j5r062k098835zxfds5.jpg,626,546,32917,10899,Yes,1,"polyp: [189,118,404,298]",polyp,626,546
kvasir-seg,cju30525w04r10835ygp257sb.jpg,/Users/ujjwalsinha/Gastrointestinal-Disease-Detection/dataset/kvasir-seg/images/cju30525w04r10835ygp257sb.jpg,/Users/ujjwalsinha/Gastrointestinal-Disease-Detection/dataset/kvasir-seg/masks/cju30525w04r10835ygp257sb.jpg,622,530,33090,11208,Yes,1,"polyp: [274,263,522,441]",polyp,622,530
kvasir-seg,cju306x7w05nb0835cunv799x.jpg,/Users/ujjwalsinha/Gastrointestinal-Disease-Detection/dataset/kvasir-seg/images/cju306x7w05nb0835cunv799x.jpg,/Users/ujjwalsinha/Gastrointestinal-Disease-Detection/dataset/kvasir-seg/masks/cju306x7w05nb0835cunv799x.jpg,626,546,35097,12541,Yes,1,"polyp: [113,27,386,286]",polyp,626,546
kvasir-seg,cju30ajhw09sx0988qyahx9s8.jpg,/Users/ujjwalsinha/Gastrointestinal-Disease-Detection/dataset/kvasir-seg/images/cju30ajhw09sx0988qyahx9s8.jpg,/Users/ujjwalsinha/Gastrointestinal-Disease-Detection/dataset/kvasir-seg/masks/cju30ajhw09sx0988qyahx9s8.jpg,622,530,37776,20012,Yes,2,"polyp: [338,37,622,475]; polyp: [149,167,333,399]",polyp,622,530
kvasir-seg,cju30bmab08bi0835mvlr6e0r.jpg,/Users/ujjwalsinha/Gastrointestinal-Disease-Detection/dataset/kvasir-seg/images/cju30bmab08bi0835mvlr6e0r.jpg,/Users/ujjwalsinha/Gastrointestinal-Disease-Detection/dataset/kvasir-seg/masks/cju30bmab08bi0835mvlr6e0r.jpg,622,530,24194,11206,Yes,1,"polyp: [144,92,376,278]",polyp,622,530
kvasir-seg,cju30df2j09dd08351ayx2t6w.jpg,/Users/ujjwalsinha/Gastrointestinal-Disease-Detection/dataset/kvasir-seg/images/cju30df2j09dd08351ayx2t6w.jpg,/Users/ujjwalsinha/Gastrointestinal-Disease-Detection/dataset/kvasir-seg/masks/cju30df2j09dd08351ayx2t6w.jpg,622,530,36559,12128,Yes,1,"polyp: [165,197,390,445]",polyp,622,530
kvasir-seg,cju30ftgja7170855xl9bkdm0.jpg,/Users/ujjwalsinha/Gastrointestinal-Disease-Detection/dataset/kvasir-seg/images/cju30ftgja7170855xl9bkdm0.jpg,/Users/ujjwalsinha/Gastrointestinal-Disease-Detection/dataset/kvasir-seg/masks/cju30ftgja7170855xl9bkdm0.jpg,595,531,37231,16054,Yes,1,"polyp: [169,49,524,460]",polyp,595,531
kvasir-seg,cju30gxjq0djk0988jytm49rs.jpg,/Users/ujjwalsinha/Gastrointestinal-Disease-Detection/dataset/kvasir-seg/images/cju30gxjq0djk0988jytm49rs.jpg,/Users/ujjwalsinha/Gastrointestinal-Disease-Detection/dataset/kvasir-seg/masks/cju30gxjq0djk0988jytm49rs.jpg,622,530,33392,11124,Yes,1,"polyp: [337,154,524,353]",polyp,622,530
kvasir-seg,cju30ia8da2bq0799klnehml2.jpg,/Users/ujjwalsinha/Gastrointestinal-Disease-Detection/dataset/kvasir-seg/images/cju30ia8da2bq0799klnehml2.jpg,/Users/ujjwalsinha/Gastrointestinal-Disease-Detection/dataset/kvasir-seg/masks/cju30ia8da2bq0799klnehml2.jpg,571,531,38193,17013,Yes,1,"polyp: [0,0,570,530]",polyp,571,531
kvasir-seg,cju30j1rgadut0801vuyrsnt8.jpg,/Users/ujjwalsinha/Gastrointestinal-Disease-Detection/dataset/kvasir-seg/images/cju30j1rgadut0801vuyrsnt8.jpg,/Users/ujjwalsinha/Gastrointestinal-Disease-Detection/dataset/kvasir-seg/masks/cju30j1rgadut0801vuyrsnt8.jpg,570,530,39500,8302,Yes,1,"polyp: [182,172,274,290]",polyp,570,530
kvasir-seg,cju30k2z40ds308353kdew70n.jpg,/Users/ujjwalsinha/Gastrointestinal-Disease-Detection/dataset/kvasir-seg/images/cju30k2z40ds308353kdew70n.jpg,/Users/ujjwalsinha/Gastrointestinal-Disease-Detection/dataset/kvasir-seg/masks/cju30k2z40ds308353kdew70n.jpg,618,528,40386,10984,Yes,1,"polyp: [202,246,389,448]",polyp,618,528
kvasir-seg,cju30lncba3ny0878jwnous8n.jpg,/Users/ujjwalsinha/Gastrointestinal-Disease-Detection/dataset/kvasir-seg/images/cju30lncba3ny0878jwnous8n.jpg,/Users/ujjwalsinha/Gastrointestinal-Disease-Detection/dataset/kvasir-seg/masks/cju30lncba3ny0878jwnous8n.jpg,570,530,31258,10016,Yes,1,"polyp: [198,83,388,252]",polyp,570,530
kvasir-seg,cju30mm25a53s0799qa5wiqe8.jpg,/Users/ujjwalsinha/Gastrointestinal-Disease-Detection/dataset/kvasir-seg/images/cju30mm25a53s0799qa5wiqe8.jpg,/Users/ujjwalsinha/Gastrointestinal-Disease-Detection/dataset/kvasir-seg/masks/cju30mm25a53s0799qa5wiqe8.jpg,622,529,45495,8572,Yes,1,"polyp: [282,333,407,417]",polyp,622,529
kvasir-seg,cju30nyxe0gfb0835p256yoju.jpg,/Users/ujjwalsinha/Gastrointestinal-Disease-Detection/dataset/kvasir-seg/images/cju30nyxe0gfb0835p256yoju.jpg,/Users/ujjwalsinha/Gastrointestinal-Disease-Detection/dataset/kvasir-seg/masks/cju30nyxe0gfb0835p256yoju.jpg,622,530,34508,17042,Yes,1,"polyp: [100,0,610,446]",polyp,622,530
kvasir-seg,cju30ov1oah920801mi8thuyg.jpg,/Users/ujjwalsinha/Gastrointestinal-Disease-Detection/dataset/kvasir-seg/images/cju30ov1oah920801mi8thuyg.jpg,/Users/ujjwalsinha/Gastrointestinal-Disease-Detection/dataset/kvasir-seg/masks/cju30ov1oah920801mi8thuyg.jpg,571,530,29962,8241,Yes,1,"polyp: [423,82,510,221]",polyp,571,530
kvasir-seg,cju30qbm1ad3x0855znuhpz9u.jpg,/Users/ujjwalsinha/Gastrointestinal-Disease-Detection/dataset/kvasir-seg/images/cju30qbm1ad3x0855znuhpz9u.jpg,/Users/ujjwalsinha/Gastrointestinal-Disease-Detection/dataset/kvasir-seg/masks/cju30qbm1ad3x0855znuhpz9u.jpg,622,529,32124,14067,Yes,1,"polyp: [73,155,431,529]",polyp,622,529
kvasir-seg,cju30u1hbakn808019g15nb8b.jpg,/Users/ujjwalsinha/Gastrointestinal-Disease-Detection/dataset/kvasir-seg/images/cju30u1hbakn808019g15nb8b.jpg,/Users/ujjwalsinha/Gastrointestinal-Disease-Detection/dataset/kvasir-seg/masks/cju30u1hbakn808019g15nb8b.jpg,510,528,31312,9123,Yes,1,"polyp: [174,206,337,384]",polyp,510,528
kvasir-seg,cju30xqmh0ni00835ix3batv1.jpg,/Users/ujjwalsinha/Gastrointestinal-Disease-Detection/dataset/kvasir-seg/images/cju30xqmh0ni00835ix3batv1.jpg,/Users/ujjwalsinha/Gastrointestinal-Disease-Detection/dataset/kvasir-seg/masks/cju30xqmh0ni00835ix3batv1.jpg,622,529,39377,14825,Yes,1,"polyp: [56,118,352,482]",polyp,622,529
kvasir-seg,cju30ywtc0oar0835bp2en7ec.jpg,/Users/ujjwalsinha/Gastrointestinal-Disease-Detection/dataset/kvasir-seg/images/cju30ywtc0oar0835bp2en7ec.jpg,/Users/ujjwalsinha/Gastrointestinal-Disease-Detection/dataset/kvasir-seg/masks/cju30ywtc0oar0835bp2en7ec.jpg,1348,1062,95066,37015,Yes,1,"polyp: [74,380,602,891]",polyp,1348,1062
kvasir-seg,cju310f6val1v0855xo8tc3gu.jpg,/Users/ujjwalsinha/Gastrointestinal-Disease-Detection/dataset/kvasir-seg/images/cju310f6val1v0855xo8tc3gu.jpg,/Users/ujjwalsinha/Gastrointestinal-Disease-Detection/dataset/kvasir-seg/masks/cju310f6val1v0855xo8tc3gu.jpg,622,531,35313,18622,Yes,1,"polyp: [30,0,596,455]",polyp,622,531
kvasir-seg,cju3128yi0rpu0988o4oo5n8n.jpg,/Users/ujjwalsinha/Gastrointestinal-Disease-Detection/dataset/kvasir-seg/images/cju3128yi0rpu0988o4oo5n8n.jpg,/Users/ujjwalsinha/Gastrointestinal-Disease-Detection/dataset/kvasir-seg/masks/cju3128yi0rpu0988o4oo5n8n.jpg,622,531,33538,9538,Yes,1,"polyp: [369,233,490,390]",polyp,622,531
kvasir-seg,cju31rb7vb6110801p9rhacuw.jpg,/Users/ujjwalsinha/Gastrointestinal-Disease-Detection/dataset/kvasir-seg/images/cju31rb7vb6110801p9rhacuw.jpg,/Users/ujjwalsinha/Gastrointestinal-Disease-Detection/dataset/kvasir-seg/masks/cju31rb7vb6110801p9rhacuw.jpg,622,530,32930,9881,Yes,1,"polyp: [329,120,475,290]",polyp,622,530
kvasir-seg,cju31t8xd17bk0835rnb893jk.jpg,/Users/ujjwalsinha/Gastrointestinal-Disease-Detection/dataset/kvasir-seg/images/cju31t8xd17bk0835rnb893jk.jpg,/Users/ujjwalsinha/Gastrointestinal-Disease-Detection/dataset/kvasir-seg/masks/cju31t8xd17bk0835rnb893jk.jpg,622,529,44846,7798,Yes,2,"polyp: [408,344,446,370]; polyp: [417,401,470,439]",polyp,622,529
kvasir-seg,cju31ugmfb3dz0855xtqshki6.jpg,/Users/ujjwalsinha/Gastrointestinal-Disease-Detection/dataset/kvasir-seg/images/cju31ugmfb3dz0855xtqshki6.jpg,/Users/ujjwalsinha/Gastrointestinal-Disease-Detection/dataset/kvasir-seg/masks/cju31ugmfb3dz0855xtqshki6.jpg,612,544,32018,10671,Yes,1,"polyp: [203,132,405,310]",polyp,612,544
kvasir-seg,cju31w6goazci0799n014ly1q.jpg,/Users/ujjwalsinha/Gastrointestinal-Disease-Detection/dataset/kvasir-seg/images/cju31w6goazci0799n014ly1q.jpg,/Users/ujjwalsinha/Gastrointestinal-Disease-Detection/dataset/kvasir-seg/masks/cju31w6goazci0799n014ly1q.jpg,627,547,29821,12717,Yes,1,"polyp: [19,85,214,408]",polyp,627,547
kvasir-seg,cju31y80qbawn0801twwm2l5s.jpg,/Users/ujjwalsinha/Gastrointestinal-Disease-Detection/dataset/kvasir-seg/images/cju31y80qbawn0801twwm2l5s.jpg,/Users/ujjwalsinha/Gastrointestinal-Disease-Detection/dataset/kvasir-seg/masks/cju31y80qbawn0801twwm2l5s.jpg,569,495,22539,12408,Yes,1,"polyp: [177,136,461,418]",polyp,569,495
kvasir-seg,cju320gyvbch60801v2amdi2g.jpg,/Users/ujjwalsinha/Gastrointestinal-Disease-Detection/dataset/kvasir-seg/images/cju320gyvbch60801v2amdi2g.jpg,/Users/ujjwalsinha/Gastrointestinal-Disease-Detection/dataset/kvasir-seg/masks/cju320gyvbch60801v2amdi2g.jpg,616,503,29088,17041,Yes,1,"polyp: [241,23,563,398]",polyp,616,503
kvasir-seg,cju323ypb1fbb0988gx5rzudb.jpg,/Users/ujjwalsinha/Gastrointestinal-Disease-Detection/dataset/kvasir-seg/images/cju323ypb1fbb0988gx5rzudb.jpg,/Users/ujjwalsinha/Gastrointestinal-Disease-Detection/dataset/kvasir-seg/masks/cju323ypb1fbb0988gx5rzudb.jpg,604,530,36030,16035,Yes,1,"polyp: [0,0,495,529]",polyp,604,530
kvasir-seg,cju324q101fhe08350wae9cif.jpg,/Users/ujjwalsinha/Gastrointestinal-Disease-Detection/dataset/kvasir-seg/images/cju324q101fhe08350wae9cif.jpg,/Users/ujjwalsinha/Gastrointestinal-Disease-Detection/dataset/kvasir-seg/masks/cju324q101fhe08350wae9cif.jpg,618,530,26042,11714,Yes,1,"polyp: [149,23,313,303]",polyp,618,530
kvasir-seg,cju326h4v1gxw08352px40p7r.jpg,/Users/ujjwalsinha/Gastrointestinal-Disease-Detection/dataset/kvasir-seg/images/cju326h4v1gxw08352px40p7r.jpg,/Users/ujjwalsinha/Gastrointestinal-Disease-Detection/dataset/kvasir-seg/masks/cju326h4v1gxw08352px40p7r.jpg,616,528,46586,15693,Yes,1,"polyp: [78,96,510,528]",polyp,616,528
kvasir-seg,cju3280wv1ir009882jze27tc.jpg,/Users/ujjwalsinha/Gastrointestinal-Disease-Detection/dataset/kvasir-seg/images/cju3280wv1ir009882jze27tc.jpg,/Users/ujjwalsinha/Gastrointestinal-Disease-Detection/dataset/kvasir-seg/masks/cju3280wv1ir009882jze27tc.jpg,571,530,39517,11677,Yes,1,"polyp: [164,200,412,441]",polyp,571,530
kvasir-seg,cju32a52lb9rc0799xi40qs00.jpg,/Users/ujjwalsinha/Gastrointestinal-Disease-Detection/dataset/kvasir-seg/images/cju32a52lb9rc0799xi40qs00.jpg,/Users/ujjwalsinha/Gastrointestinal-Disease-Detection/dataset/kvasir-seg/masks/cju32a52lb9rc0799xi40qs00.jpg,621,529,49620,20778,Yes,3,"polyp: [197,150,552,520]; polyp: [548,153,621,426]; polyp: [113,164,210,259]",polyp,621,529
kvasir-seg,cju32csyfblyh080170aa3x5p.jpg,/Users/ujjwalsinha/Gastrointestinal-Disease-Detection/dataset/kvasir-seg/images/cju32csyfblyh080170aa3x5p.jpg,/Users/ujjwalsinha/Gastrointestinal-Disease-Detection/dataset/kvasir-seg/masks/cju32csyfblyh080170aa3x5p.jpg,626,547,36371,11700,Yes,1,"polyp: [191,198,440,409]",polyp,626,547
kvasir-seg,cju32fhnhbds40799broyoptc.jpg,/Users/ujjwalsinha/Gastrointestinal-Disease-Detection/dataset/kvasir-seg/images/cju32fhnhbds40799broyoptc.jpg,/Users/ujjwalsinha/Gastrointestinal-Disease-Detection/dataset/kvasir-seg/masks/cju32fhnhbds40799broyoptc.jpg,621,530,33004,9930,Yes,1,"polyp: [287,128,407,321]",polyp,621,530
kvasir-seg,cju32gzs6xo8x0993r8tedbpb.jpg,/Users/ujjwalsinha/Gastrointestinal-Disease-Detection/dataset/kvasir-seg/images/cju32gzs6xo8x0993r8tedbpb.jpg,/Users/ujjwalsinha/Gastrointestinal-Disease-Detection/dataset/kvasir-seg/masks/cju32gzs6xo8x0993r8tedbpb.jpg,626,547,42893,14772,Yes,2,"polyp: [0,59,169,367]; polyp: [280,507,532,547]",polyp,626,547
kvasir-seg,cju32jcdabepz0878d0cznmfe.jpg,/Users/ujjwalsinha/Gastrointestinal-Disease-Detection/dataset/kvasir-seg/images/cju32jcdabepz0878d0cznmfe.jpg,/Users/ujjwalsinha/Gastrointestinal-Disease-Detection/dataset/kvasir-seg/masks/cju32jcdabepz0878d0cznmfe.jpg,622,530,32023,12314,Yes,1,"polyp: [319,115,549,390]",polyp,622,530
kvasir-seg,cju32l161bi1v07990vm376in.jpg,/Users/ujjwalsinha/Gastrointestinal-Disease-Detection/dataset/kvasir-seg/images/cju32l161bi1v07990vm376in.jpg,/Users/ujjwalsinha/Gastrointestinal-Disease-Detection/dataset/kvasir-seg/masks/cju32l161bi1v07990vm376in.jpg,622,529,37512,8093,Yes,1,"polyp: [541,220,622,378]",polyp,622,529
kvasir-seg,cju32phw2bv130801yj7bkouq.jpg,/Users/ujjwalsinha/Gastrointestinal-Disease-Detection/dataset/kvasir-seg/images/cju32phw2bv130801yj7bkouq.jpg,/Users/ujjwalsinha/Gastrointestinal-Disease-Detection/dataset/kvasir-seg/masks/cju32phw2bv130801yj7bkouq.jpg,626,547,44612,20432,Yes,1,"polyp: [0,0,596,521]",polyp,626,547
kvasir-seg,cju32pzh9bpw10855q4vaxfhe.jpg,/Users/ujjwalsinha/Gastrointestinal-Disease-Detection/dataset/kvasir-seg/images/cju32pzh9bpw10855q4vaxfhe.jpg,/Users/ujjwalsinha/Gastrointestinal-Disease-Detection/dataset/kvasir-seg/masks/cju32pzh9bpw10855q4vaxfhe.jpg,621,546,31186,10141,Yes,1,"polyp: [242,64,397,230]",polyp,621,546
kvasir-seg,cju32qr9tbvsj08013pkpjenq.jpg,/Users/ujjwalsinha/Gastrointestinal-Disease-Detection/dataset/kvasir-seg/images/cju32qr9tbvsj08013pkpjenq.jpg,/Users/ujjwalsinha/Gastrointestinal-Disease-Detection/dataset/kvasir-seg/masks/cju32qr9tbvsj08013pkpjenq.jpg,615,546,33069,10835,Yes,1,"polyp: [249,118,420,314]",polyp,615,546
kvasir-seg,cju32srle1xfq083575i3fl75.jpg,/Users/ujjwalsinha/Gastrointestinal-Disease-Detection/dataset/kvasir-seg/images/cju32srle1xfq083575i3fl75.jpg,/Users/ujjwalsinha/Gastrointestinal-Disease-Detection/dataset/kvasir-seg/masks/cju32srle1xfq083575i3fl75.jpg,626,547,33766,10796,Yes,1,"polyp: [371,125,557,293]",polyp,626,547
kvasir-seg,cju32upim1z7u0988l883nqp6.jpg,/Users/ujjwalsinha/Gastrointestinal-Disease-Detection/dataset/kvasir-seg/images/cju32upim1z7u0988l883nqp6.jpg,/Users/ujjwalsinha/Gastrointestinal-Disease-Detection/dataset/kvasir-seg/masks/cju32upim1z7u0988l883nqp6.jpg,570,479,30062,10545,Yes,1,"polyp: [210,112,443,339]",polyp,570,479
kvasir-seg,cju32zhbnc1oy0801iyv1ix6p.jpg,/Users/ujjwalsinha/Gastrointestinal-Disease-Detection/dataset/kvasir-seg/images/cju32zhbnc1oy0801iyv1ix6p.jpg,/Users/ujjwalsinha/Gastrointestinal-Disease-Detection/dataset/kvasir-seg/masks/cju32zhbnc1oy0801iyv1ix6p.jpg,622,531,37480,16343,Yes,1,"polyp: [299,43,616,480]",polyp,622,531
kvasir-seg,cju330ofbc2l30801th5g3hw6.jpg,/Users/ujjwalsinha/Gastrointestinal-Disease-Detection/dataset/kvasir-seg/images/cju330ofbc2l30801th5g3hw6.jpg,/Users/ujjwalsinha/Gastrointestinal-Disease-Detection/dataset/kvasir-seg/masks/cju330ofbc2l30801th5g3hw6.jpg,495,529,28977,8164,Yes,1,"polyp: [316,330,437,458]",polyp,495,529
kvasir-seg,cju33231uy4gi0993qc7b1jch.jpg,/Users/ujjwalsinha/Gastrointestinal-Disease-Detection/dataset/kvasir-seg/images/cju33231uy4gi0993qc7b1jch.jpg,/Users/ujjwalsinha/Gastrointestinal-Disease-Detection/dataset/kvasir-seg/masks/cju33231uy4gi0993qc7b1jch.jpg,622,529,38020,12463,Yes,1,"polyp: [302,153,494,373]",polyp,622,529
kvasir-seg,cju334jzo261t0835yqudnfs1.jpg,/Users/ujjwalsinha/Gastrointestinal-Disease-Detection/dataset/kvasir-seg/images/cju334jzo261t0835yqudnfs1.jpg,/Users/ujjwalsinha/Gastrointestinal-Disease-Detection/dataset/kvasir-seg/masks/cju334jzo261t0835yqudnfs1.jpg,623,528,43248,12374,Yes,1,"polyp: [335,94,623,404]",polyp,623,528
kvasir-seg,cju336l68y7if0993wf092166.jpg,/Users/ujjwalsinha/Gastrointestinal-Disease-Detection/dataset/kvasir-seg/images/cju336l68y7if0993wf092166.jpg,/Users/ujjwalsinha/Gastrointestinal-Disease-Detection/dataset/kvasir-seg/masks/cju336l68y7if0993wf092166.jpg,583,530,27196,13361,Yes,1,"polyp: [134,181,505,478]",polyp,583,530
kvasir-seg,cju3381d8bz3h07991xtl7ra0.jpg,/Users/ujjwalsinha/Gastrointestinal-Disease-Detection/dataset/kvasir-seg/images/cju3381d8bz3h07991xtl7ra0.jpg,/Users/ujjwalsinha/Gastrointestinal-Disease-Detection/dataset/kvasir-seg/masks/cju3381d8bz3h07991xtl7ra0.jpg,567,528,37535,9305,Yes,1,"polyp: [174,130,311,291]",polyp,567,528
kvasir-seg,cju33belnbyhm0878yxl42233.jpg,/Users/ujjwalsinha/Gastrointestinal-Disease-Detection/dataset/kvasir-seg/images/cju33belnbyhm0878yxl42233.jpg,/Users/ujjwalsinha/Gastrointestinal-Disease-Detection/dataset/kvasir-seg/masks/cju33belnbyhm0878yxl42233.jpg,613,528,45014,12039,Yes,2,"polyp: [178,114,318,258]; polyp: [344,319,445,425]",polyp,613,528
kvasir-seg,cju33eqwbcch208012jikwdky.jpg,/Users/ujjwalsinha/Gastrointestinal-Disease-Detection/dataset/kvasir-seg/images/cju33eqwbcch208012jikwdky.jpg,/Users/ujjwalsinha/Gastrointestinal-Disease-Detection/dataset/kvasir-seg/masks/cju33eqwbcch208012jikwdky.jpg,626,547,32242,14186,Yes,1,"polyp: [255,282,578,535]",polyp,626,547
kvasir-seg,cju33jon3ygbj0993pu22a4k6.jpg,/Users/ujjwalsinha/Gastrointestinal-Disease-Detection/dataset/kvasir-seg/images/cju33jon3ygbj0993pu22a4k6.jpg,/Users/ujjwalsinha/Gastrointestinal-Disease-Detection/dataset/kvasir-seg/masks/cju33jon3ygbj0993pu22a4k6.jpg,626,547,39290,9980,Yes,1,"polyp: [234,395,415,523]",polyp,626,547
kvasir-seg,cju33mirdc8mj0799k33wzoes.jpg,/Users/ujjwalsinha/Gastrointestinal-Disease-Detection/dataset/kvasir-seg/images/cju33mirdc8mj0799k33wzoes.jpg,/Users/ujjwalsinha/Gastrointestinal-Disease-Detection/dataset/kvasir-seg/masks/cju33mirdc8mj0799k33wzoes.jpg,626,547,46194,14470,Yes,1,"polyp: [249,204,550,490]",polyp,626,547
kvasir-seg,cju33o12x2jm50988944mxq0v.jpg,/Users/ujjwalsinha/Gastrointestinal-Disease-Detection/dataset/kvasir-seg/images/cju33o12x2jm50988944mxq0v.jpg,/Users/ujjwalsinha/Gastrointestinal-Disease-Detection/dataset/kvasir-seg/masks/cju33o12x2jm50988944mxq0v.jpg,622,530,28555,8660,Yes,1,"polyp: [283,242,398,368]",polyp,622,530
kvasir-seg,cju33qpdvc9g0087825jhf3s9.jpg,/Users/ujjwalsinha/Gastrointestinal-Disease-Detection/dataset/kvasir-seg/images/cju33qpdvc9g0087825jhf3s9.jpg,/Users/ujjwalsinha/Gastrointestinal-Disease-Detection/dataset/kvasir-seg/masks/cju33qpdvc9g0087825jhf3s9.jpg,622,531,30124,8988,Yes,1,"polyp: [114,258,250,405]",polyp,622,531
kvasir-seg,cju33w4sdcivk0855x879zht7.jpg,/Users/ujjwalsinha/Gastrointestinal-Disease-Detection/dataset/kvasir-seg/images/cju33w4sdcivk0855x879zht7.jpg,/Users/ujjwalsinha/Gastrointestinal-Disease-Detection/dataset/kvasir-seg/masks/cju33w4sdcivk0855x879zht7.jpg,617,547,27152,11363,Yes,1,"polyp: [238,128,402,378]",polyp,617,547
kvasir-seg,cju33x0f22peh0988g0ln7w5v.jpg,/Users/ujjwalsinha/Gastrointestinal-Disease-Detection/dataset/kvasir-seg/images/cju33x0f22peh0988g0ln7w5v.jpg,/Users/ujjwalsinha/Gastrointestinal-Disease-Detection/dataset/kvasir-seg/masks/cju33x0f22peh0988g0ln7w5v.jpg,597,528,40812,8274,Yes,1,"polyp: [282,201,391,306]",polyp,597,528
kvasir-seg,cju33yemn2qb20988wfjxximx.jpg,/Users/ujjwalsinha/Gastrointestinal-Disease-Detection/dataset/kvasir-seg/images/cju33yemn2qb20988wfjxximx.jpg,/Users/ujjwalsinha/Gastrointestinal-Disease-Detection/dataset/kvasir-seg/masks/cju33yemn2qb20988wfjxximx.jpg,622,511,32977,9840,Yes,1,"polyp: [251,277,446,400]",polyp,622,511
kvasir-seg,cju33za6l2qy70988jhrlp2ev.jpg,/Users/ujjwalsinha/Gastrointestinal-Disease-Detection/dataset/kvasir-seg/images/cju33za6l2qy70988jhrlp2ev.jpg,/Users/ujjwalsinha/Gastrointestinal-Disease-Detection/dataset/kvasir-seg/masks/cju33za6l2qy70988jhrlp2ev.jpg,626,546,38773,11288,Yes,1,"polyp: [78,58,182,327]",polyp,626,546
kvasir-seg,cju34aozyyy830993bn16u32n.jpg,/Users/ujjwalsinha/Gastrointestinal-Disease-Detection/dataset/kvasir-seg/images/cju34aozyyy830993bn16u32n.jpg,/Users/ujjwalsinha/Gastrointestinal-Disease-Detection/dataset/kvasir-seg/masks/cju34aozyyy830993bn16u32n.jpg,609,530,42066,16749,Yes,1,"polyp: [163,19,465,490]",polyp,609,530
kvasir-seg,cju34c1xfyz920993itxkkfad.jpg,/Users/ujjwalsinha/Gastrointestinal-Disease-Detection/dataset/kvasir-seg/images/cju34c1xfyz920993itxkkfad.jpg,/Users/ujjwalsinha/Gastrointestinal-Disease-Detection/dataset/kvasir-seg/masks/cju34c1xfyz920993itxkkfad.jpg,570,508,32349,14391,Yes,1,"polyp: [81,146,421,496]",polyp,570,508
kvasir-seg,cju34ds2531520988qjpqt6e3.jpg,/Users/ujjwalsinha/Gastrointestinal-Disease-Detection/dataset/kvasir-seg/images/cju34ds2531520988qjpqt6e3.jpg,/Users/ujjwalsinha/Gastrointestinal-Disease-Detection/dataset/kvasir-seg/masks/cju34ds2531520988qjpqt6e3.jpg,617,531,32352,14705,Yes,1,"polyp: [169,43,460,397]",polyp,617,531
kvasir-seg,cju34eqjpcpm508788b3lhp97.jpg,/Users/ujjwalsinha/Gastrointestinal-Disease-Detection/dataset/kvasir-seg/images/cju34eqjpcpm508788b3lhp97.jpg,/Users/ujjwalsinha/Gastrointestinal-Disease-Detection/dataset/kvasir-seg/masks/cju34eqjpcpm508788b3lhp97.jpg,557,531,22880,10128,Yes,1,"polyp: [323,199,491,429]",polyp,557,531
kvasir-seg,cju34fojcctcf0799ebolbvkn.jpg,/Users/ujjwalsinha/Gastrointestinal-Disease-Detection/dataset/kvasir-seg/images/cju34fojcctcf0799ebolbvkn.jpg,/Users/ujjwalsinha/Gastrointestinal-Disease-Detection/dataset/kvasir-seg/masks/cju34fojcctcf0799ebolbvkn.jpg,626,547,31029,9404,Yes,1,"polyp: [443,88,540,234]",polyp,626,547
kvasir-seg,cju34i3qvcyog0855qiejxx5w.jpg,/Users/ujjwalsinha/Gastrointestinal-Disease-Detection/dataset/kvasir-seg/images/cju34i3qvcyog0855qiejxx5w.jpg,/Users/ujjwalsinha/Gastrointestinal-Disease-Detection/dataset/kvasir-seg/masks/cju34i3qvcyog0855qiejxx5w.jpg,622,529,45820,16973,Yes,1,"polyp: [137,16,503,435]",polyp,622,529
kvasir-seg,cju34m7h536wq0988xz7gx79v.jpg,/Users/ujjwalsinha/Gastrointestinal-Disease-Detection/dataset/kvasir-seg/images/cju34m7h536wq0988xz7gx79v.jpg,/Users/ujjwalsinha/Gastrointestinal-Disease-Detection/dataset/kvasir-seg/masks/cju34m7h536wq0988xz7gx79v.jpg,617,531,40085,11806,Yes,1,"polyp: [110,296,451,531]",polyp,617,531
kvasir-seg,cju34o6dbd2lo0855aqlcy1hs.jpg,/Users/ujjwalsinha/Gastrointestinal-Disease-Detection/dataset/kvasir-seg/images/cju34o6dbd2lo0855aqlcy1hs.jpg,/Users/ujjwalsinha/Gastrointestinal-Disease-Detection/dataset/kvasir-seg/masks/cju34o6dbd2lo0855aqlcy1hs.jpg,623,476,33994,7787,Yes,1,"polyp: [303,0,465,112]",polyp,623,476
kvasir-seg,cju34ouumcznz07996gg1xq7v.jpg,/Users/ujjwalsinha/Gastrointestinal-Disease-Detection/dataset/kvasir-seg/images/cju34ouumcznz07996gg1xq7v.jpg,/Users/ujjwalsinha/Gastrointestinal-Disease-Detection/dataset/kvasir-seg/masks/cju34ouumcznz07996gg1xq7v.jpg,626,547,32464,13244,Yes,1,"polyp: [159,146,443,427]",polyp,626,547
kvasir-seg,cju34repocy5208780gswillm.jpg,/Users/ujjwalsinha/Gastrointestinal-Disease-Detection/dataset/kvasir-seg/images/cju34repocy5208780gswillm.jpg,/Users/ujjwalsinha/Gastrointestinal-Disease-Detection/dataset/kvasir-seg/masks/cju34repocy5208780gswillm.jpg,622,529,44810,13762,Yes,1,"polyp: [45,281,458,529]",polyp,622,529
kvasir-seg,cju34sh43d8zm08019xbwhc0o.jpg,/Users/ujjwalsinha/Gastrointestinal-Disease-Detection/dataset/kvasir-seg/images/cju34sh43d8zm08019xbwhc0o.jpg,/Users/ujjwalsinha/Gastrointestinal-Disease-Detection/dataset/kvasir-seg/masks/cju34sh43d8zm08019xbwhc0o.jpg,620,530,27681,11801,Yes,1,"polyp: [105,206,332,492]",polyp,620,530
kvasir-seg,cju34uhepd3dd0799hs8782ad.jpg,/Users/ujjwalsinha/Gastrointestinal-Disease-Detection/dataset/kvasir-seg/images/cju34uhepd3dd0799hs8782ad.jpg,/Users/ujjwalsinha/Gastrointestinal-Disease-Detection/dataset/kvasir-seg/masks/cju34uhepd3dd0799hs8782ad.jpg,626,546,42049,9057,Yes,1,"polyp: [268,152,369,278]",polyp,626,546
kvasir-seg,cju34xspwzenf0993cyzajv9n.jpg,/Users/ujjwalsinha/Gastrointestinal-Disease-Detection/dataset/kvasir-seg/images/cju34xspwzenf0993cyzajv9n.jpg,/Users/ujjwalsinha/Gastrointestinal-Disease-Detection/dataset/kvasir-seg/masks/cju34xspwzenf0993cyzajv9n.jpg,626,547,36123,16325,Yes,2,"polyp: [224,94,496,361]; polyp: [490,366,605,520]",polyp,626,547
kvasir-seg,cju34ymm8d6700799uop0cw33.jpg,/Users/ujjwalsinha/Gastrointestinal-Disease-Detection/dataset/kvasir-seg/images/cju34ymm8d6700799uop0cw33.jpg,/Users/ujjwalsinha/Gastrointestinal-Disease-Detection/dataset/kvasir-seg/masks/cju34ymm8d6700799uop0cw33.jpg,621,531,28515,10161,Yes,1,"polyp: [194,346,371,492]",polyp,621,531
kvasir-seg,cju34zivp3fq80988opxbaqyn.jpg,/Users/ujjwalsinha/Gastrointestinal-Disease-Detection/dataset/kvasir-seg/images/cju34zivp3fq80988opxbaqyn.jpg,/Users/ujjwalsinha/Gastrointestinal-Disease-Detection/dataset/kvasir-seg/masks/cju34zivp3fq80988opxbaqyn.jpg,580,528,32504,9953,Yes,1,"polyp: [204,130,367,310]",polyp,580,528
kvasir-seg,cju3518w2d838079939fqztbc.jpg,/Users/ujjwalsinha/Gastrointestinal-Disease-Detection/dataset/kvasir-seg/images/cju3518w2d838079939fqztbc.jpg,/Users/ujjwalsinha/Gastrointestinal-Disease-Detection/dataset/kvasir-seg/masks/cju3518w2d838079939fqztbc.jpg,623,529,37897,12829,Yes,1,"polyp: [187,244,516,529]",polyp,623,529
kvasir-seg,cju3521y5d5mq0878t3ezsu4p.jpg,/Users/ujjwalsinha/Gastrointestinal-Disease-Detection/dataset/kvasir-seg/images/cju3521y5d5mq0878t3ezsu4p.jpg,/Users/ujjwalsinha/Gastrointestinal-Disease-Detection/dataset/kvasir-seg/masks/cju3521y5d5mq0878t3ezsu4p.jpg,622,530,26814,10498,Yes,1,"polyp: [285,143,440,342]",polyp,622,530
kvasir-seg,cju353d1eda8c07992afde611.jpg,/Users/ujjwalsinha/Gastrointestinal-Disease-Detection/dataset/kvasir-seg/images/cju353d1eda8c07992afde611.jpg,/Users/ujjwalsinha/Gastrointestinal-Disease-Detection/dataset/kvasir-seg/masks/cju353d1eda8c07992afde611.jpg,622,528,45460,10141,Yes,1,"polyp: [447,71,622,274]",polyp,622,528
kvasir-seg,cju35740hzm0g0993zl5ic246.jpg,/Users/ujjwalsinha/Gastrointestinal-Disease-Detection/dataset/kvasir-seg/images/cju35740hzm0g0993zl5ic246.jpg,/Users/ujjwalsinha/Gastrointestinal-Disease-Detection/dataset/kvasir-seg/masks/cju35740hzm0g0993zl5ic246.jpg,557,474,22099,7804,Yes,1,"polyp: [283,298,387,471]",polyp,557,474
kvasir-seg,cju357rxxdaz30878y2esjpjt.jpg,/Users/ujjwalsinha/Gastrointestinal-Disease-Detection/dataset/kvasir-seg/images/cju357rxxdaz30878y2esjpjt.jpg,/Users/ujjwalsinha/Gastrointestinal-Disease-Detection/dataset/kvasir-seg/masks/cju357rxxdaz30878y2esjpjt.jpg,558,531,22459,8256,Yes,1,"polyp: [246,28,368,142]",polyp,558,531
kvasir-seg,cju358pwtdby20878cg7nm0np.jpg,/Users/ujjwalsinha/Gastrointestinal-Disease-Detection/dataset/kvasir-seg/images/cju358pwtdby20878cg7nm0np.jpg,/Users/ujjwalsinha/Gastrointestinal-Disease-Detection/dataset/kvasir-seg/masks/cju358pwtdby20878cg7nm0np.jpg,581,528,34894,9305,Yes,1,"polyp: [114,162,234,327]",polyp,581,528
kvasir-seg,cju35a77vdj4n08556jj2lgmc.jpg,/Users/ujjwalsinha/Gastrointestinal-Disease-Detection/dataset/kvasir-seg/images/cju35a77vdj4n08556jj2lgmc.jpg,/Users/ujjwalsinha/Gastrointestinal-Disease-Detection/dataset/kvasir-seg/masks/cju35a77vdj4n08556jj2lgmc.jpg,570,530,29913,13307,Yes,1,"polyp: [103,164,419,529]",polyp,570,530
kvasir-seg,cju35atpxdjot0855q46aqrd0.jpg,/Users/ujjwalsinha/Gastrointestinal-Disease-Detection/dataset/kvasir-seg/images/cju35atpxdjot0855q46aqrd0.jpg,/Users/ujjwalsinha/Gastrointestinal-Disease-Detection/dataset/kvasir-seg/masks/cju35atpxdjot0855q46aqrd0.jpg,626,546,52970,10941,Yes,1,"polyp: [110,0,323,164]",polyp,626,546
kvasir-seg,cju35c4wzdhow0799h6eq4sgs.jpg,/Users/ujjwalsinha/Gastrointestinal-Disease-Detection/dataset/kvasir-seg/images/cju35c4wzdhow0799h6eq4sgs.jpg,/Users/ujjwalsinha/Gastrointestinal-Disease-Detection/dataset/kvasir-seg/masks/cju35c4wzdhow0799h6eq4sgs.jpg,599,531,32887,11086,Yes,1,"polyp: [298,286,599,531]",polyp,599,531
kvasir-seg,cju35eg0tdmjt085525sb4bua.jpg,/Users/ujjwalsinha/Gastrointestinal-Disease-Detection/dataset/kvasir-seg/images/cju35eg0tdmjt085525sb4bua.jpg,/Users/ujjwalsinha/Gastrointestinal-Disease-Detection/dataset/kvasir-seg/masks/cju35eg0tdmjt085525sb4bua.jpg,599,528,36763,10521,Yes,1,"polyp: [321,203,502,397]",polyp,599,528
kvasir-seg,cju35fxqyzt5p0993vusm54qz.jpg,/Users/ujjwalsinha/Gastrointestinal-Disease-Detection/dataset/kvasir-seg/images/cju35fxqyzt5p0993vusm54qz.jpg,/Users/ujjwalsinha/Gastrointestinal-Disease-Detection/dataset/kvasir-seg/masks/cju35fxqyzt5p0993vusm54qz.jpg,613,531,34238,13126,Yes,1,"polyp: [171,167,392,511]",polyp,613,531
kvasir-seg,cju35i2e63uxr0835h7zgkg9k.jpg,/Users/ujjwalsinha/Gastrointestinal-Disease-Detection/dataset/kvasir-seg/images/cju35i2e63uxr0835h7zgkg9k.jpg,/Users/ujjwalsinha/Gastrointestinal-Disease-Detection/dataset/kvasir-seg/masks/cju35i2e63uxr0835h7zgkg9k.jpg,614,531,31099,13631,Yes,1,"polyp: [237,97,445,507]",polyp,614,531
kvasir-seg,cju35k2fr3vc50988c85qkrwg.jpg,/Users/ujjwalsinha/Gastrointestinal-Disease-Detection/dataset/kvasir-seg/images/cju35k2fr3vc50988c85qkrwg.jpg,/Users/ujjwalsinha/Gastrointestinal-Disease-Detection/dataset/kvasir-seg/masks/cju35k2fr3vc50988c85qkrwg.jpg,570,530,26154,11551,Yes,2,"polyp: [355,192,477,289]; polyp: [172,315,286,460]",polyp,570,530
kvasir-seg,cju35ldepdtlm0801yv79y8vu.jpg,/Users/ujjwalsinha/Gastrointestinal-Disease-Detection/dataset/kvasir-seg/images/cju35ldepdtlm0801yv79y8vu.jpg,/Users/ujjwalsinha/Gastrointestinal-Disease-Detection/dataset/kvasir-seg/masks/cju35ldepdtlm0801yv79y8vu.jpg,626,547,31439,10406,Yes,1,"polyp: [102,51,256,208]",polyp,626,547
kvasir-seg,cju35mdz73x890835eynq1h9v.jpg,/Users/ujjwalsinha/Gastrointestinal-Disease-Detection/dataset/kvasir-seg/images/cju35mdz73x890835eynq1h9v.jpg,/Users/ujjwalsinha/Gastrointestinal-Disease-Detection/dataset/kvasir-seg/masks/cju35mdz73x890835eynq1h9v.jpg,570,529,33939,10862,Yes,1,"polyp: [183,158,438,371]",polyp,570,529
kvasir-seg,cju35oyvd3y850988km12hdz1.jpg,/Users/ujjwalsinha/Gastrointestinal-Disease-Detection/dataset/kvasir-seg/images/cju35oyvd3y850988km12hdz1.jpg,/Users/ujjwalsinha/Gastrointestinal-Disease-Detection/dataset/kvasir-seg/masks/cju35oyvd3y850988km12hdz1.jpg,590,506,20520,10614,Yes,1,"polyp: [48,163,278,333]",polyp,590,506
kvasir-seg,cju3tp94kfstl08181awh6z49.jpg,/Users/ujjwalsinha/Gastrointestinal-Disease-Detection/dataset/kvasir-seg/images/cju3tp94kfstl08181awh6z49.jpg,/Users/ujjwalsinha/Gastrointestinal-Disease-Detection/dataset/kvasir-seg/masks/cju3tp94kfstl08181awh6z49.jpg,593,530,32965,19318,Yes,1,"polyp: [1,11,553,512]",polyp,593,530
kvasir-seg,cju3tsh4lfsok0987w6x3a0v1.jpg,/Users/ujjwalsinha/Gastrointestinal-Disease-Detection/dataset/kvasir-seg/images/cju3tsh4lfsok0987w6x3a0v1.jpg,/Users/ujjwalsinha/Gastrointestinal-Disease-Detection/dataset/kvasir-seg/masks/cju3tsh4lfsok0987w6x3a0v1.jpg,622,530,36386,19269,Yes,1,"polyp: [47,0,594,365]",polyp,622,530
kvasir-seg,cju3ttznuftyf09875t11850w.jpg,/Users/ujjwalsinha/Gastrointestinal-Disease-Detection/dataset/kvasir-seg/images/cju3ttznuftyf09875t11850w.jpg,/Users/ujjwalsinha/Gastrointestinal-Disease-Detection/dataset/kvasir-seg/masks/cju3ttznuftyf09875t11850w.jpg,626,547,34978,11156,Yes,1,"polyp: [282,238,534,421]",polyp,626,547
kvasir-seg,cju3tvffffx5f0818t5ov22al.jpg,/Users/ujjwalsinha/Gastrointestinal-Disease-Detection/dataset/kvasir-seg/images/cju3tvffffx5f0818t5ov22al.jpg,/Users/ujjwalsinha/Gastrointestinal-Disease-Detection/dataset/kvasir-seg/masks/cju3tvffffx5f0818t5ov22al.jpg,622,530,30537,13424,Yes,1,"polyp: [93,10,396,322]",polyp,622,530
kvasir-seg,cju3tx1qyg0c907552fglumhc.jpg,/Users/ujjwalsinha/Gastrointestinal-Disease-Detection/dataset/kvasir-seg/images/cju3tx1qyg0c907552fglumhc.jpg,/Users/ujjwalsinha/Gastrointestinal-Disease-Detection/dataset/kvasir-seg/masks/cju3tx1qyg0c907552fglumhc.jpg,622,529,41679,10659,Yes,1,"polyp: [188,0,418,151]",polyp,622,529
kvasir-seg,cju3u1c8tfyqx08503iedc3mx.jpg,/Users/ujjwalsinha/Gastrointestinal-Disease-Detection/dataset/kvasir-seg/images/cju3u1c8tfyqx08503iedc3mx.jpg,/Users/ujjwalsinha/Gastrointestinal-Disease-Detection/dataset/kvasir-seg/masks/cju3u1c8tfyqx08503iedc3mx.jpg,622,528,27836,12140,Yes,1,"polyp: [7,166,458,315]",polyp,622,528
kvasir-seg,cju3u39fog1bo0871lxjrabks.jpg,/Users/ujjwalsinha/Gastrointestinal-Disease-Detection/dataset/kvasir-seg/images/cju3u39fog1bo0871lxjrabks.jpg,/Users/ujjwalsinha/Gastrointestinal-Disease-Detection/dataset/kvasir-seg/masks/cju3u39fog1bo0871lxjrabks.jpg,1205,1010,81114,27898,Yes,1,"polyp: [376,0,825,307]",polyp,1205,1010
kvasir-seg,cju3u4lxmg59o0755rz42b9en.jpg,/Users/ujjwalsinha/Gastrointestinal-Disease-Detection/dataset/kvasir-seg/images/cju3u4lxmg59o0755rz42b9en.jpg,/Users/ujjwalsinha/Gastrointestinal-Disease-Detection/dataset/kvasir-seg/masks/cju3u4lxmg59o0755rz42b9en.jpg,622,528,37695,12478,Yes,1,"polyp: [254,235,473,528]",polyp,622,528
kvasir-seg,cju3u815rg4ek0850vvhtcvcm.jpg,/Users/ujjwalsinha/Gastrointestinal-Disease-Detection/dataset/kvasir-seg/images/cju3u815rg4ek0850vvhtcvcm.jpg,/Users/ujjwalsinha/Gastrointestinal-Disease-Detection/dataset/kvasir-seg/masks/cju3u815rg4ek0850vvhtcvcm.jpg,595,546,31500,17066,Yes,1,"polyp: [14,81,590,418]",polyp,595,546
kvasir-seg,cju3ua8u0g9rg0801uayhdxhu.jpg,/Users/ujjwalsinha/Gastrointestinal-Disease-Detection/dataset/kvasir-seg/images/cju3ua8u0g9rg0801uayhdxhu.jpg,/Users/ujjwalsinha/Gastrointestinal-Disease-Detection/dataset/kvasir-seg/masks/cju3ua8u0g9rg0801uayhdxhu.jpg,622,530,37557,12389,Yes,1,"polyp: [211,223,469,467]",polyp,622,530
kvasir-seg,cju3uhb79gcgr0871orbrbi3x.jpg,/Users/ujjwalsinha/Gastrointestinal-Disease-Detection/dataset/kvasir-seg/images/cju3uhb79gcgr0871orbrbi3x.jpg,/Users/ujjwalsinha/Gastrointestinal-Disease-Detection/dataset/kvasir-seg/masks/cju3uhb79gcgr0871orbrbi3x.jpg,622,531,33269,18047,Yes,10,"polyp: [413,46,465,100]; polyp: [100,70,164,126]; polyp: [549,105,580,149]; polyp: [238,122,270,157]; polyp: [373,140,428,186]; polyp: [148,151,180,180]; polyp: [456,235,513,307]; polyp: [234,265,270,302]; polyp: [393,286,427,329]; polyp: [257,393,337,444]",polyp,622,531
kvasir-seg,cju3ul8dogf1z09872y2ecowp.jpg,/Users/ujjwalsinha/Gastrointestinal-Disease-Detection/dataset/kvasir-seg/images/cju3ul8dogf1z09872y2ecowp.jpg,/Users/ujjwalsinha/Gastrointestinal-Disease-Detection/dataset/kvasir-seg/masks/cju3ul8dogf1z09872y2ecowp.jpg,609,531,32318,9328,Yes,1,"polyp: [391,175,506,361]",polyp,609,531
kvasir-seg,cju3umoh1geet0817cmpef5am.jpg,/Users/ujjwalsinha/Gastrointestinal-Disease-Detection/dataset/kvasir-seg/images/cju3umoh1geet0817cmpef5am.jpg,/Users/ujjwalsinha/Gastrointestinal-Disease-Detection/dataset/kvasir-seg/masks/cju3umoh1geet0817cmpef5am.jpg,599,531,36204,11703,Yes,1,"polyp: [190,303,407,531]",polyp,599,531
kvasir-seg,cju3uwz6ogsp10801h2r3bj5l.jpg,/Users/ujjwalsinha/Gastrointestinal-Disease-Detection/dataset/kvasir-seg/images/cju3uwz6ogsp10801h2r3bj5l.jpg,/Users/ujjwalsinha/Gastrointestinal-Disease-Detection/dataset/kvasir-seg/masks/cju3uwz6ogsp10801h2r3bj5l.jpg,622,531,31535,10886,Yes,1,"polyp: [102,241,347,401]",polyp,622,531
kvasir-seg,cju3uz4o6gr9z0850lhxyxvsj.jpg,/Users/ujjwalsinha/Gastrointestinal-Disease-Detection/dataset/kvasir-seg/images/cju3uz4o6gr9z0850lhxyxvsj.jpg,/Users/ujjwalsinha/Gastrointestinal-Disease-Detection/dataset/kvasir-seg/masks/cju3uz4o6gr9z0850lhxyxvsj.jpg,1348,1070,108328,38536,Yes,1,"polyp: [309,151,899,792]",polyp,1348,1070
kvasir-seg,cju3v0fl3gwce0755qkjhzmd4.jpg,/Users/ujjwalsinha/Gastrointestinal-Disease-Detection/dataset/kvasir-seg/images/cju3v0fl3gwce0755qkjhzmd4.jpg,/Users/ujjwalsinha/Gastrointestinal-Disease-Detection/dataset/kvasir-seg/masks/cju3v0fl3gwce0755qkjhzmd4.jpg,621,530,34236,13463,Yes,1,"polyp: [250,141,576,449]",polyp,621,530
kvasir-seg,cju3v11mrgwwb0755u242ygye.jpg,/Users/ujjwalsinha/Gastrointestinal-Disease-Detection/dataset/kvasir-seg/images/cju3v11mrgwwb0755u242ygye.jpg,/Users/ujjwalsinha/Gastrointestinal-Disease-Detection/dataset/kvasir-seg/masks/cju3v11mrgwwb0755u242ygye.jpg,622,530,30205,10524,Yes,1,"polyp: [223,266,454,407]",polyp,622,530
kvasir-seg,cju3v3ac9gyz30755hfqwyp1i.jpg,/Users/ujjwalsinha/Gastrointestinal-Disease-Detection/dataset/kvasir-seg/images/cju3v3ac9gyz30755hfqwyp1i.jpg,/Users/ujjwalsinha/Gastrointestinal-Disease-Detection/dataset/kvasir-seg/masks/cju3v3ac9gyz30755hfqwyp1i.jpg,578,530,24818,10050,Yes,1,"polyp: [243,33,407,237]",polyp,578,530
kvasir-seg,cju3v56bwgy8v0871w14pz8fx.jpg,/Users/ujjwalsinha/Gastrointestinal-Disease-Detection/dataset/kvasir-seg/images/cju3v56bwgy8v0871w14pz8fx.jpg,/Users/ujjwalsinha/Gastrointestinal-Disease-Detection/dataset/kvasir-seg/masks/cju3v56bwgy8v0871w14pz8fx.jpg,570,531,39193,14504,Yes,2,"polyp: [145,35,371,206]; polyp: [49,191,192,424]",polyp,570,531
kvasir-seg,cju3v664kh0px0818y4y7wolf.jpg,/Users/ujjwalsinha/Gastrointestinal-Disease-Detection/dataset/kvasir-seg/images/cju3v664kh0px0818y4y7wolf.jpg,/Users/ujjwalsinha/Gastrointestinal-Disease-Detection/dataset/kvasir-seg/masks/cju3v664kh0px0818y4y7wolf.jpg,621,531,32010,9957,Yes,1,"polyp: [350,138,499,320]",polyp,621,531
kvasir-seg,cju3v72v5h1qz0818fggilwtq.jpg,/Users/ujjwalsinha/Gastrointestinal-Disease-Detection/dataset/kvasir-seg/images/cju3v72v5h1qz0818fggilwtq.jpg,/Users/ujjwalsinha/Gastrointestinal-Disease-Detection/dataset/kvasir-seg/masks/cju3v72v5h1qz0818fggilwtq.jpg,622,529,33260,9292,Yes,1,"polyp: [174,274,314,389]",polyp,622,529
kvasir-seg,cju3wstckialg0871xs0vevsj.jpg,/Users/ujjwalsinha/Gastrointestinal-Disease-Detection/dataset/kvasir-seg/images/cju3wstckialg0871xs0vevsj.jpg,/Users/ujjwalsinha/Gastrointestinal-Disease-Detection/dataset/kvasir-seg/masks/cju3wstckialg0871xs0vevsj.jpg,564,529,39275,14914,Yes,1,"polyp: [89,18,489,346]",polyp,564,529
kvasir-seg,cju3x2s11ibzi0817kk284k0j.jpg,/Users/ujjwalsinha/Gastrointestinal-Disease-Detection/dataset/kvasir-seg/images/cju3x2s11ibzi0817kk284k0j.jpg,/Users/ujjwalsinha/Gastrointestinal-Disease-Detection/dataset/kvasir-seg/masks/cju3x2s11ibzi0817kk284k0j.jpg,622,530,35150,11964,Yes,1,"polyp: [60,199,304,447]",polyp,622,530
kvasir-seg,cju3x4blzieu30850x10uuvbm.jpg,/Users/ujjwalsinha/Gastrointestinal-Disease-Detection/dataset/kvasir-seg/images/cju3x4blzieu30850x10uuvbm.jpg,/Users/ujjwalsinha/Gastrointestinal-Disease-Detection/dataset/kvasir-seg/masks/cju3x4blzieu30850x10uuvbm.jpg,1210,1011,131653,32057,Yes,2,"polyp: [712,22,844,165]; polyp: [373,278,686,592]",polyp,1210,1011
kvasir-seg,cju3x5u2tiihx0818914gzxy1.jpg,/Users/ujjwalsinha/Gastrointestinal-Disease-Detection/dataset/kvasir-seg/images/cju3x5u2tiihx0818914gzxy1.jpg,/Users/ujjwalsinha/Gastrointestinal-Disease-Detection/dataset/kvasir-seg/masks/cju3x5u2tiihx0818914gzxy1.jpg,622,530,30099,12455,Yes,1,"polyp: [201,211,499,530]",polyp,622,530
kvasir-seg,cju3x7xsaijq80818f0psavav.jpg,/Users/ujjwalsinha/Gastrointestinal-Disease-Detection/dataset/kvasir-seg/images/cju3x7xsaijq80818f0psavav.jpg,/Users/ujjwalsinha/Gastrointestinal-Disease-Detection/dataset/kvasir-seg/masks/cju3x7xsaijq80818f0psavav.jpg,590,531,32871,11286,Yes,1,"polyp: [229,258,458,481]",polyp,590,531
kvasir-seg,cju3x9lttikfb0818a0g104zn.jpg,/Users/ujjwalsinha/Gastrointestinal-Disease-Detection/dataset/kvasir-seg/images/cju3x9lttikfb0818a0g104zn.jpg,/Users/ujjwalsinha/Gastrointestinal-Disease-Detection/dataset/kvasir-seg/masks/cju3x9lttikfb0818a0g104zn.jpg,622,530,31808,10536,Yes,1,"polyp: [241,92,380,303]",polyp,622,530
kvasir-seg,cju3xeexgii1j0817zs68tb4g.jpg,/Users/ujjwalsinha/Gastrointestinal-Disease-Detection/dataset/kvasir-seg/images/cju3xeexgii1j0817zs68tb4g.jpg,/Users/ujjwalsinha/Gastrointestinal-Disease-Detection/dataset/kvasir-seg/masks/cju3xeexgii1j0817zs68tb4g.jpg,622,528,45185,18304,Yes,1,"polyp: [113,57,613,416]",polyp,622,528
kvasir-seg,cju3xga12iixg0817dijbvjxw.jpg,/Users/ujjwalsinha/Gastrointestinal-Disease-Detection/dataset/kvasir-seg/images/cju3xga12iixg0817dijbvjxw.jpg,/Users/ujjwalsinha/Gastrointestinal-Disease-Detection/dataset/kvasir-seg/masks/cju3xga12iixg0817dijbvjxw.jpg,622,530,30884,15046,Yes,1,"polyp: [0,6,419,338]",polyp,622,530
kvasir-seg,cju3xhpvvimda0987ygrpzni2.jpg,/Users/ujjwalsinha/Gastrointestinal-Disease-Detection/dataset/kvasir-seg/images/cju3xhpvvimda0987ygrpzni2.jpg,/Users/ujjwalsinha/Gastrointestinal-Disease-Detection/dataset/kvasir-seg/masks/cju3xhpvvimda0987ygrpzni2.jpg,622,530,31452,11791,Yes,1,"polyp: [312,93,505,317]",polyp,622,530
kvasir-seg,cju3xiic0ilzp0850lusrb42j.jpg,/Users/ujjwalsinha/Gastrointestinal-Disease-Detection/dataset/kvasir-seg/images/cju3xiic0ilzp0850lusrb42j.jpg,/Users/ujjwalsinha/Gastrointestinal-Disease-Detection/dataset/kvasir-seg/masks/cju3xiic0ilzp0850lusrb42j.jpg,571,530,21842,8651,Yes,1,"polyp: [194,164,350,242]",polyp,571,530
kvasir-seg,cju3xjqtpikx50817tppy6g84.jpg,/Users/ujjwalsinha/Gastrointestinal-Disease-Detection/dataset/kvasir-seg/images/cju3xjqtpikx50817tppy6g84.jpg,/Users/ujjwalsinha/Gastrointestinal-Disease-Detection/dataset/kvasir-seg/masks/cju3xjqtpikx50817tppy6g84.jpg,622,530,34739,12914,Yes,1,"polyp: [315,170,609,418]",polyp,622,530
kvasir-seg,cju3xl264ingx0850rcf0rshj.jpg,/Users/ujjwalsinha/Gastrointestinal-Disease-Detection/dataset/kvasir-seg/images/cju3xl264ingx0850rcf0rshj.jpg,/Users/ujjwalsinha/Gastrointestinal-Disease-Detection/dataset/kvasir-seg/masks/cju3xl264ingx0850rcf0rshj.jpg,622,531,30443,10847,Yes,1,"polyp: [387,131,605,347]",polyp,622,531
kvasir-seg,cju3xtufwiv9c0818djsc4cqd.jpg,/Users/ujjwalsinha/Gastrointestinal-Disease-Detection/dataset/kvasir-seg/images/cju3xtufwiv9c0818djsc4cqd.jpg,/Users/ujjwalsinha/Gastrointestinal-Disease-Detection/dataset/kvasir-seg/masks/cju3xtufwiv9c0818djsc4cqd.jpg,615,530,39755,9919,Yes,1,"polyp: [258,241,412,410]",polyp,615,530
kvasir-seg,cju3xuj20ivgp0818mij8bjrd.jpg,/Users/ujjwalsinha/Gastrointestinal-Disease-Detection/dataset/kvasir-seg/images/cju3xuj20ivgp0818mij8bjrd.jpg,/Users/ujjwalsinha/Gastrointestinal-Disease-Detection/dataset/kvasir-seg/masks/cju3xuj20ivgp0818mij8bjrd.jpg,622,527,45335,8578,Yes,1,"polyp: [248,131,370,236]",polyp,622,527
kvasir-seg,cju3xvoo2iqlc0817eku2r3wl.jpg,/Users/ujjwalsinha/Gastrointestinal-Disease-Detection/dataset/kvasir-seg/images/cju3xvoo2iqlc0817eku2r3wl.jpg,/Users/ujjwalsinha/Gastrointestinal-Disease-Detection/dataset/kvasir-seg/masks/cju3xvoo2iqlc0817eku2r3wl.jpg,446,530,20054,7187,Yes,1,"polyp: [319,318,446,438]",polyp,446,530
kvasir-seg,cju3xwpgviwlx0871rwm15q7v.jpg,/Users/ujjwalsinha/Gastrointestinal-Disease-Detection/dataset/kvasir-seg/images/cju3xwpgviwlx0871rwm15q7v.jpg,/Users/ujjwalsinha/Gastrointestinal-Disease-Detection/dataset/kvasir-seg/masks/cju3xwpgviwlx0871rwm15q7v.jpg,626,547,34006,10916,Yes,1,"polyp: [257,261,442,435]",polyp,626,547
kvasir-seg,cju3xzvnzj0hd0755xprz39nj.jpg,/Users/ujjwalsinha/Gastrointestinal-Disease-Detection/dataset/kvasir-seg/images/cju3xzvnzj0hd0755xprz39nj.jpg,/Users/ujjwalsinha/Gastrointestinal-Disease-Detection/dataset/kvasir-seg/masks/cju3xzvnzj0hd0755xprz39nj.jpg,625,513,27986,15335,Yes,1,"polyp: [267,1,625,413]",polyp,625,513
kvasir-seg,cju3y0pjrj1c30755nxekxccj.jpg,/Users/ujjwalsinha/Gastrointestinal-Disease-Detection/dataset/kvasir-seg/images/cju3y0pjrj1c30755nxekxccj.jpg,/Users/ujjwalsinha/Gastrointestinal-Disease-Detection/dataset/kvasir-seg/masks/cju3y0pjrj1c30755nxekxccj.jpg,570,531,30925,8829,Yes,1,"polyp: [335,104,458,244]",polyp,570,531
kvasir-seg,cju3y21quj0ir0818kgjagr15.jpg,/Users/ujjwalsinha/Gastrointestinal-Disease-Detection/dataset/kvasir-seg/images/cju3y21quj0ir0818kgjagr15.jpg,/Users/ujjwalsinha/Gastrointestinal-Disease-Detection/dataset/kvasir-seg/masks/cju3y21quj0ir0818kgjagr15.jpg,626,546,31406,17169,Yes,1,"polyp: [93,17,498,445]",polyp,626,546
kvasir-seg,cju3y54kwj3nr0801biidlb4e.jpg,/Users/ujjwalsinha/Gastrointestinal-Disease-Detection/dataset/kvasir-seg/images/cju3y54kwj3nr0801biidlb4e.jpg,/Users/ujjwalsinha/Gastrointestinal-Disease-Detection/dataset/kvasir-seg/masks/cju3y54kwj3nr0801biidlb4e.jpg,620,546,37661,16332,Yes,1,"polyp: [0,0,619,545]",polyp,620,546
kvasir-seg,cju3y79ofj3va0871uqfb1mzo.jpg,/Users/ujjwalsinha/Gastrointestinal-Disease-Detection/dataset/kvasir-seg/images/cju3y79ofj3va0871uqfb1mzo.jpg,/Users/ujjwalsinha/Gastrointestinal-Disease-Detection/dataset/kvasir-seg/masks/cju3y79ofj3va0871uqfb1mzo.jpg,598,530,37205,12549,Yes,1,"polyp: [203,92,457,352]",polyp,598,530
kvasir-seg,cju3y9difj6th0801kd1rqm3w.jpg,/Users/ujjwalsinha/Gastrointestinal-Disease-Detection/dataset/kvasir-seg/images/cju3y9difj6th0801kd1rqm3w.jpg,/Users/ujjwalsinha/Gastrointestinal-Disease-Detection/dataset/kvasir-seg/masks/cju3y9difj6th0801kd1rqm3w.jpg,597,529,34642,10390,Yes,1,"polyp: [381,322,597,529]",polyp,597,529
kvasir-seg,cju3ya7goj6at0818v2l5ay7f.jpg,/Users/ujjwalsinha/Gastrointestinal-Disease-Detection/dataset/kvasir-seg/images/cju3ya7goj6at0818v2l5ay7f.jpg,/Users/ujjwalsinha/Gastrointestinal-Disease-Detection/dataset/kvasir-seg/masks/cju3ya7goj6at0818v2l5ay7f.jpg,626,547,35557,10801,Yes,2,"polyp: [274,141,357,252]; polyp: [211,253,289,328]",polyp,626,547
kvasir-seg,cju3yb47cj1xq0817zfotbni4.jpg,/Users/ujjwalsinha/Gastrointestinal-Disease-Detection/dataset/kvasir-seg/images/cju3yb47cj1xq0817zfotbni4.jpg,/Users/ujjwalsinha/Gastrointestinal-Disease-Detection/dataset/kvasir-seg/masks/cju3yb47cj1xq0817zfotbni4.jpg,626,547,32743,12130,Yes,1,"polyp: [199,263,462,496]",polyp,626,547
kvasir-seg,cju3yht87j83m08507yk1u1fg.jpg,/Users/ujjwalsinha/Gastrointestinal-Disease-Detection/dataset/kvasir-seg/images/cju3yht87j83m08507yk1u1fg.jpg,/Users/ujjwalsinha/Gastrointestinal-Disease-Detection/dataset/kvasir-seg/masks/cju3yht87j83m08507yk1u1fg.jpg,570,530,35929,15116,Yes,1,"polyp: [31,45,450,530]",polyp,570,530
kvasir-seg,cju3ykamdj9u208503pygyuc8.jpg,/Users/ujjwalsinha/Gastrointestinal-Disease-Detection/dataset/kvasir-seg/images/cju3ykamdj9u208503pygyuc8.jpg,/Users/ujjwalsinha/Gastrointestinal-Disease-Detection/dataset/kvasir-seg/masks/cju3ykamdj9u208503pygyuc8.jpg,1220,1010,98877,27475,Yes,2,"polyp: [626,327,732,455]; polyp: [657,443,764,641]",polyp,1220,1010
kvasir-seg,cju40jl7skiuo0817p0smlgg8.jpg,/Users/ujjwalsinha/Gastrointestinal-Disease-Detection/dataset/kvasir-seg/images/cju40jl7skiuo0817p0smlgg8.jpg,/Users/ujjwalsinha/Gastrointestinal-Disease-Detection/dataset/kvasir-seg/masks/cju40jl7skiuo0817p0smlgg8.jpg,601,506,40933,15261,Yes,1,"polyp: [131,124,565,500]",polyp,601,506
kvasir-seg,cju40m0rjkpw80871z6n6yg1u.jpg,/Users/ujjwalsinha/Gastrointestinal-Disease-Detection/dataset/kvasir-seg/images/cju40m0rjkpw80871z6n6yg1u.jpg,/Users/ujjwalsinha/Gastrointestinal-Disease-Detection/dataset/kvasir-seg/masks/cju40m0rjkpw80871z6n6yg1u.jpg,586,528,38669,15933,Yes,2,"polyp: [366,1,450,34]; polyp: [12,174,355,525]",polyp,586,528
kvasir-seg,cju40poe4kt9s0755f9cnm3h5.jpg,/Users/ujjwalsinha/Gastrointestinal-Disease-Detection/dataset/kvasir-seg/images/cju40poe4kt9s0755f9cnm3h5.jpg,/Users/ujjwalsinha/Gastrointestinal-Disease-Detection/dataset/kvasir-seg/masks/cju40poe4kt9s0755f9cnm3h5.jpg,1348,1070,119947,41583,Yes,1,"polyp: [418,311,1160,987]",polyp,1348,1070
kvasir-seg,cju40r6jrksyk0871wg98zgho.jpg,/Users/ujjwalsinha/Gastrointestinal-Disease-Detection/dataset/kvasir-seg/images/cju40r6jrksyk0871wg98zgho.jpg,/Users/ujjwalsinha/Gastrointestinal-Disease-Detection/dataset/kvasir-seg/masks/cju40r6jrksyk0871wg98zgho.jpg,622,528,47407,12126,Yes,1,"polyp: [232,197,496,473]",polyp,622,528
kvasir-seg,cju40sdwukv3k0755y99ug1k8.jpg,/Users/ujjwalsinha/Gastrointestinal-Disease-Detection/dataset/kvasir-seg/images/cju40sdwukv3k0755y99ug1k8.jpg,/Users/ujjwalsinha/Gastrointestinal-Disease-Detection/dataset/kvasir-seg/masks/cju40sdwukv3k0755y99ug1k8.jpg,615,528,41583,11615,Yes,1,"polyp: [197,215,397,463]",polyp,615,528
kvasir-seg,cju40taxlkrho0987smigg0x0.jpg,/Users/ujjwalsinha/Gastrointestinal-Disease-Detection/dataset/kvasir-seg/images/cju40taxlkrho0987smigg0x0.jpg,/Users/ujjwalsinha/Gastrointestinal-Disease-Detection/dataset/kvasir-seg/masks/cju40taxlkrho0987smigg0x0.jpg,622,393,31172,9620,Yes,1,"polyp: [139,165,340,334]",polyp,622,393
kvasir-seg,cju40u30gkuzc0871rq7t666d.jpg,/Users/ujjwalsinha/Gastrointestinal-Disease-Detection/dataset/kvasir-seg/images/cju40u30gkuzc0871rq7t666d.jpg,/Users/ujjwalsinha/Gastrointestinal-Disease-Detection/dataset/kvasir-seg/masks/cju40u30gkuzc0871rq7t666d.jpg,626,546,30457,10724,Yes,1,"polyp: [266,53,455,225]",polyp,626,546
kvasir-seg,cju40w3hbkwpn08015rbs3wko.jpg,/Users/ujjwalsinha/Gastrointestinal-Disease-Detection/dataset/kvasir-seg/images/cju40w3hbkwpn08015rbs3wko.jpg,/Users/ujjwalsinha/Gastrointestinal-Disease-Detection/dataset/kvasir-seg/masks/cju40w3hbkwpn08015rbs3wko.jpg,621,528,44548,10381,Yes,1,"polyp: [478,50,619,284]",polyp,621,528
kvasir-seg,cju40wto5kxwi0755it190f2k.jpg,/Users/ujjwalsinha/Gastrointestinal-Disease-Detection/dataset/kvasir-seg/images/cju40wto5kxwi0755it190f2k.jpg,/Users/ujjwalsinha/Gastrointestinal-Disease-Detection/dataset/kvasir-seg/masks/cju40wto5kxwi0755it190f2k.jpg,1348,1070,137359,31819,Yes,1,"polyp: [456,756,893,996]",polyp,1348,1070
kvasir-seg,cju410dnfl0960755y8lu8d79.jpg,/Users/ujjwalsinha/Gastrointestinal-Disease-Detection/dataset/kvasir-seg/images/cju410dnfl0960755y8lu8d79.jpg,/Users/ujjwalsinha/Gastrointestinal-Disease-Detection/dataset/kvasir-seg/masks/cju410dnfl0960755y8lu8d79.jpg,626,546,41929,21415,Yes,1,"polyp: [17,72,358,494]",polyp,626,546
kvasir-seg,cju412uwlkva50850d1ps1ww7.jpg,/Users/ujjwalsinha/Gastrointestinal-Disease-Detection/dataset/kvasir-seg/images/cju412uwlkva50850d1ps1ww7.jpg,/Users/ujjwalsinha/Gastrointestinal-Disease-Detection/dataset/kvasir-seg/masks/cju412uwlkva50850d1ps1ww7.jpg,616,547,32832,16419,Yes,1,"polyp: [40,63,477,517]",polyp,616,547
kvasir-seg,cju414lf2l1lt0801rl3hjllj.jpg,/Users/ujjwalsinha/Gastrointestinal-Disease-Detection/dataset/kvasir-seg/images/cju414lf2l1lt0801rl3hjllj.jpg,/Users/ujjwalsinha/Gastrointestinal-Disease-Detection/dataset/kvasir-seg/masks/cju414lf2l1lt0801rl3hjllj.jpg,610,528,40679,20831,Yes,4,"polyp: [129,107,272,209]; polyp: [11,251,122,384]; polyp: [182,322,335,528]; polyp: [66,339,178,486]",polyp,610,528
kvasir-seg,cju418rckl3ur08012psrx1r1.jpg,/Users/ujjwalsinha/Gastrointestinal-Disease-Detection/dataset/kvasir-seg/images/cju418rckl3ur08012psrx1r1.jpg,/Users/ujjwalsinha/Gastrointestinal-Disease-Detection/dataset/kvasir-seg/masks/cju418rckl3ur08012psrx1r1.jpg,622,530,28377,12086,Yes,1,"polyp: [326,119,571,362]",polyp,622,530
kvasir-seg,cju41kd7yl4nm0850gil5qqwh.jpg,/Users/ujjwalsinha/Gastrointestinal-Disease-Detection/dataset/kvasir-seg/images/cju41kd7yl4nm0850gil5qqwh.jpg,/Users/ujjwalsinha/Gastrointestinal-Disease-Detection/dataset/kvasir-seg/masks/cju41kd7yl4nm0850gil5qqwh.jpg,535,531,24342,9707,Yes,1,"polyp: [261,165,395,381]",polyp,535,531
kvasir-seg,cju41lojblbs307555jdci937.jpg,/Users/ujjwalsinha/Gastrointestinal-Disease-Detection/dataset/kvasir-seg/images/cju41lojblbs307555jdci937.jpg,/Users/ujjwalsinha/Gastrointestinal-Disease-Detection/dataset/kvasir-seg/masks/cju41lojblbs307555jdci937.jpg,626,547,32739,10154,Yes,1,"polyp: [241,148,395,318]",polyp,626,547
kvasir-seg,cju41nz76lcxu0755cya2qefx.jpg,/Users/ujjwalsinha/Gastrointestinal-Disease-Detection/dataset/kvasir-seg/images/cju41nz76lcxu0755cya2qefx.jpg,/Users/ujjwalsinha/Gastrointestinal-Disease-Detection/dataset/kvasir-seg/masks/cju41nz76lcxu0755cya2qefx.jpg,586,514,27412,13153,Yes,1,"polyp: [90,129,444,361]",polyp,586,514
kvasir-seg,cju41p90plcsx08018cnzpndc.jpg,/Users/ujjwalsinha/Gastrointestinal-Disease-Detection/dataset/kvasir-seg/images/cju41p90plcsx08018cnzpndc.jpg,/Users/ujjwalsinha/Gastrointestinal-Disease-Detection/dataset/kvasir-seg/masks/cju41p90plcsx08018cnzpndc.jpg,622,529,39989,8903,Yes,1,"polyp: [221,308,308,441]",polyp,622,529
kvasir-seg,cju41r6v2lcww0871ps8k8pf5.jpg,/Users/ujjwalsinha/Gastrointestinal-Disease-Detection/dataset/kvasir-seg/images/cju41r6v2lcww0871ps8k8pf5.jpg,/Users/ujjwalsinha/Gastrointestinal-Disease-Detection/dataset/kvasir-seg/masks/cju41r6v2lcww0871ps8k8pf5.jpg,594,529,37029,13297,Yes,1,"polyp: [72,137,319,475]",polyp,594,529
kvasir-seg,cju41s6nbleqy0755e2mslg0b.jpg,/Users/ujjwalsinha/Gastrointestinal-Disease-Detection/dataset/kvasir-seg/images/cju41s6nbleqy0755e2mslg0b.jpg,/Users/ujjwalsinha/Gastrointestinal-Disease-Detection/dataset/kvasir-seg/masks/cju41s6nbleqy0755e2mslg0b.jpg,561,530,26394,10178,Yes,1,"polyp: [241,114,433,297]",polyp,561,530
kvasir-seg,cju41z76wlgbz0801qdetlvby.jpg,/Users/ujjwalsinha/Gastrointestinal-Disease-Detection/dataset/kvasir-seg/images/cju41z76wlgbz0801qdetlvby.jpg,/Users/ujjwalsinha/Gastrointestinal-Disease-Detection/dataset/kvasir-seg/masks/cju41z76wlgbz0801qdetlvby.jpg,592,421,21435,9109,Yes,1,"polyp: [127,143,347,297]",polyp,592,421
kvasir-seg,cju422cm8lfxn0818ojicxejb.jpg,/Users/ujjwalsinha/Gastrointestinal-Disease-Detection/dataset/kvasir-seg/images/cju422cm8lfxn0818ojicxejb.jpg,/Users/ujjwalsinha/Gastrointestinal-Disease-Detection/dataset/kvasir-seg/masks/cju422cm8lfxn0818ojicxejb.jpg,571,531,40522,10778,Yes,1,"polyp: [147,346,376,531]",polyp,571,531
kvasir-seg,cju424hy5lckr085073fva1ok.jpg,/Users/ujjwalsinha/Gastrointestinal-Disease-Detection/dataset/kvasir-seg/images/cju424hy5lckr085073fva1ok.jpg,/Users/ujjwalsinha/Gastrointestinal-Disease-Detection/dataset/kvasir-seg/masks/cju424hy5lckr085073fva1ok.jpg,576,530,29131,10559,Yes,1,"polyp: [212,248,435,442]",polyp,576,530
kvasir-seg,cju426tomlhll0818fc0i7nvh.jpg,/Users/ujjwalsinha/Gastrointestinal-Disease-Detection/dataset/kvasir-seg/images/cju426tomlhll0818fc0i7nvh.jpg,/Users/ujjwalsinha/Gastrointestinal-Disease-Detection/dataset/kvasir-seg/masks/cju426tomlhll0818fc0i7nvh.jpg,611,528,33813,9728,Yes,1,"polyp: [365,184,521,340]",polyp,611,528
kvasir-seg,cju428k5fldt108177s6g6f45.jpg,/Users/ujjwalsinha/Gastrointestinal-Disease-Detection/dataset/kvasir-seg/images/cju428k5fldt108177s6g6f45.jpg,/Users/ujjwalsinha/Gastrointestinal-Disease-Detection/dataset/kvasir-seg/masks/cju428k5fldt108177s6g6f45.jpg,622,530,34236,13562,Yes,1,"polyp: [44,7,332,342]",polyp,622,530
kvasir-seg,cju42dwedlmk60871jbgu4ehi.jpg,/Users/ujjwalsinha/Gastrointestinal-Disease-Detection/dataset/kvasir-seg/images/cju42dwedlmk60871jbgu4ehi.jpg,/Users/ujjwalsinha/Gastrointestinal-Disease-Detection/dataset/kvasir-seg/masks/cju42dwedlmk60871jbgu4ehi.jpg,621,531,30442,13452,Yes,1,"polyp: [165,196,432,506]",polyp,621,531
kvasir-seg,cju42g865lorv07552ytz6xxa.jpg,/Users/ujjwalsinha/Gastrointestinal-Disease-Detection/dataset/kvasir-seg/images/cju42g865lorv07552ytz6xxa.jpg,/Users/ujjwalsinha/Gastrointestinal-Disease-Detection/dataset/kvasir-seg/masks/cju42g865lorv07552ytz6xxa.jpg,599,527,26026,13633,Yes,1,"polyp: [54,14,369,319]",polyp,599,527
kvasir-seg,cju42m60jlpcm08186kqppzqv.jpg,/Users/ujjwalsinha/Gastrointestinal-Disease-Detection/dataset/kvasir-seg/images/cju42m60jlpcm08186kqppzqv.jpg,/Users/ujjwalsinha/Gastrointestinal-Disease-Detection/dataset/kvasir-seg/masks/cju42m60jlpcm08186kqppzqv.jpg,626,547,36721,11556,Yes,1,"polyp: [481,83,626,413]",polyp,626,547
kvasir-seg,cju42nm68lpyo0818xvvqmupq.jpg,/Users/ujjwalsinha/Gastrointestinal-Disease-Detection/dataset/kvasir-seg/images/cju42nm68lpyo0818xvvqmupq.jpg,/Users/ujjwalsinha/Gastrointestinal-Disease-Detection/dataset/kvasir-seg/masks/cju42nm68lpyo0818xvvqmupq.jpg,504,530,27571,11556,Yes,1,"polyp: [73,30,266,375]",polyp,504,530
kvasir-seg,cju42py9mlqyd0818u3d1d7ga.jpg,/Users/ujjwalsinha/Gastrointestinal-Disease-Detection/dataset/kvasir-seg/images/cju42py9mlqyd0818u3d1d7ga.jpg,/Users/ujjwalsinha/Gastrointestinal-Disease-Detection/dataset/kvasir-seg/masks/cju42py9mlqyd0818u3d1d7ga.jpg,545,433,22850,10239,Yes,1,"polyp: [373,157,532,433]",polyp,545,433
kvasir-seg,cju42qet0lsq90871e50xbnuv.jpg,/Users/ujjwalsinha/Gastrointestinal-Disease-Detection/dataset/kvasir-seg/images/cju42qet0lsq90871e50xbnuv.jpg,/Users/ujjwalsinha/Gastrointestinal-Disease-Detection/dataset/kvasir-seg/masks/cju42qet0lsq90871e50xbnuv.jpg,598,531,29176,10368,Yes,1,"polyp: [227,83,388,282]",polyp,598,531
kvasir-seg,cju42romflni20817etb9a0fl.jpg,/Users/ujjwalsinha/Gastrointestinal-Disease-Detection/dataset/kvasir-seg/images/cju42romflni20817etb9a0fl.jpg,/Users/ujjwalsinha/Gastrointestinal-Disease-Detection/dataset/kvasir-seg/masks/cju42romflni20817etb9a0fl.jpg,622,528,45533,11497,Yes,1,"polyp: [159,172,362,391]",polyp,622,528
kvasir-seg,cju42tauqlo5p08171l3cuo4b.jpg,/Users/ujjwalsinha/Gastrointestinal-Disease-Detection/dataset/kvasir-seg/images/cju42tauqlo5p08171l3cuo4b.jpg,/Users/ujjwalsinha/Gastrointestinal-Disease-Detection/dataset/kvasir-seg/masks/cju42tauqlo5p08171l3cuo4b.jpg,627,547,36221,10308,Yes,1,"polyp: [125,205,279,384]",polyp,627,547
kvasir-seg,cju42u5bjlvi10801dc13sskp.jpg,/Users/ujjwalsinha/Gastrointestinal-Disease-Detection/dataset/kvasir-seg/images/cju42u5bjlvi10801dc13sskp.jpg,/Users/ujjwalsinha/Gastrointestinal-Disease-Detection/dataset/kvasir-seg/masks/cju42u5bjlvi10801dc13sskp.jpg,541,528,26302,10545,Yes,1,"polyp: [108,213,365,397]",polyp,541,528
kvasir-seg,cju42wamblrqn098798r2yyok.jpg,/Users/ujjwalsinha/Gastrointestinal-Disease-Detection/dataset/kvasir-seg/images/cju42wamblrqn098798r2yyok.jpg,/Users/ujjwalsinha/Gastrointestinal-Disease-Detection/dataset/kvasir-seg/masks/cju42wamblrqn098798r2yyok.jpg,621,547,39252,14017,Yes,1,"polyp: [221,240,572,547]",polyp,621,547
kvasir-seg,cju42xpi8lw4w0871ve317a1p.jpg,/Users/ujjwalsinha/Gastrointestinal-Disease-Detection/dataset/kvasir-seg/images/cju42xpi8lw4w0871ve317a1p.jpg,/Users/ujjwalsinha/Gastrointestinal-Disease-Detection/dataset/kvasir-seg/masks/cju42xpi8lw4w0871ve317a1p.jpg,465,530,20391,9257,Yes,1,"polyp: [187,187,337,383]",polyp,465,530
kvasir-seg,cju430pm2lz0y0755jkhcc3d1.jpg,/Users/ujjwalsinha/Gastrointestinal-Disease-Detection/dataset/kvasir-seg/images/cju430pm2lz0y0755jkhcc3d1.jpg,/Users/ujjwalsinha/Gastrointestinal-Disease-Detection/dataset/kvasir-seg/masks/cju430pm2lz0y0755jkhcc3d1.jpg,626,547,44224,20894,Yes,2,"polyp: [384,29,618,491]; polyp: [72,303,376,547]",polyp,626,547
kvasir-seg,cju439oazm2fu0871ma0vvrft.jpg,/Users/ujjwalsinha/Gastrointestinal-Disease-Detection/dataset/kvasir-seg/images/cju439oazm2fu0871ma0vvrft.jpg,/Users/ujjwalsinha/Gastrointestinal-Disease-Detection/dataset/kvasir-seg/masks/cju439oazm2fu0871ma0vvrft.jpg,622,531,38736,17055,Yes,1,"polyp: [154,147,578,505]",polyp,622,531
kvasir-seg,cju43b8daly4408170e5ev06g.jpg,/Users/ujjwalsinha/Gastrointestinal-Disease-Detection/dataset/kvasir-seg/images/cju43b8daly4408170e5ev06g.jpg,/Users/ujjwalsinha/Gastrointestinal-Disease-Detection/dataset/kvasir-seg/masks/cju43b8daly4408170e5ev06g.jpg,600,531,27566,13525,Yes,1,"polyp: [130,152,416,492]",polyp,600,531
kvasir-seg,cju43c92lm5cj0755lorsorfg.jpg,/Users/ujjwalsinha/Gastrointestinal-Disease-Detection/dataset/kvasir-seg/images/cju43c92lm5cj0755lorsorfg.jpg,/Users/ujjwalsinha/Gastrointestinal-Disease-Detection/dataset/kvasir-seg/masks/cju43c92lm5cj0755lorsorfg.jpg,591,529,36591,11048,Yes,3,"polyp: [318,54,423,189]; polyp: [436,69,502,125]; polyp: [302,203,343,242]",polyp,591,529
kvasir-seg,cju43eigtm6ev0801mv0m96t1.jpg,/Users/ujjwalsinha/Gastrointestinal-Disease-Detection/dataset/kvasir-seg/images/cju43eigtm6ev0801mv0m96t1.jpg,/Users/ujjwalsinha/Gastrointestinal-Disease-Detection/dataset/kvasir-seg/masks/cju43eigtm6ev0801mv0m96t1.jpg,619,528,33362,16249,Yes,1,"polyp: [59,0,592,370]",polyp,619,528
kvasir-seg,cju43gfosm63n08714rpih8pe.jpg,/Users/ujjwalsinha/Gastrointestinal-Disease-Detection/dataset/kvasir-seg/images/cju43gfosm63n08714rpih8pe.jpg,/Users/ujjwalsinha/Gastrointestinal-Disease-Detection/dataset/kvasir-seg/masks/cju43gfosm63n08714rpih8pe.jpg,622,530,32213,14235,Yes,1,"polyp: [229,54,549,404]",polyp,622,530
kvasir-seg,cju43h43am1dy08176gwfhmnt.jpg,/Users/ujjwalsinha/Gastrointestinal-Disease-Detection/dataset/kvasir-seg/images/cju43h43am1dy08176gwfhmnt.jpg,/Users/ujjwalsinha/Gastrointestinal-Disease-Detection/dataset/kvasir-seg/masks/cju43h43am1dy08176gwfhmnt.jpg,594,530,31216,8713,Yes,1,"polyp: [248,165,360,279]",polyp,594,530
kvasir-seg,cju43in5fm22c08175rxziqrk.jpg,/Users/ujjwalsinha/Gastrointestinal-Disease-Detection/dataset/kvasir-seg/images/cju43in5fm22c08175rxziqrk.jpg,/Users/ujjwalsinha/Gastrointestinal-Disease-Detection/dataset/kvasir-seg/masks/cju43in5fm22c08175rxziqrk.jpg,616,530,31156,13255,Yes,2,"polyp: [345,98,616,529]; polyp: [614,264,616,320]",polyp,616,530
kvasir-seg,cju43jcqim2cp08172dvjvyui.jpg,/Users/ujjwalsinha/Gastrointestinal-Disease-Detection/dataset/kvasir-seg/images/cju43jcqim2cp08172dvjvyui.jpg,/Users/ujjwalsinha/Gastrointestinal-Disease-Detection/dataset/kvasir-seg/masks/cju43jcqim2cp08172dvjvyui.jpg,626,547,39429,9229,Yes,1,"polyp: [379,259,489,387]",polyp,626,547
kvasir-seg,cju43kj2pm34f0850l28ahpni.jpg,/Users/ujjwalsinha/Gastrointestinal-Disease-Detection/dataset/kvasir-seg/images/cju43kj2pm34f0850l28ahpni.jpg,/Users/ujjwalsinha/Gastrointestinal-Disease-Detection/dataset/kvasir-seg/masks/cju43kj2pm34f0850l28ahpni.jpg,622,528,48054,7601,Yes,1,"polyp: [411,249,480,329]",polyp,622,528
kvasir-seg,cju43lcnum9y10755bjs7z87f.jpg,/Users/ujjwalsinha/Gastrointestinal-Disease-Detection/dataset/kvasir-seg/images/cju43lcnum9y10755bjs7z87f.jpg,/Users/ujjwalsinha/Gastrointestinal-Disease-Detection/dataset/kvasir-seg/masks/cju43lcnum9y10755bjs7z87f.jpg,590,528,40540,8753,Yes,1,"polyp: [235,210,358,345]",polyp,590,528
kvasir-seg,cju43mkj9m8wb0871qiadahub.jpg,/Users/ujjwalsinha/Gastrointestinal-Disease-Detection/dataset/kvasir-seg/images/cju43mkj9m8wb0871qiadahub.jpg,/Users/ujjwalsinha/Gastrointestinal-Disease-Detection/dataset/kvasir-seg/masks/cju43mkj9m8wb0871qiadahub.jpg,626,547,28159,11660,Yes,1,"polyp: [108,123,302,357]",polyp,626,547
kvasir-seg,cju43o6n7m9nk087191ijwqq9.jpg,/Users/ujjwalsinha/Gastrointestinal-Disease-Detection/dataset/kvasir-seg/images/cju43o6n7m9nk087191ijwqq9.jpg,/Users/ujjwalsinha/Gastrointestinal-Disease-Detection/dataset/kvasir-seg/masks/cju43o6n7m9nk087191ijwqq9.jpg,618,530,30572,11198,Yes,1,"polyp: [383,59,541,305]",polyp,618,530
kvasir-seg,cju45jpvfn6c809873pv1i34s.jpg,/Users/ujjwalsinha/Gastrointestinal-Disease-Detection/dataset/kvasir-seg/images/cju45jpvfn6c809873pv1i34s.jpg,/Users/ujjwalsinha/Gastrointestinal-Disease-Detection/dataset/kvasir-seg/masks/cju45jpvfn6c809873pv1i34s.jpg,593,530,25590,11786,Yes,1,"polyp: [119,112,332,365]",polyp,593,530
kvasir-seg,cju45lbgznahl08180xz1h7u6.jpg,/Users/ujjwalsinha/Gastrointestinal-Disease-Detection/dataset/kvasir-seg/images/cju45lbgznahl08180xz1h7u6.jpg,/Users/ujjwalsinha/Gastrointestinal-Disease-Detection/dataset/kvasir-seg/masks/cju45lbgznahl08180xz1h7u6.jpg,622,527,35462,10820,Yes,1,"polyp: [131,118,343,315]",polyp,622,527
kvasir-seg,cju45n0oxn5vu08500yfrt9jn.jpg,/Users/ujjwalsinha/Gastrointestinal-Disease-Detection/dataset/kvasir-seg/images/cju45n0oxn5vu08500yfrt9jn.jpg,/Users/ujjwalsinha/Gastrointestinal-Disease-Detection/dataset/kvasir-seg/masks/cju45n0oxn5vu08500yfrt9jn.jpg,622,530,31139,11970,Yes,1,"polyp: [372,251,570,505]",polyp,622,530
kvasir-seg,cju45ofd9ne1j0801ri8dup7t.jpg,/Users/ujjwalsinha/Gastrointestinal-Disease-Detection/dataset/kvasir-seg/images/cju45ofd9ne1j0801ri8dup7t.jpg,/Users/ujjwalsinha/Gastrointestinal-Disease-Detection/dataset/kvasir-seg/masks/cju45ofd9ne1j0801ri8dup7t.jpg,622,530,34196,18589,Yes,1,"polyp: [0,0,544,529]",polyp,622,530
kvasir-seg,cju45pm27n80u08174kyow1gj.jpg,/Users/ujjwalsinha/Gastrointestinal-Disease-Detection/dataset/kvasir-seg/images/cju45pm27n80u08174kyow1gj.jpg,/Users/ujjwalsinha/Gastrointestinal-Disease-Detection/dataset/kvasir-seg/masks/cju45pm27n80u08174kyow1gj.jpg,626,547,34624,13115,Yes,1,"polyp: [337,249,611,520]",polyp,626,547
kvasir-seg,cju45qbf3n9sa0987oonbkly9.jpg,/Users/ujjwalsinha/Gastrointestinal-Disease-Detection/dataset/kvasir-seg/images/cju45qbf3n9sa0987oonbkly9.jpg,/Users/ujjwalsinha/Gastrointestinal-Disease-Detection/dataset/kvasir-seg/masks/cju45qbf3n9sa0987oonbkly9.jpg,621,531,24547,10912,Yes,1,"polyp: [342,193,540,386]",polyp,621,531
kvasir-seg,cju45rj7ln8980850a7821fov.jpg,/Users/ujjwalsinha/Gastrointestinal-Disease-Detection/dataset/kvasir-seg/images/cju45rj7ln8980850a7821fov.jpg,/Users/ujjwalsinha/Gastrointestinal-Disease-Detection/dataset/kvasir-seg/masks/cju45rj7ln8980850a7821fov.jpg,585,546,28120,13759,Yes,2,"polyp: [56,109,152,223]; polyp: [353,282,522,502]",polyp,585,546
kvasir-seg,cju45t5ddnbio0987qtqzx762.jpg,/Users/ujjwalsinha/Gastrointestinal-Disease-Detection/dataset/kvasir-seg/images/cju45t5ddnbio0987qtqzx762.jpg,/Users/ujjwalsinha/Gastrointestinal-Disease-Detection/dataset/kvasir-seg/masks/cju45t5ddnbio0987qtqzx762.jpg,618,530,30444,12253,Yes,1,"polyp: [189,213,489,405]",polyp,618,530
kvasir-seg,cju45ty6zn9oz0850qy4qnck1.jpg,/Users/ujjwalsinha/Gastrointestinal-Disease-Detection/dataset/kvasir-seg/images/cju45ty6zn9oz0850qy4qnck1.jpg,/Users/ujjwalsinha/Gastrointestinal-Disease-Detection/dataset/kvasir-seg/masks/cju45ty6zn9oz0850qy4qnck1.jpg,551,531,24457,10672,Yes,1,"polyp: [272,191,471,423]",polyp,551,531
kvasir-seg,cju45v0pungu40871acnwtmu5.jpg,/Users/ujjwalsinha/Gastrointestinal-Disease-Detection/dataset/kvasir-seg/images/cju45v0pungu40871acnwtmu5.jpg,/Users/ujjwalsinha/Gastrointestinal-Disease-Detection/dataset/kvasir-seg/masks/cju45v0pungu40871acnwtmu5.jpg,606,530,28983,12965,Yes,1,"polyp: [90,83,370,377]",polyp,606,530
kvasir-seg,cju5b9oyda4yr0850g9viziyv.jpg,/Users/ujjwalsinha/Gastrointestinal-Disease-Detection/dataset/kvasir-seg/images/cju5b9oyda4yr0850g9viziyv.jpg,/Users/ujjwalsinha/Gastrointestinal-Disease-Detection/dataset/kvasir-seg/masks/cju5b9oyda4yr0850g9viziyv.jpg,622,528,37188,10432,Yes,1,"polyp: [267,207,444,392]",polyp,622,528
kvasir-seg,cju5bbtwsa8cl0987wgfsqpao.jpg,/Users/ujjwalsinha/Gastrointestinal-Disease-Detection/dataset/kvasir-seg/images/cju5bbtwsa8cl0987wgfsqpao.jpg,/Users/ujjwalsinha/Gastrointestinal-Disease-Detection/dataset/kvasir-seg/masks/cju5bbtwsa8cl0987wgfsqpao.jpg,595,531,30733,11026,Yes,1,"polyp: [307,122,503,343]",polyp,595,531
kvasir-seg,cju5bdwa3aatx0818b79i18zf.jpg,/Users/ujjwalsinha/Gastrointestinal-Disease-Detection/dataset/kvasir-seg/images/cju5bdwa3aatx0818b79i18zf.jpg,/Users/ujjwalsinha/Gastrointestinal-Disease-Detection/dataset/kvasir-seg/masks/cju5bdwa3aatx0818b79i18zf.jpg,622,530,27068,10527,Yes,1,"polyp: [359,293,538,478]",polyp,622,530
kvasir-seg,cju5bf6hxa6m50817rbwettgu.jpg,/Users/ujjwalsinha/Gastrointestinal-Disease-Detection/dataset/kvasir-seg/images/cju5bf6hxa6m50817rbwettgu.jpg,/Users/ujjwalsinha/Gastrointestinal-Disease-Detection/dataset/kvasir-seg/masks/cju5bf6hxa6m50817rbwettgu.jpg,622,531,29125,11059,Yes,1,"polyp: [326,104,520,320]",polyp,622,531
kvasir-seg,cju5bhv81abur0850ean02atv.jpg,/Users/ujjwalsinha/Gastrointestinal-Disease-Detection/dataset/kvasir-seg/images/cju5bhv81abur0850ean02atv.jpg,/Users/ujjwalsinha/Gastrointestinal-Disease-Detection/dataset/kvasir-seg/masks/cju5bhv81abur0850ean02atv.jpg,611,531,27119,13568,Yes,1,"polyp: [248,42,520,352]",polyp,611,531
kvasir-seg,cju5bj926aiec07559rshy4wa.jpg,/Users/ujjwalsinha/Gastrointestinal-Disease-Detection/dataset/kvasir-seg/images/cju5bj926aiec07559rshy4wa.jpg,/Users/ujjwalsinha/Gastrointestinal-Disease-Detection/dataset/kvasir-seg/masks/cju5bj926aiec07559rshy4wa.jpg,612,529,41421,9424,Yes,1,"polyp: [368,270,468,446]",polyp,612,529
kvasir-seg,cju5bmhdcafs909878qfzrqzi.jpg,/Users/ujjwalsinha/Gastrointestinal-Disease-Detection/dataset/kvasir-seg/images/cju5bmhdcafs909878qfzrqzi.jpg,/Users/ujjwalsinha/Gastrointestinal-Disease-Detection/dataset/kvasir-seg/masks/cju5bmhdcafs909878qfzrqzi.jpg,561,528,29815,10819,Yes,1,"polyp: [230,229,465,499]",polyp,561,528
kvasir-seg,cju5boicjagt20871b1fotkh4.jpg,/Users/ujjwalsinha/Gastrointestinal-Disease-Detection/dataset/kvasir-seg/images/cju5boicjagt20871b1fotkh4.jpg,/Users/ujjwalsinha/Gastrointestinal-Disease-Detection/dataset/kvasir-seg/masks/cju5boicjagt20871b1fotkh4.jpg,622,529,33182,14710,Yes,1,"polyp: [294,10,622,435]",polyp,622,529
kvasir-seg,cju5buy2bal250818ipl6fqwv.jpg,/Users/ujjwalsinha/Gastrointestinal-Disease-Detection/dataset/kvasir-seg/images/cju5buy2bal250818ipl6fqwv.jpg,/Users/ujjwalsinha/Gastrointestinal-Disease-Detection/dataset/kvasir-seg/masks/cju5buy2bal250818ipl6fqwv.jpg,569,430,19820,11083,Yes,1,"polyp: [70,73,356,282]",polyp,569,430
kvasir-seg,cju5bwhapakm90987c1v4z46a.jpg,/Users/ujjwalsinha/Gastrointestinal-Disease-Detection/dataset/kvasir-seg/images/cju5bwhapakm90987c1v4z46a.jpg,/Users/ujjwalsinha/Gastrointestinal-Disease-Detection/dataset/kvasir-seg/masks/cju5bwhapakm90987c1v4z46a.jpg,622,529,42741,8910,Yes,1,"polyp: [293,168,413,291]",polyp,622,529
kvasir-seg,cju5bycdkalkb09875f7bfrvx.jpg,/Users/ujjwalsinha/Gastrointestinal-Disease-Detection/dataset/kvasir-seg/images/cju5bycdkalkb09875f7bfrvx.jpg,/Users/ujjwalsinha/Gastrointestinal-Disease-Detection/dataset/kvasir-seg/masks/cju5bycdkalkb09875f7bfrvx.jpg,603,530,33198,15130,Yes,1,"polyp: [80,0,388,413]",polyp,603,530
kvasir-seg,cju5c5xc7algd0817pb1ej5yo.jpg,/Users/ujjwalsinha/Gastrointestinal-Disease-Detection/dataset/kvasir-seg/images/cju5c5xc7algd0817pb1ej5yo.jpg,/Users/ujjwalsinha/Gastrointestinal-Disease-Detection/dataset/kvasir-seg/masks/cju5c5xc7algd0817pb1ej5yo.jpg,599,528,40669,13221,Yes,1,"polyp: [222,124,496,419]",polyp,599,528
kvasir-seg,cju5c7oijaqmq09878qwgqv8n.jpg,/Users/ujjwalsinha/Gastrointestinal-Disease-Detection/dataset/kvasir-seg/images/cju5c7oijaqmq09878qwgqv8n.jpg,/Users/ujjwalsinha/Gastrointestinal-Disease-Detection/dataset/kvasir-seg/masks/cju5c7oijaqmq09878qwgqv8n.jpg,547,546,25830,10625,Yes,1,"polyp: [92,204,302,452]",polyp,547,546
kvasir-seg,cju5ca9hcatkc0801jzwe7tfx.jpg,/Users/ujjwalsinha/Gastrointestinal-Disease-Detection/dataset/kvasir-seg/images/cju5ca9hcatkc0801jzwe7tfx.jpg,/Users/ujjwalsinha/Gastrointestinal-Disease-Detection/dataset/kvasir-seg/masks/cju5ca9hcatkc0801jzwe7tfx.jpg,626,546,43468,16227,Yes,1,"polyp: [134,50,464,332]",polyp,626,546
kvasir-seg,cju5ccpvqash50850kb4bs22k.jpg,/Users/ujjwalsinha/Gastrointestinal-Disease-Detection/dataset/kvasir-seg/images/cju5ccpvqash50850kb4bs22k.jpg,/Users/ujjwalsinha/Gastrointestinal-Disease-Detection/dataset/kvasir-seg/masks/cju5ccpvqash50850kb4bs22k.jpg,592,482,31010,11367,Yes,1,"polyp: [178,157,409,419]",polyp,592,482
kvasir-seg,cju5cetivauok0987ok3e5bre.jpg,/Users/ujjwalsinha/Gastrointestinal-Disease-Detection/dataset/kvasir-seg/images/cju5cetivauok0987ok3e5bre.jpg,/Users/ujjwalsinha/Gastrointestinal-Disease-Detection/dataset/kvasir-seg/masks/cju5cetivauok0987ok3e5bre.jpg,623,529,42277,12481,Yes,1,"polyp: [237,209,464,477]",polyp,623,529
kvasir-seg,cju5chrxxawka0871qcj171yz.jpg,/Users/ujjwalsinha/Gastrointestinal-Disease-Detection/dataset/kvasir-seg/images/cju5chrxxawka0871qcj171yz.jpg,/Users/ujjwalsinha/Gastrointestinal-Disease-Detection/dataset/kvasir-seg/masks/cju5chrxxawka0871qcj171yz.jpg,601,528,38420,11953,Yes,1,"polyp: [212,146,432,427]",polyp,601,528
kvasir-seg,cju5cjh3xattc0817j2vbulzi.jpg,/Users/ujjwalsinha/Gastrointestinal-Disease-Detection/dataset/kvasir-seg/images/cju5cjh3xattc0817j2vbulzi.jpg,/Users/ujjwalsinha/Gastrointestinal-Disease-Detection/dataset/kvasir-seg/masks/cju5cjh3xattc0817j2vbulzi.jpg,617,528,36551,11653,Yes,2,"polyp: [285,15,420,140]; polyp: [410,214,509,353]",polyp,617,528
kvasir-seg,cju5cky5xb0ay0801oxet697t.jpg,/Users/ujjwalsinha/Gastrointestinal-Disease-Detection/dataset/kvasir-seg/images/cju5cky5xb0ay0801oxet697t.jpg,/Users/ujjwalsinha/Gastrointestinal-Disease-Detection/dataset/kvasir-seg/masks/cju5cky5xb0ay0801oxet697t.jpg,622,528,34133,10105,Yes,1,"polyp: [313,203,477,373]",polyp,622,528
kvasir-seg,cju5clr68b48r0755cmuvponm.jpg,/Users/ujjwalsinha/Gastrointestinal-Disease-Detection/dataset/kvasir-seg/images/cju5clr68b48r0755cmuvponm.jpg,/Users/ujjwalsinha/Gastrointestinal-Disease-Detection/dataset/kvasir-seg/masks/cju5clr68b48r0755cmuvponm.jpg,601,526,38490,10583,Yes,1,"polyp: [154,164,369,330]",polyp,601,526
kvasir-seg,cju5cu8qkb84x08186jwo8yin.jpg,/Users/ujjwalsinha/Gastrointestinal-Disease-Detection/dataset/kvasir-seg/images/cju5cu8qkb84x08186jwo8yin.jpg,/Users/ujjwalsinha/Gastrointestinal-Disease-Detection/dataset/kvasir-seg/masks/cju5cu8qkb84x08186jwo8yin.jpg,622,530,35751,9150,Yes,1,"polyp: [346,288,492,417]",polyp,622,530
kvasir-seg,cju5ddda9bkkt0850enzwatb1.jpg,/Users/ujjwalsinha/Gastrointestinal-Disease-Detection/dataset/kvasir-seg/images/cju5ddda9bkkt0850enzwatb1.jpg,/Users/ujjwalsinha/Gastrointestinal-Disease-Detection/dataset/kvasir-seg/masks/cju5ddda9bkkt0850enzwatb1.jpg,618,530,36016,9375,Yes,1,"polyp: [232,74,417,166]",polyp,618,530
kvasir-seg,cju5eftctcdbj08712gdp989f.jpg,/Users/ujjwalsinha/Gastrointestinal-Disease-Detection/dataset/kvasir-seg/images/cju5eftctcdbj08712gdp989f.jpg,/Users/ujjwalsinha/Gastrointestinal-Disease-Detection/dataset/kvasir-seg/masks/cju5eftctcdbj08712gdp989f.jpg,605,530,32232,15774,Yes,1,"polyp: [287,82,579,509]",polyp,605,530
kvasir-seg,cju5ekty5ckzf07550c9u3ckk.jpg,/Users/ujjwalsinha/Gastrointestinal-Disease-Detection/dataset/kvasir-seg/images/cju5ekty5ckzf07550c9u3ckk.jpg,/Users/ujjwalsinha/Gastrointestinal-Disease-Detection/dataset/kvasir-seg/masks/cju5ekty5ckzf07550c9u3ckk.jpg,625,546,41148,12943,Yes,1,"polyp: [252,183,466,486]",polyp,625,546
kvasir-seg,cju5enq1tcn1i0755hnkon787.jpg,/Users/ujjwalsinha/Gastrointestinal-Disease-Detection/dataset/kvasir-seg/images/cju5enq1tcn1i0755hnkon787.jpg,/Users/ujjwalsinha/Gastrointestinal-Disease-Detection/dataset/kvasir-seg/masks/cju5enq1tcn1i0755hnkon787.jpg,626,547,27723,14056,Yes,1,"polyp: [204,102,522,337]",polyp,626,547
kvasir-seg,cju5eq8c8ck690850vix98hv3.jpg,/Users/ujjwalsinha/Gastrointestinal-Disease-Detection/dataset/kvasir-seg/images/cju5eq8c8ck690850vix98hv3.jpg,/Users/ujjwalsinha/Gastrointestinal-Disease-Detection/dataset/kvasir-seg/masks/cju5eq8c8ck690850vix98hv3.jpg,622,530,36556,15777,Yes,1,"polyp: [204,13,575,365]",polyp,622,530
kvasir-seg,cju5es375cnzy0801nkq35ffs.jpg,/Users/ujjwalsinha/Gastrointestinal-Disease-Detection/dataset/kvasir-seg/images/cju5es375cnzy0801nkq35ffs.jpg,/Users/ujjwalsinha/Gastrointestinal-Disease-Detection/dataset/kvasir-seg/masks/cju5es375cnzy0801nkq35ffs.jpg,621,528,36673,10061,Yes,1,"polyp: [120,182,271,372]",polyp,621,528
kvasir-seg,cju5ew4h9cqaf0818rrczkmqh.jpg,/Users/ujjwalsinha/Gastrointestinal-Disease-Detection/dataset/kvasir-seg/images/cju5ew4h9cqaf0818rrczkmqh.jpg,/Users/ujjwalsinha/Gastrointestinal-Disease-Detection/dataset/kvasir-seg/masks/cju5ew4h9cqaf0818rrczkmqh.jpg,570,530,36590,13478,Yes,1,"polyp: [166,68,477,384]",polyp,570,530
kvasir-seg,cju5eyfe9cpk90987laa7tsl3.jpg,/Users/ujjwalsinha/Gastrointestinal-Disease-Detection/dataset/kvasir-seg/images/cju5eyfe9cpk90987laa7tsl3.jpg,/Users/ujjwalsinha/Gastrointestinal-Disease-Detection/dataset/kvasir-seg/masks/cju5eyfe9cpk90987laa7tsl3.jpg,622,530,34928,14607,Yes,1,"polyp: [153,60,494,412]",polyp,622,530
kvasir-seg,cju5f0dezct4q08183ydw11dx.jpg,/Users/ujjwalsinha/Gastrointestinal-Disease-Detection/dataset/kvasir-seg/images/cju5f0dezct4q08183ydw11dx.jpg,/Users/ujjwalsinha/Gastrointestinal-Disease-Detection/dataset/kvasir-seg/masks/cju5f0dezct4q08183ydw11dx.jpg,626,546,30344,12236,Yes,1,"polyp: [368,121,544,416]",polyp,626,546
kvasir-seg,cju5f26ebcuai0818xlwh6116.jpg,/Users/ujjwalsinha/Gastrointestinal-Disease-Detection/dataset/kvasir-seg/images/cju5f26ebcuai0818xlwh6116.jpg,/Users/ujjwalsinha/Gastrointestinal-Disease-Detection/dataset/kvasir-seg/masks/cju5f26ebcuai0818xlwh6116.jpg,598,546,37009,11138,Yes,1,"polyp: [285,22,476,218]",polyp,598,546
kvasir-seg,cju5f8hxdcxxn08188obby0ea.jpg,/Users/ujjwalsinha/Gastrointestinal-Disease-Detection/dataset/kvasir-seg/images/cju5f8hxdcxxn08188obby0ea.jpg,/Users/ujjwalsinha/Gastrointestinal-Disease-Detection/dataset/kvasir-seg/masks/cju5f8hxdcxxn08188obby0ea.jpg,615,520,31077,12618,Yes,1,"polyp: [360,126,569,447]",polyp,615,520
kvasir-seg,cju5fb86jd1jp0755b1ukbhq5.jpg,/Users/ujjwalsinha/Gastrointestinal-Disease-Detection/dataset/kvasir-seg/images/cju5fb86jd1jp0755b1ukbhq5.jpg,/Users/ujjwalsinha/Gastrointestinal-Disease-Detection/dataset/kvasir-seg/masks/cju5fb86jd1jp0755b1ukbhq5.jpg,560,424,24992,11451,Yes,1,"polyp: [0,0,319,323]",polyp,560,424
kvasir-seg,cju5fi0yxd3ei0801v7u0yudn.jpg,/Users/ujjwalsinha/Gastrointestinal-Disease-Detection/dataset/kvasir-seg/images/cju5fi0yxd3ei0801v7u0yudn.jpg,/Users/ujjwalsinha/Gastrointestinal-Disease-Detection/dataset/kvasir-seg/masks/cju5fi0yxd3ei0801v7u0yudn.jpg,626,547,39680,8887,Yes,1,"polyp: [322,151,410,268]",polyp,626,547
kvasir-seg,cju5fs6j6d8350801vglraq4u.jpg,/Users/ujjwalsinha/Gastrointestinal-Disease-Detection/dataset/kvasir-seg/images/cju5fs6j6d8350801vglraq4u.jpg,/Users/ujjwalsinha/Gastrointestinal-Disease-Detection/dataset/kvasir-seg/masks/cju5fs6j6d8350801vglraq4u.jpg,626,547,44009,14106,Yes,1,"polyp: [72,146,415,450]",polyp,626,547
kvasir-seg,cju5ft6mcd5q40987rhjgbrr6.jpg,/Users/ujjwalsinha/Gastrointestinal-Disease-Detection/dataset/kvasir-seg/images/cju5ft6mcd5q40987rhjgbrr6.jpg,/Users/ujjwalsinha/Gastrointestinal-Disease-Detection/dataset/kvasir-seg/masks/cju5ft6mcd5q40987rhjgbrr6.jpg,622,530,27377,12290,Yes,1,"polyp: [204,210,450,478]",polyp,622,530
kvasir-seg,cju5fu081d8gc0818l3yylujk.jpg,/Users/ujjwalsinha/Gastrointestinal-Disease-Detection/dataset/kvasir-seg/images/cju5fu081d8gc0818l3yylujk.jpg,/Users/ujjwalsinha/Gastrointestinal-Disease-Detection/dataset/kvasir-seg/masks/cju5fu081d8gc0818l3yylujk.jpg,570,531,31461,9467,Yes,1,"polyp: [70,261,239,408]",polyp,570,531
kvasir-seg,cju5fw37edaae0801vkwvocn7.jpg,/Users/ujjwalsinha/Gastrointestinal-Disease-Detection/dataset/kvasir-seg/images/cju5fw37edaae0801vkwvocn7.jpg,/Users/ujjwalsinha/Gastrointestinal-Disease-Detection/dataset/kvasir-seg/masks/cju5fw37edaae0801vkwvocn7.jpg,559,530,23243,10636,Yes,1,"polyp: [175,140,371,343]",polyp,559,530
kvasir-seg,cju5fydrud94708507vo6oy21.jpg,/Users/ujjwalsinha/Gastrointestinal-Disease-Detection/dataset/kvasir-seg/images/cju5fydrud94708507vo6oy21.jpg,/Users/ujjwalsinha/Gastrointestinal-Disease-Detection/dataset/kvasir-seg/masks/cju5fydrud94708507vo6oy21.jpg,626,546,39015,17133,Yes,1,"polyp: [155,95,592,472]",polyp,626,546
kvasir-seg,cju5g163vd6mt0817uccuga6u.jpg,/Users/ujjwalsinha/Gastrointestinal-Disease-Detection/dataset/kvasir-seg/images/cju5g163vd6mt0817uccuga6u.jpg,/Users/ujjwalsinha/Gastrointestinal-Disease-Detection/dataset/kvasir-seg/masks/cju5g163vd6mt0817uccuga6u.jpg,545,547,30110,9503,Yes,1,"polyp: [216,400,382,543]",polyp,545,547
kvasir-seg,cju5gucasds9d0801019axylx.jpg,/Users/ujjwalsinha/Gastrointestinal-Disease-Detection/dataset/kvasir-seg/images/cju5gucasds9d0801019axylx.jpg,/Users/ujjwalsinha/Gastrointestinal-Disease-Detection/dataset/kvasir-seg/masks/cju5gucasds9d0801019axylx.jpg,626,546,38472,8724,Yes,1,"polyp: [297,229,379,346]",polyp,626,546
kvasir-seg,cju5h57xedz5h0755mjpc8694.jpg,/Users/ujjwalsinha/Gastrointestinal-Disease-Detection/dataset/kvasir-seg/images/cju5h57xedz5h0755mjpc8694.jpg,/Users/ujjwalsinha/Gastrointestinal-Disease-Detection/dataset/kvasir-seg/masks/cju5h57xedz5h0755mjpc8694.jpg,622,528,44047,14940,Yes,1,"polyp: [0,59,405,450]",polyp,622,528
kvasir-seg,cju5hi52odyf90817prvcwg45.jpg,/Users/ujjwalsinha/Gastrointestinal-Disease-Detection/dataset/kvasir-seg/images/cju5hi52odyf90817prvcwg45.jpg,/Users/ujjwalsinha/Gastrointestinal-Disease-Detection/dataset/kvasir-seg/masks/cju5hi52odyf90817prvcwg45.jpg,568,352,21245,9805,Yes,1,"polyp: [124,95,382,308]",polyp,568,352
kvasir-seg,cju5hjxaae3i40850h5z2laf5.jpg,/Users/ujjwalsinha/Gastrointestinal-Disease-Detection/dataset/kvasir-seg/images/cju5hjxaae3i40850h5z2laf5.jpg,/Users/ujjwalsinha/Gastrointestinal-Disease-Detection/dataset/kvasir-seg/masks/cju5hjxaae3i40850h5z2laf5.jpg,622,530,38308,13117,Yes,1,"polyp: [43,164,363,440]",polyp,622,530
kvasir-seg,cju5hl8nee8a40755fm8qjj0o.jpg,/Users/ujjwalsinha/Gastrointestinal-Disease-Detection/dataset/kvasir-seg/images/cju5hl8nee8a40755fm8qjj0o.jpg,/Users/ujjwalsinha/Gastrointestinal-Disease-Detection/dataset/kvasir-seg/masks/cju5hl8nee8a40755fm8qjj0o.jpg,617,531,28025,9701,Yes,1,"polyp: [339,226,482,382]",polyp,617,531
kvasir-seg,cju5hqz50e7o90850e0prlpa0.jpg,/Users/ujjwalsinha/Gastrointestinal-Disease-Detection/dataset/kvasir-seg/images/cju5hqz50e7o90850e0prlpa0.jpg,/Users/ujjwalsinha/Gastrointestinal-Disease-Detection/dataset/kvasir-seg/masks/cju5hqz50e7o90850e0prlpa0.jpg,595,528,40596,13123,Yes,1,"polyp: [136,119,423,468]",polyp,595,528
kvasir-seg,cju5ht88gedbu0755xrcuddcx.jpg,/Users/ujjwalsinha/Gastrointestinal-Disease-Detection/dataset/kvasir-seg/images/cju5ht88gedbu0755xrcuddcx.jpg,/Users/ujjwalsinha/Gastrointestinal-Disease-Detection/dataset/kvasir-seg/masks/cju5ht88gedbu0755xrcuddcx.jpg,619,547,33471,15081,Yes,1,"polyp: [150,28,509,318]",polyp,619,547
kvasir-seg,cju5huurrecm70801y680y13m.jpg,/Users/ujjwalsinha/Gastrointestinal-Disease-Detection/dataset/kvasir-seg/images/cju5huurrecm70801y680y13m.jpg,/Users/ujjwalsinha/Gastrointestinal-Disease-Detection/dataset/kvasir-seg/masks/cju5huurrecm70801y680y13m.jpg,603,520,29552,10940,Yes,1,"polyp: [284,273,511,483]",polyp,603,520
kvasir-seg,cju5hwonqedw10801vsd3w6kk.jpg,/Users/ujjwalsinha/Gastrointestinal-Disease-Detection/dataset/kvasir-seg/images/cju5hwonqedw10801vsd3w6kk.jpg,/Users/ujjwalsinha/Gastrointestinal-Disease-Detection/dataset/kvasir-seg/masks/cju5hwonqedw10801vsd3w6kk.jpg,529,531,29044,10758,Yes,1,"polyp: [196,95,347,377]",polyp,529,531
kvasir-seg,cju5hyi9yegob0755ho3do8en.jpg,/Users/ujjwalsinha/Gastrointestinal-Disease-Detection/dataset/kvasir-seg/images/cju5hyi9yegob0755ho3do8en.jpg,/Users/ujjwalsinha/Gastrointestinal-Disease-Detection/dataset/kvasir-seg/masks/cju5hyi9yegob0755ho3do8en.jpg,623,529,39622,12622,Yes,2,"polyp: [157,73,225,147]; polyp: [316,200,471,426]",polyp,623,529
kvasir-seg,cju5i39mreass0817au8p22zy.jpg,/Users/ujjwalsinha/Gastrointestinal-Disease-Detection/dataset/kvasir-seg/images/cju5i39mreass0817au8p22zy.jpg,/Users/ujjwalsinha/Gastrointestinal-Disease-Detection/dataset/kvasir-seg/masks/cju5i39mreass0817au8p22zy.jpg,623,546,36975,13680,Yes,1,"polyp: [94,96,329,531]",polyp,623,546
kvasir-seg,cju5i5oh2efg60987ez6cpf72.jpg,/Users/ujjwalsinha/Gastrointestinal-Disease-Detection/dataset/kvasir-seg/images/cju5i5oh2efg60987ez6cpf72.jpg,/Users/ujjwalsinha/Gastrointestinal-Disease-Detection/dataset/kvasir-seg/masks/cju5i5oh2efg60987ez6cpf72.jpg,621,528,43848,15673,Yes,1,"polyp: [248,84,583,512]",polyp,621,528
kvasir-seg,cju5jx7jzf7c90871c2i9aiov.jpg,/Users/ujjwalsinha/Gastrointestinal-Disease-Detection/dataset/kvasir-seg/images/cju5jx7jzf7c90871c2i9aiov.jpg,/Users/ujjwalsinha/Gastrointestinal-Disease-Detection/dataset/kvasir-seg/masks/cju5jx7jzf7c90871c2i9aiov.jpg,622,528,49833,13269,Yes,1,"polyp: [173,28,400,358]",polyp,622,528
kvasir-seg,cju5jz5fff8c50871hbe6108f.jpg,/Users/ujjwalsinha/Gastrointestinal-Disease-Detection/dataset/kvasir-seg/images/cju5jz5fff8c50871hbe6108f.jpg,/Users/ujjwalsinha/Gastrointestinal-Disease-Detection/dataset/kvasir-seg/masks/cju5jz5fff8c50871hbe6108f.jpg,552,530,27256,11260,Yes,1,"polyp: [149,97,426,292]",polyp,552,530
kvasir-seg,cju5k3j3uf6de0817hszzfr7n.jpg,/Users/ujjwalsinha/Gastrointestinal-Disease-Detection/dataset/kvasir-seg/images/cju5k3j3uf6de0817hszzfr7n.jpg,/Users/ujjwalsinha/Gastrointestinal-Disease-Detection/dataset/kvasir-seg/masks/cju5k3j3uf6de0817hszzfr7n.jpg,547,530,27059,8266,Yes,1,"polyp: [288,157,401,281]",polyp,547,530
kvasir-seg,cju5k503sfa5f0871lx0rpu5y.jpg,/Users/ujjwalsinha/Gastrointestinal-Disease-Detection/dataset/kvasir-seg/images/cju5k503sfa5f0871lx0rpu5y.jpg,/Users/ujjwalsinha/Gastrointestinal-Disease-Detection/dataset/kvasir-seg/masks/cju5k503sfa5f0871lx0rpu5y.jpg,622,529,36973,12974,Yes,1,"polyp: [397,124,618,480]",polyp,622,529
kvasir-seg,cju5k7r0yf98c09878csbxb4d.jpg,/Users/ujjwalsinha/Gastrointestinal-Disease-Detection/dataset/kvasir-seg/images/cju5k7r0yf98c09878csbxb4d.jpg,/Users/ujjwalsinha/Gastrointestinal-Disease-Detection/dataset/kvasir-seg/masks/cju5k7r0yf98c09878csbxb4d.jpg,622,528,44197,8016,Yes,1,"polyp: [228,40,321,134]",polyp,622,528
kvasir-seg,cju5klveuff6w0871wbibgh3m.jpg,/Users/ujjwalsinha/Gastrointestinal-Disease-Detection/dataset/kvasir-seg/images/cju5klveuff6w0871wbibgh3m.jpg,/Users/ujjwalsinha/Gastrointestinal-Disease-Detection/dataset/kvasir-seg/masks/cju5klveuff6w0871wbibgh3m.jpg,574,530,29316,8734,Yes,1,"polyp: [185,228,308,350]",polyp,574,530
kvasir-seg,cju5knbbqfipk080128cggukq.jpg,/Users/ujjwalsinha/Gastrointestinal-Disease-Detection/dataset/kvasir-seg/images/cju5knbbqfipk080128cggukq.jpg,/Users/ujjwalsinha/Gastrointestinal-Disease-Detection/dataset/kvasir-seg/masks/cju5knbbqfipk080128cggukq.jpg,597,529,34058,17120,Yes,1,"polyp: [194,68,595,524]",polyp,597,529
kvasir-seg,cju5kre09fhka0850h7b1898j.jpg,/Users/ujjwalsinha/Gastrointestinal-Disease-Detection/dataset/kvasir-seg/images/cju5kre09fhka0850h7b1898j.jpg,/Users/ujjwalsinha/Gastrointestinal-Disease-Detection/dataset/kvasir-seg/masks/cju5kre09fhka0850h7b1898j.jpg,618,528,47279,10558,Yes,1,"polyp: [317,104,454,317]",polyp,618,528
kvasir-seg,cju5ktjwofed70817eg58ef7u.jpg,/Users/ujjwalsinha/Gastrointestinal-Disease-Detection/dataset/kvasir-seg/images/cju5ktjwofed70817eg58ef7u.jpg,/Users/ujjwalsinha/Gastrointestinal-Disease-Detection/dataset/kvasir-seg/masks/cju5ktjwofed70817eg58ef7u.jpg,625,547,34941,12069,Yes,1,"polyp: [259,125,496,355]",polyp,625,547
kvasir-seg,cju5nxkujgscq0817l9gss626.jpg,/Users/ujjwalsinha/Gastrointestinal-Disease-Detection/dataset/kvasir-seg/images/cju5nxkujgscq0817l9gss626.jpg,/Users/ujjwalsinha/Gastrointestinal-Disease-Detection/dataset/kvasir-seg/masks/cju5nxkujgscq0817l9gss626.jpg,570,531,36260,12670,Yes,1,"polyp: [117,272,467,531]",polyp,570,531
kvasir-seg,cju5nyu31gv8e0871zpk74a2n.jpg,/Users/ujjwalsinha/Gastrointestinal-Disease-Detection/dataset/kvasir-seg/images/cju5nyu31gv8e0871zpk74a2n.jpg,/Users/ujjwalsinha/Gastrointestinal-Disease-Detection/dataset/kvasir-seg/masks/cju5nyu31gv8e0871zpk74a2n.jpg,616,529,39027,9396,Yes,1,"polyp: [349,207,505,341]",polyp,616,529
kvasir-seg,cju5o1vu9gz8a0818eyy92bns.jpg,/Users/ujjwalsinha/Gastrointestinal-Disease-Detection/dataset/kvasir-seg/images/cju5o1vu9gz8a0818eyy92bns.jpg,/Users/ujjwalsinha/Gastrointestinal-Disease-Detection/dataset/kvasir-seg/masks/cju5o1vu9gz8a0818eyy92bns.jpg,421,547,28260,10838,Yes,1,"polyp: [0,198,199,498]",polyp,421,547
kvasir-seg,cju5o4pk9h0720755lgp9jq8m.jpg,/Users/ujjwalsinha/Gastrointestinal-Disease-Detection/dataset/kvasir-seg/images/cju5o4pk9h0720755lgp9jq8m.jpg,/Users/ujjwalsinha/Gastrointestinal-Disease-Detection/dataset/kvasir-seg/masks/cju5o4pk9h0720755lgp9jq8m.jpg,622,530,31816,13531,Yes,1,"polyp: [350,132,622,515]",polyp,622,530
kvasir-seg,cju5tenjojp1j0755ms4949h2.jpg,/Users/ujjwalsinha/Gastrointestinal-Disease-Detection/dataset/kvasir-seg/images/cju5tenjojp1j0755ms4949h2.jpg,/Users/ujjwalsinha/Gastrointestinal-Disease-Detection/dataset/kvasir-seg/masks/cju5tenjojp1j0755ms4949h2.jpg,570,531,45090,13073,Yes,1,"polyp: [44,143,334,434]",polyp,570,531
kvasir-seg,cju5tgbzhjllu08174ca41eus.jpg,/Users/ujjwalsinha/Gastrointestinal-Disease-Detection/dataset/kvasir-seg/images/cju5tgbzhjllu08174ca41eus.jpg,/Users/ujjwalsinha/Gastrointestinal-Disease-Detection/dataset/kvasir-seg/masks/cju5tgbzhjllu08174ca41eus.jpg,622,531,35795,12480,Yes,1,"polyp: [144,97,459,268]",polyp,622,531
kvasir-seg,cju5thdbrjp1108715xdfx356.jpg,/Users/ujjwalsinha/Gastrointestinal-Disease-Detection/dataset/kvasir-seg/images/cju5thdbrjp1108715xdfx356.jpg,/Users/ujjwalsinha/Gastrointestinal-Disease-Detection/dataset/kvasir-seg/masks/cju5thdbrjp1108715xdfx356.jpg,622,530,29247,8574,Yes,1,"polyp: [279,331,384,433]",polyp,622,530
kvasir-seg,cju5u4pywk81x0817vn9pe14z.jpg,/Users/ujjwalsinha/Gastrointestinal-Disease-Detection/dataset/kvasir-seg/images/cju5u4pywk81x0817vn9pe14z.jpg,/Users/ujjwalsinha/Gastrointestinal-Disease-Detection/dataset/kvasir-seg/masks/cju5u4pywk81x0817vn9pe14z.jpg,570,531,36845,8706,Yes,1,"polyp: [363,265,484,401]",polyp,570,531
kvasir-seg,cju5u6wf0kh1t0755bg1ssixv.jpg,/Users/ujjwalsinha/Gastrointestinal-Disease-Detection/dataset/kvasir-seg/images/cju5u6wf0kh1t0755bg1ssixv.jpg,/Users/ujjwalsinha/Gastrointestinal-Disease-Detection/dataset/kvasir-seg/masks/cju5u6wf0kh1t0755bg1ssixv.jpg,571,530,38217,16584,Yes,1,"polyp: [84,43,539,460]",polyp,571,530
kvasir-seg,cju5u8gz4kj5b07552e2wpkwp.jpg,/Users/ujjwalsinha/Gastrointestinal-Disease-Detection/dataset/kvasir-seg/images/cju5u8gz4kj5b07552e2wpkwp.jpg,/Users/ujjwalsinha/Gastrointestinal-Disease-Detection/dataset/kvasir-seg/masks/cju5u8gz4kj5b07552e2wpkwp.jpg,571,531,40443,15440,Yes,1,"polyp: [168,2,553,375]",polyp,571,531
kvasir-seg,cju5udcufki0s09874ll1dbr5.jpg,/Users/ujjwalsinha/Gastrointestinal-Disease-Detection/dataset/kvasir-seg/images/cju5udcufki0s09874ll1dbr5.jpg,/Users/ujjwalsinha/Gastrointestinal-Disease-Detection/dataset/kvasir-seg/masks/cju5udcufki0s09874ll1dbr5.jpg,570,531,41763,12915,Yes,1,"polyp: [225,268,519,513]",polyp,570,531
kvasir-seg,cju5ufn3skquf0818dhapnhba.jpg,/Users/ujjwalsinha/Gastrointestinal-Disease-Detection/dataset/kvasir-seg/images/cju5ufn3skquf0818dhapnhba.jpg,/Users/ujjwalsinha/Gastrointestinal-Disease-Detection/dataset/kvasir-seg/masks/cju5ufn3skquf0818dhapnhba.jpg,570,530,30530,8423,Yes,1,"polyp: [236,243,348,373]",polyp,570,530
kvasir-seg,cju5uget8krjy0818kvywd0zu.jpg,/Users/ujjwalsinha/Gastrointestinal-Disease-Detection/dataset/kvasir-seg/images/cju5uget8krjy0818kvywd0zu.jpg,/Users/ujjwalsinha/Gastrointestinal-Disease-Detection/dataset/kvasir-seg/masks/cju5uget8krjy0818kvywd0zu.jpg,608,529,34502,9131,Yes,1,"polyp: [284,211,455,314]",polyp,608,529
kvasir-seg,cju5uhrdwkmsu0817ervv91l8.jpg,/Users/ujjwalsinha/Gastrointestinal-Disease-Detection/dataset/kvasir-seg/images/cju5uhrdwkmsu0817ervv91l8.jpg,/Users/ujjwalsinha/Gastrointestinal-Disease-Detection/dataset/kvasir-seg/masks/cju5uhrdwkmsu0817ervv91l8.jpg,626,547,43356,8316,Yes,1,"polyp: [401,134,494,224]",polyp,626,547
kvasir-seg,cju5ukkg6kv7u08011x2b6zl5.jpg,/Users/ujjwalsinha/Gastrointestinal-Disease-Detection/dataset/kvasir-seg/images/cju5ukkg6kv7u08011x2b6zl5.jpg,/Users/ujjwalsinha/Gastrointestinal-Disease-Detection/dataset/kvasir-seg/masks/cju5ukkg6kv7u08011x2b6zl5.jpg,622,510,44763,12192,Yes,1,"polyp: [118,222,402,464]",polyp,622,510
kvasir-seg,cju5uxjnol2r509871qv2yeia.jpg,/Users/ujjwalsinha/Gastrointestinal-Disease-Detection/dataset/kvasir-seg/images/cju5uxjnol2r509871qv2yeia.jpg,/Users/ujjwalsinha/Gastrointestinal-Disease-Detection/dataset/kvasir-seg/masks/cju5uxjnol2r509871qv2yeia.jpg,620,531,28753,11228,Yes,1,"polyp: [313,62,483,285]",polyp,620,531
kvasir-seg,cju5uzmaol56l0817flxh4w9p.jpg,/Users/ujjwalsinha/Gastrointestinal-Disease-Detection/dataset/kvasir-seg/images/cju5uzmaol56l0817flxh4w9p.jpg,/Users/ujjwalsinha/Gastrointestinal-Disease-Detection/dataset/kvasir-seg/masks/cju5uzmaol56l0817flxh4w9p.jpg,623,529,36690,8482,Yes,1,"polyp: [318,213,441,342]",polyp,623,529
kvasir-seg,cju5v8pgplg6k0755rvi2t63h.jpg,/Users/ujjwalsinha/Gastrointestinal-Disease-Detection/dataset/kvasir-seg/images/cju5v8pgplg6k0755rvi2t63h.jpg,/Users/ujjwalsinha/Gastrointestinal-Disease-Detection/dataset/kvasir-seg/masks/cju5v8pgplg6k0755rvi2t63h.jpg,570,530,29686,9436,Yes,1,"polyp: [256,231,403,382]",polyp,570,530
kvasir-seg,cju5vbo6jldrt0871jf6f1700.jpg,/Users/ujjwalsinha/Gastrointestinal-Disease-Detection/dataset/kvasir-seg/images/cju5vbo6jldrt0871jf6f1700.jpg,/Users/ujjwalsinha/Gastrointestinal-Disease-Detection/dataset/kvasir-seg/masks/cju5vbo6jldrt0871jf6f1700.jpg,619,530,31106,10275,Yes,1,"polyp: [471,143,606,376]",polyp,619,530
kvasir-seg,cju5vcmrqla7i0817x4sp4pqw.jpg,/Users/ujjwalsinha/Gastrointestinal-Disease-Detection/dataset/kvasir-seg/images/cju5vcmrqla7i0817x4sp4pqw.jpg,/Users/ujjwalsinha/Gastrointestinal-Disease-Detection/dataset/kvasir-seg/masks/cju5vcmrqla7i0817x4sp4pqw.jpg,612,482,38027,9323,Yes,1,"polyp: [284,110,450,267]",polyp,612,482
kvasir-seg,cju5vgawslbe30987ndeepc1b.jpg,/Users/ujjwalsinha/Gastrointestinal-Disease-Detection/dataset/kvasir-seg/images/cju5vgawslbe30987ndeepc1b.jpg,/Users/ujjwalsinha/Gastrointestinal-Disease-Detection/dataset/kvasir-seg/masks/cju5vgawslbe30987ndeepc1b.jpg,622,530,32984,15257,Yes,1,"polyp: [247,96,603,463]",polyp,622,530
kvasir-seg,cju5vi4nxlc530817uoqm2m7a.jpg,/Users/ujjwalsinha/Gastrointestinal-Disease-Detection/dataset/kvasir-seg/images/cju5vi4nxlc530817uoqm2m7a.jpg,/Users/ujjwalsinha/Gastrointestinal-Disease-Detection/dataset/kvasir-seg/masks/cju5vi4nxlc530817uoqm2m7a.jpg,619,530,36981,14327,Yes,1,"polyp: [231,83,555,425]",polyp,619,530
kvasir-seg,cju5von04litr08718j8po40a.jpg,/Users/ujjwalsinha/Gastrointestinal-Disease-Detection/dataset/kvasir-seg/images/cju5von04litr08718j8po40a.jpg,/Users/ujjwalsinha/Gastrointestinal-Disease-Detection/dataset/kvasir-seg/masks/cju5von04litr08718j8po40a.jpg,622,530,34370,10771,Yes,1,"polyp: [421,111,540,396]",polyp,622,530
kvasir-seg,cju5vutu7ll8w0871dfp92n9p.jpg,/Users/ujjwalsinha/Gastrointestinal-Disease-Detection/dataset/kvasir-seg/images/cju5vutu7ll8w0871dfp92n9p.jpg,/Users/ujjwalsinha/Gastrointestinal-Disease-Detection/dataset/kvasir-seg/masks/cju5vutu7ll8w0871dfp92n9p.jpg,605,528,35332,11761,Yes,1,"polyp: [134,104,390,362]",polyp,605,528
kvasir-seg,cju5vwbr4lhqn0987a1pji0ux.jpg,/Users/ujjwalsinha/Gastrointestinal-Disease-Detection/dataset/kvasir-seg/images/cju5vwbr4lhqn0987a1pji0ux.jpg,/Users/ujjwalsinha/Gastrointestinal-Disease-Detection/dataset/kvasir-seg/masks/cju5vwbr4lhqn0987a1pji0ux.jpg,570,530,28437,9701,Yes,1,"polyp: [78,288,243,515]",polyp,570,530
kvasir-seg,cju5vxuc5loxw0818u8xgf45p.jpg,/Users/ujjwalsinha/Gastrointestinal-Disease-Detection/dataset/kvasir-seg/images/cju5vxuc5loxw0818u8xgf45p.jpg,/Users/ujjwalsinha/Gastrointestinal-Disease-Detection/dataset/kvasir-seg/masks/cju5vxuc5loxw0818u8xgf45p.jpg,626,546,36346,12413,Yes,1,"polyp: [279,155,483,408]",polyp,626,546
kvasir-seg,cju5vzjoslpj708186z2fusmz.jpg,/Users/ujjwalsinha/Gastrointestinal-Disease-Detection/dataset/kvasir-seg/images/cju5vzjoslpj708186z2fusmz.jpg,/Users/ujjwalsinha/Gastrointestinal-Disease-Detection/dataset/kvasir-seg/masks/cju5vzjoslpj708186z2fusmz.jpg,622,496,31302,9577,Yes,1,"polyp: [386,169,530,329]",polyp,622,496
kvasir-seg,cju5w7xn0lrkq0801f9k0htgx.jpg,/Users/ujjwalsinha/Gastrointestinal-Disease-Detection/dataset/kvasir-seg/images/cju5w7xn0lrkq0801f9k0htgx.jpg,/Users/ujjwalsinha/Gastrointestinal-Disease-Detection/dataset/kvasir-seg/masks/cju5w7xn0lrkq0801f9k0htgx.jpg,622,530,31617,11611,Yes,1,"polyp: [204,207,383,440]",polyp,622,530
kvasir-seg,cju5waeduln160817w0agirve.jpg,/Users/ujjwalsinha/Gastrointestinal-Disease-Detection/dataset/kvasir-seg/images/cju5waeduln160817w0agirve.jpg,/Users/ujjwalsinha/Gastrointestinal-Disease-Detection/dataset/kvasir-seg/masks/cju5waeduln160817w0agirve.jpg,540,528,35918,9936,Yes,1,"polyp: [196,249,381,432]",polyp,540,528
kvasir-seg,cju5wcc90lu020850mjrxppv6.jpg,/Users/ujjwalsinha/Gastrointestinal-Disease-Detection/dataset/kvasir-seg/images/cju5wcc90lu020850mjrxppv6.jpg,/Users/ujjwalsinha/Gastrointestinal-Disease-Detection/dataset/kvasir-seg/masks/cju5wcc90lu020850mjrxppv6.jpg,626,547,41456,12569,Yes,1,"polyp: [310,175,515,443]",polyp,626,547
kvasir-seg,cju5wi6bqlxy90755bu227nvb.jpg,/Users/ujjwalsinha/Gastrointestinal-Disease-Detection/dataset/kvasir-seg/images/cju5wi6bqlxy90755bu227nvb.jpg,/Users/ujjwalsinha/Gastrointestinal-Disease-Detection/dataset/kvasir-seg/masks/cju5wi6bqlxy90755bu227nvb.jpg,622,530,31150,11161,Yes,1,"polyp: [220,129,402,348]",polyp,622,530
kvasir-seg,cju5wj0faly5008187n6530af.jpg,/Users/ujjwalsinha/Gastrointestinal-Disease-Detection/dataset/kvasir-seg/images/cju5wj0faly5008187n6530af.jpg,/Users/ujjwalsinha/Gastrointestinal-Disease-Detection/dataset/kvasir-seg/masks/cju5wj0faly5008187n6530af.jpg,570,530,19889,10752,Yes,1,"polyp: [173,179,344,398]",polyp,570,530
kvasir-seg,cju5wkonqlrl409877y8zvnub.jpg,/Users/ujjwalsinha/Gastrointestinal-Disease-Detection/dataset/kvasir-seg/images/cju5wkonqlrl409877y8zvnub.jpg,/Users/ujjwalsinha/Gastrointestinal-Disease-Detection/dataset/kvasir-seg/masks/cju5wkonqlrl409877y8zvnub.jpg,627,547,37041,13538,Yes,1,"polyp: [308,119,595,413]",polyp,627,547
kvasir-seg,cju5wmvsdlx1j0871npgj8j4b.jpg,/Users/ujjwalsinha/Gastrointestinal-Disease-Detection/dataset/kvasir-seg/images/cju5wmvsdlx1j0871npgj8j4b.jpg,/Users/ujjwalsinha/Gastrointestinal-Disease-Detection/dataset/kvasir-seg/masks/cju5wmvsdlx1j0871npgj8j4b.jpg,616,530,31516,9803,Yes,1,"polyp: [177,234,347,349]",polyp,616,530
kvasir-seg,cju5woy82m07m08505dmjg7g1.jpg,/Users/ujjwalsinha/Gastrointestinal-Disease-Detection/dataset/kvasir-seg/images/cju5woy82m07m08505dmjg7g1.jpg,/Users/ujjwalsinha/Gastrointestinal-Disease-Detection/dataset/kvasir-seg/masks/cju5woy82m07m08505dmjg7g1.jpg,1348,1070,108095,38044,Yes,1,"polyp: [448,439,981,1039]",polyp,1348,1070
kvasir-seg,cju5wphwwlu3m0987hh3ltg88.jpg,/Users/ujjwalsinha/Gastrointestinal-Disease-Detection/dataset/kvasir-seg/images/cju5wphwwlu3m0987hh3ltg88.jpg,/Users/ujjwalsinha/Gastrointestinal-Disease-Detection/dataset/kvasir-seg/masks/cju5wphwwlu3m0987hh3ltg88.jpg,618,531,25176,10255,Yes,1,"polyp: [385,329,523,506]",polyp,618,531
kvasir-seg,cju5wqonpm0e60801z88ewmy1.jpg,/Users/ujjwalsinha/Gastrointestinal-Disease-Detection/dataset/kvasir-seg/images/cju5wqonpm0e60801z88ewmy1.jpg,/Users/ujjwalsinha/Gastrointestinal-Disease-Detection/dataset/kvasir-seg/masks/cju5wqonpm0e60801z88ewmy1.jpg,622,528,39517,9174,Yes,1,"polyp: [356,204,495,350]",polyp,622,528
kvasir-seg,cju5wrapcm2290818jsh26ppb.jpg,/Users/ujjwalsinha/Gastrointestinal-Disease-Detection/dataset/kvasir-seg/images/cju5wrapcm2290818jsh26ppb.jpg,/Users/ujjwalsinha/Gastrointestinal-Disease-Detection/dataset/kvasir-seg/masks/cju5wrapcm2290818jsh26ppb.jpg,622,528,35287,10905,Yes,1,"polyp: [264,135,468,347]",polyp,622,528
kvasir-seg,cju5wrrs0m2af0818vmnajbtw.jpg,/Users/ujjwalsinha/Gastrointestinal-Disease-Detection/dataset/kvasir-seg/images/cju5wrrs0m2af0818vmnajbtw.jpg,/Users/ujjwalsinha/Gastrointestinal-Disease-Detection/dataset/kvasir-seg/masks/cju5wrrs0m2af0818vmnajbtw.jpg,626,547,30883,8974,Yes,1,"polyp: [334,307,433,419]",polyp,626,547
kvasir-seg,cju5wtdu4m0im0871mix0yvc0.jpg,/Users/ujjwalsinha/Gastrointestinal-Disease-Detection/dataset/kvasir-seg/images/cju5wtdu4m0im0871mix0yvc0.jpg,/Users/ujjwalsinha/Gastrointestinal-Disease-Detection/dataset/kvasir-seg/masks/cju5wtdu4m0im0871mix0yvc0.jpg,610,509,26107,11015,Yes,1,"polyp: [359,47,530,306]",polyp,610,509
kvasir-seg,cju5wuhm1lwm40987vugqn3vv.jpg,/Users/ujjwalsinha/Gastrointestinal-Disease-Detection/dataset/kvasir-seg/images/cju5wuhm1lwm40987vugqn3vv.jpg,/Users/ujjwalsinha/Gastrointestinal-Disease-Detection/dataset/kvasir-seg/masks/cju5wuhm1lwm40987vugqn3vv.jpg,613,530,35725,10614,Yes,1,"polyp: [321,145,521,335]",polyp,613,530
kvasir-seg,cju5x00l6m5j608503k78ptee.jpg,/Users/ujjwalsinha/Gastrointestinal-Disease-Detection/dataset/kvasir-seg/images/cju5x00l6m5j608503k78ptee.jpg,/Users/ujjwalsinha/Gastrointestinal-Disease-Detection/dataset/kvasir-seg/masks/cju5x00l6m5j608503k78ptee.jpg,554,529,29119,14695,Yes,1,"polyp: [46,81,408,488]",polyp,554,529
kvasir-seg,cju5x15djm7ae0755h8czf6nt.jpg,/Users/ujjwalsinha/Gastrointestinal-Disease-Detection/dataset/kvasir-seg/images/cju5x15djm7ae0755h8czf6nt.jpg,/Users/ujjwalsinha/Gastrointestinal-Disease-Detection/dataset/kvasir-seg/masks/cju5x15djm7ae0755h8czf6nt.jpg,622,531,31669,11514,Yes,1,"polyp: [315,35,505,276]",polyp,622,531
kvasir-seg,cju5x28nzm7t907558ocq4bt7.jpg,/Users/ujjwalsinha/Gastrointestinal-Disease-Detection/dataset/kvasir-seg/images/cju5x28nzm7t907558ocq4bt7.jpg,/Users/ujjwalsinha/Gastrointestinal-Disease-Detection/dataset/kvasir-seg/masks/cju5x28nzm7t907558ocq4bt7.jpg,597,546,32728,12523,Yes,1,"polyp: [211,34,468,297]",polyp,597,546
kvasir-seg,cju5x7iskmad90818frchyfwd.jpg,/Users/ujjwalsinha/Gastrointestinal-Disease-Detection/dataset/kvasir-seg/images/cju5x7iskmad90818frchyfwd.jpg,/Users/ujjwalsinha/Gastrointestinal-Disease-Detection/dataset/kvasir-seg/masks/cju5x7iskmad90818frchyfwd.jpg,522,483,22340,11254,Yes,1,"polyp: [0,149,250,453]",polyp,522,483
kvasir-seg,cju5xjn5mm78b09871spyqhhr.jpg,/Users/ujjwalsinha/Gastrointestinal-Disease-Detection/dataset/kvasir-seg/images/cju5xjn5mm78b09871spyqhhr.jpg,/Users/ujjwalsinha/Gastrointestinal-Disease-Detection/dataset/kvasir-seg/masks/cju5xjn5mm78b09871spyqhhr.jpg,622,528,43361,12985,Yes,1,"polyp: [301,17,564,317]",polyp,622,528
kvasir-seg,cju5xkwzxmf0z0818gk4xabdm.jpg,/Users/ujjwalsinha/Gastrointestinal-Disease-Detection/dataset/kvasir-seg/images/cju5xkwzxmf0z0818gk4xabdm.jpg,/Users/ujjwalsinha/Gastrointestinal-Disease-Detection/dataset/kvasir-seg/masks/cju5xkwzxmf0z0818gk4xabdm.jpg,609,505,24392,12167,Yes,1,"polyp: [87,155,400,456]",polyp,609,505
kvasir-seg,cju5xneamme2p0801qdf7fdwv.jpg,/Users/ujjwalsinha/Gastrointestinal-Disease-Detection/dataset/kvasir-seg/images/cju5xneamme2p0801qdf7fdwv.jpg,/Users/ujjwalsinha/Gastrointestinal-Disease-Detection/dataset/kvasir-seg/masks/cju5xneamme2p0801qdf7fdwv.jpg,622,527,35199,9804,Yes,1,"polyp: [131,71,306,221]",polyp,622,527
kvasir-seg,cju5xopi0md7q0871r1sjc1av.jpg,/Users/ujjwalsinha/Gastrointestinal-Disease-Detection/dataset/kvasir-seg/images/cju5xopi0md7q0871r1sjc1av.jpg,/Users/ujjwalsinha/Gastrointestinal-Disease-Detection/dataset/kvasir-seg/masks/cju5xopi0md7q0871r1sjc1av.jpg,568,546,26993,11156,Yes,1,"polyp: [381,166,568,411]",polyp,568,546
kvasir-seg,cju5xq3tdm9fn0987pbedxdg5.jpg,/Users/ujjwalsinha/Gastrointestinal-Disease-Detection/dataset/kvasir-seg/images/cju5xq3tdm9fn0987pbedxdg5.jpg,/Users/ujjwalsinha/Gastrointestinal-Disease-Detection/dataset/kvasir-seg/masks/cju5xq3tdm9fn0987pbedxdg5.jpg,570,529,32648,9602,Yes,1,"polyp: [297,291,473,429]",polyp,570,529
kvasir-seg,cju5y4hgqmk0i08180rjhbwvp.jpg,/Users/ujjwalsinha/Gastrointestinal-Disease-Detection/dataset/kvasir-seg/images/cju5y4hgqmk0i08180rjhbwvp.jpg,/Users/ujjwalsinha/Gastrointestinal-Disease-Detection/dataset/kvasir-seg/masks/cju5y4hgqmk0i08180rjhbwvp.jpg,626,547,36958,12757,Yes,1,"polyp: [164,66,394,329]",polyp,626,547
kvasir-seg,cju5y7buemcw80987p0r30g9f.jpg,/Users/ujjwalsinha/Gastrointestinal-Disease-Detection/dataset/kvasir-seg/images/cju5y7buemcw80987p0r30g9f.jpg,/Users/ujjwalsinha/Gastrointestinal-Disease-Detection/dataset/kvasir-seg/masks/cju5y7buemcw80987p0r30g9f.jpg,589,530,29454,12141,Yes,1,"polyp: [21,179,312,435]",polyp,589,530
kvasir-seg,cju5y84q3mdv50817eyp82xf3.jpg,/Users/ujjwalsinha/Gastrointestinal-Disease-Detection/dataset/kvasir-seg/images/cju5y84q3mdv50817eyp82xf3.jpg,/Users/ujjwalsinha/Gastrointestinal-Disease-Detection/dataset/kvasir-seg/masks/cju5y84q3mdv50817eyp82xf3.jpg,611,530,30987,9097,Yes,1,"polyp: [314,230,440,356]",polyp,611,530
kvasir-seg,cju5yclrymlgj0818k426ud6z.jpg,/Users/ujjwalsinha/Gastrointestinal-Disease-Detection/dataset/kvasir-seg/images/cju5yclrymlgj0818k426ud6z.jpg,/Users/ujjwalsinha/Gastrointestinal-Disease-Detection/dataset/kvasir-seg/masks/cju5yclrymlgj0818k426ud6z.jpg,622,529,46405,10703,Yes,1,"polyp: [359,94,516,341]",polyp,622,529
kvasir-seg,cju5yeqiwmkgl0801fzv2douc.jpg,/Users/ujjwalsinha/Gastrointestinal-Disease-Detection/dataset/kvasir-seg/images/cju5yeqiwmkgl0801fzv2douc.jpg,/Users/ujjwalsinha/Gastrointestinal-Disease-Detection/dataset/kvasir-seg/masks/cju5yeqiwmkgl0801fzv2douc.jpg,570,531,45678,16551,Yes,2,"polyp: [238,0,496,277]; polyp: [401,308,530,494]",polyp,570,531
kvasir-seg,cju5ygh1zmmdi0755uod5e17i.jpg,/Users/ujjwalsinha/Gastrointestinal-Disease-Detection/dataset/kvasir-seg/images/cju5ygh1zmmdi0755uod5e17i.jpg,/Users/ujjwalsinha/Gastrointestinal-Disease-Detection/dataset/kvasir-seg/masks/cju5ygh1zmmdi0755uod5e17i.jpg,570,530,44533,12388,Yes,1,"polyp: [239,211,451,495]",polyp,570,530
kvasir-seg,cju5yhgznmkzb0801cji2vi8j.jpg,/Users/ujjwalsinha/Gastrointestinal-Disease-Detection/dataset/kvasir-seg/images/cju5yhgznmkzb0801cji2vi8j.jpg,/Users/ujjwalsinha/Gastrointestinal-Disease-Detection/dataset/kvasir-seg/masks/cju5yhgznmkzb0801cji2vi8j.jpg,568,529,37687,8425,Yes,1,"polyp: [285,139,371,277]",polyp,568,529
kvasir-seg,cju5yimthmlv80850zhoc90c2.jpg,/Users/ujjwalsinha/Gastrointestinal-Disease-Detection/dataset/kvasir-seg/images/cju5yimthmlv80850zhoc90c2.jpg,/Users/ujjwalsinha/Gastrointestinal-Disease-Detection/dataset/kvasir-seg/masks/cju5yimthmlv80850zhoc90c2.jpg,590,528,29764,9277,Yes,1,"polyp: [180,317,347,449]",polyp,590,528
kvasir-seg,cju5yjq1pmlgc0801z0t24bly.jpg,/Users/ujjwalsinha/Gastrointestinal-Disease-Detection/dataset/kvasir-seg/images/cju5yjq1pmlgc0801z0t24bly.jpg,/Users/ujjwalsinha/Gastrointestinal-Disease-Detection/dataset/kvasir-seg/masks/cju5yjq1pmlgc0801z0t24bly.jpg,570,530,27084,11919,Yes,1,"polyp: [245,228,459,515]",polyp,570,530
kvasir-seg,cju5ymyd8mmdc0801ry3by1xr.jpg,/Users/ujjwalsinha/Gastrointestinal-Disease-Detection/dataset/kvasir-seg/images/cju5ymyd8mmdc0801ry3by1xr.jpg,/Users/ujjwalsinha/Gastrointestinal-Disease-Detection/dataset/kvasir-seg/masks/cju5ymyd8mmdc0801ry3by1xr.jpg,622,528,44090,8978,Yes,1,"polyp: [508,211,611,376]",polyp,622,528
kvasir-seg,cju6ur9l9v9jq0755paud9uka.jpg,/Users/ujjwalsinha/Gastrointestinal-Disease-Detection/dataset/kvasir-seg/images/cju6ur9l9v9jq0755paud9uka.jpg,/Users/ujjwalsinha/Gastrointestinal-Disease-Detection/dataset/kvasir-seg/masks/cju6ur9l9v9jq0755paud9uka.jpg,561,529,22311,8741,Yes,1,"polyp: [216,183,326,306]",polyp,561,529
kvasir-seg,cju6us80mv1b50871ebyq2wxa.jpg,/Users/ujjwalsinha/Gastrointestinal-Disease-Detection/dataset/kvasir-seg/images/cju6us80mv1b50871ebyq2wxa.jpg,/Users/ujjwalsinha/Gastrointestinal-Disease-Detection/dataset/kvasir-seg/masks/cju6us80mv1b50871ebyq2wxa.jpg,562,530,26828,7375,Yes,1,"polyp: [435,164,491,258]",polyp,562,530
kvasir-seg,cju6ut4l8va6y0755tyw3vfqq.jpg,/Users/ujjwalsinha/Gastrointestinal-Disease-Detection/dataset/kvasir-seg/images/cju6ut4l8va6y0755tyw3vfqq.jpg,/Users/ujjwalsinha/Gastrointestinal-Disease-Detection/dataset/kvasir-seg/masks/cju6ut4l8va6y0755tyw3vfqq.jpg,605,529,29901,8706,Yes,1,"polyp: [338,293,450,396]",polyp,605,529
kvasir-seg,cju6uy20suzbl0987rzuhz7z9.jpg,/Users/ujjwalsinha/Gastrointestinal-Disease-Detection/dataset/kvasir-seg/images/cju6uy20suzbl0987rzuhz7z9.jpg,/Users/ujjwalsinha/Gastrointestinal-Disease-Detection/dataset/kvasir-seg/masks/cju6uy20suzbl0987rzuhz7z9.jpg,626,546,32283,13364,Yes,1,"polyp: [208,145,448,470]",polyp,626,546
kvasir-seg,cju6uzxk0v83p0801rcwnexdu.jpg,/Users/ujjwalsinha/Gastrointestinal-Disease-Detection/dataset/kvasir-seg/images/cju6uzxk0v83p0801rcwnexdu.jpg,/Users/ujjwalsinha/Gastrointestinal-Disease-Detection/dataset/kvasir-seg/masks/cju6uzxk0v83p0801rcwnexdu.jpg,626,547,39201,14452,Yes,1,"polyp: [22,79,387,547]",polyp,626,547
kvasir-seg,cju6v1m1xv07w09870ah3njy1.jpg,/Users/ujjwalsinha/Gastrointestinal-Disease-Detection/dataset/kvasir-seg/images/cju6v1m1xv07w09870ah3njy1.jpg,/Users/ujjwalsinha/Gastrointestinal-Disease-Detection/dataset/kvasir-seg/masks/cju6v1m1xv07w09870ah3njy1.jpg,565,530,28633,11044,Yes,2,"polyp: [202,42,297,138]; polyp: [313,138,446,254]",polyp,565,530
kvasir-seg,cju6v3bb2v7xo085090blubyw.jpg,/Users/ujjwalsinha/Gastrointestinal-Disease-Detection/dataset/kvasir-seg/images/cju6v3bb2v7xo085090blubyw.jpg,/Users/ujjwalsinha/Gastrointestinal-Disease-Detection/dataset/kvasir-seg/masks/cju6v3bb2v7xo085090blubyw.jpg,626,547,33955,15213,Yes,2,"polyp: [227,0,404,154]; polyp: [49,267,331,547]",polyp,626,547
kvasir-seg,cju6v4szov55u0871qmqz3v8n.jpg,/Users/ujjwalsinha/Gastrointestinal-Disease-Detection/dataset/kvasir-seg/images/cju6v4szov55u0871qmqz3v8n.jpg,/Users/ujjwalsinha/Gastrointestinal-Disease-Detection/dataset/kvasir-seg/masks/cju6v4szov55u0871qmqz3v8n.jpg,370,523,17538,12470,Yes,1,"polyp: [0,126,302,510]",polyp,370,523
kvasir-seg,cju6v5ilsv8hk0850rb5sgh6o.jpg,/Users/ujjwalsinha/Gastrointestinal-Disease-Detection/dataset/kvasir-seg/images/cju6v5ilsv8hk0850rb5sgh6o.jpg,/Users/ujjwalsinha/Gastrointestinal-Disease-Detection/dataset/kvasir-seg/masks/cju6v5ilsv8hk0850rb5sgh6o.jpg,622,530,24212,8783,Yes,1,"polyp: [329,227,453,342]",polyp,622,530
kvasir-seg,cju6v6g6kvdw007552x6mb0po.jpg,/Users/ujjwalsinha/Gastrointestinal-Disease-Detection/dataset/kvasir-seg/images/cju6v6g6kvdw007552x6mb0po.jpg,/Users/ujjwalsinha/Gastrointestinal-Disease-Detection/dataset/kvasir-seg/masks/cju6v6g6kvdw007552x6mb0po.jpg,570,530,22592,11744,Yes,1,"polyp: [186,306,460,530]",polyp,570,530
kvasir-seg,cju6vgdmivcvb08018fra5lnv.jpg,/Users/ujjwalsinha/Gastrointestinal-Disease-Detection/dataset/kvasir-seg/images/cju6vgdmivcvb08018fra5lnv.jpg,/Users/ujjwalsinha/Gastrointestinal-Disease-Detection/dataset/kvasir-seg/masks/cju6vgdmivcvb08018fra5lnv.jpg,571,529,39075,12658,Yes,1,"polyp: [333,62,553,374]",polyp,571,529
kvasir-seg,cju6vifjlv55z0987un6y4zdo.jpg,/Users/ujjwalsinha/Gastrointestinal-Disease-Detection/dataset/kvasir-seg/images/cju6vifjlv55z0987un6y4zdo.jpg,/Users/ujjwalsinha/Gastrointestinal-Disease-Detection/dataset/kvasir-seg/masks/cju6vifjlv55z0987un6y4zdo.jpg,622,529,43492,17232,Yes,1,"polyp: [0,0,519,528]",polyp,622,529
kvasir-seg,cju6vqarjv7yo0987q4b1btk1.jpg,/Users/ujjwalsinha/Gastrointestinal-Disease-Detection/dataset/kvasir-seg/images/cju6vqarjv7yo0987q4b1btk1.jpg,/Users/ujjwalsinha/Gastrointestinal-Disease-Detection/dataset/kvasir-seg/masks/cju6vqarjv7yo0987q4b1btk1.jpg,584,529,28829,11503,Yes,1,"polyp: [335,208,520,459]",polyp,584,529
kvasir-seg,cju6vrs1ov8cr098788h8gs6j.jpg,/Users/ujjwalsinha/Gastrointestinal-Disease-Detection/dataset/kvasir-seg/images/cju6vrs1ov8cr098788h8gs6j.jpg,/Users/ujjwalsinha/Gastrointestinal-Disease-Detection/dataset/kvasir-seg/masks/cju6vrs1ov8cr098788h8gs6j.jpg,621,529,37836,10156,Yes,1,"polyp: [259,202,431,358]",polyp,621,529
kvasir-seg,cju6vta3kvazg0817qbeppjtm.jpg,/Users/ujjwalsinha/Gastrointestinal-Disease-Detection/dataset/kvasir-seg/images/cju6vta3kvazg0817qbeppjtm.jpg,/Users/ujjwalsinha/Gastrointestinal-Disease-Detection/dataset/kvasir-seg/masks/cju6vta3kvazg0817qbeppjtm.jpg,622,528,49940,14220,Yes,1,"polyp: [255,54,576,403]",polyp,622,528
kvasir-seg,cju6vucxvvlda0755j7msqnya.jpg,/Users/ujjwalsinha/Gastrointestinal-Disease-Detection/dataset/kvasir-seg/images/cju6vucxvvlda0755j7msqnya.jpg,/Users/ujjwalsinha/Gastrointestinal-Disease-Detection/dataset/kvasir-seg/masks/cju6vucxvvlda0755j7msqnya.jpg,626,546,37563,10946,Yes,2,"polyp: [268,109,412,243]; polyp: [389,257,432,308]",polyp,626,546
kvasir-seg,cju6vvb8svhed0801jjcquh5e.jpg,/Users/ujjwalsinha/Gastrointestinal-Disease-Detection/dataset/kvasir-seg/images/cju6vvb8svhed0801jjcquh5e.jpg,/Users/ujjwalsinha/Gastrointestinal-Disease-Detection/dataset/kvasir-seg/masks/cju6vvb8svhed0801jjcquh5e.jpg,604,530,27534,8274,Yes,1,"polyp: [158,152,223,299]",polyp,604,530
kvasir-seg,cju6vvxsev9y30987kespucdg.jpg,/Users/ujjwalsinha/Gastrointestinal-Disease-Detection/dataset/kvasir-seg/images/cju6vvxsev9y30987kespucdg.jpg,/Users/ujjwalsinha/Gastrointestinal-Disease-Detection/dataset/kvasir-seg/masks/cju6vvxsev9y30987kespucdg.jpg,620,475,32582,9867,Yes,1,"polyp: [351,63,529,234]",polyp,620,475
kvasir-seg,cju6w733bveoz0817e600tw72.jpg,/Users/ujjwalsinha/Gastrointestinal-Disease-Detection/dataset/kvasir-seg/images/cju6w733bveoz0817e600tw72.jpg,/Users/ujjwalsinha/Gastrointestinal-Disease-Detection/dataset/kvasir-seg/masks/cju6w733bveoz0817e600tw72.jpg,477,530,22608,8554,Yes,1,"polyp: [103,267,279,443]",polyp,477,530
kvasir-seg,cju6wi3akvn8r0801px8eligc.jpg,/Users/ujjwalsinha/Gastrointestinal-Disease-Detection/dataset/kvasir-seg/images/cju6wi3akvn8r0801px8eligc.jpg,/Users/ujjwalsinha/Gastrointestinal-Disease-Detection/dataset/kvasir-seg/masks/cju6wi3akvn8r0801px8eligc.jpg,494,530,27584,14293,Yes,1,"polyp: [0,0,402,529]",polyp,494,530
kvasir-seg,cju6wjm81vgsc0987enk9n3pr.jpg,/Users/ujjwalsinha/Gastrointestinal-Disease-Detection/dataset/kvasir-seg/images/cju6wjm81vgsc0987enk9n3pr.jpg,/Users/ujjwalsinha/Gastrointestinal-Disease-Detection/dataset/kvasir-seg/masks/cju6wjm81vgsc0987enk9n3pr.jpg,623,528,36418,12453,Yes,1,"polyp: [81,179,385,528]",polyp,623,528
kvasir-seg,cju6wll7wvo3y08502pagos8m.jpg,/Users/ujjwalsinha/Gastrointestinal-Disease-Detection/dataset/kvasir-seg/images/cju6wll7wvo3y08502pagos8m.jpg,/Users/ujjwalsinha/Gastrointestinal-Disease-Detection/dataset/kvasir-seg/masks/cju6wll7wvo3y08502pagos8m.jpg,568,497,29009,13559,Yes,1,"polyp: [78,59,411,371]",polyp,568,497
kvasir-seg,cju6wn57mvooj0850rp78hhy7.jpg,/Users/ujjwalsinha/Gastrointestinal-Disease-Detection/dataset/kvasir-seg/images/cju6wn57mvooj0850rp78hhy7.jpg,/Users/ujjwalsinha/Gastrointestinal-Disease-Detection/dataset/kvasir-seg/masks/cju6wn57mvooj0850rp78hhy7.jpg,622,531,34095,17591,Yes,1,"polyp: [201,0,562,443]",polyp,622,531
kvasir-seg,cju6wt9jvvn500871hjn3t3g0.jpg,/Users/ujjwalsinha/Gastrointestinal-Disease-Detection/dataset/kvasir-seg/images/cju6wt9jvvn500871hjn3t3g0.jpg,/Users/ujjwalsinha/Gastrointestinal-Disease-Detection/dataset/kvasir-seg/masks/cju6wt9jvvn500871hjn3t3g0.jpg,622,530,33420,13415,Yes,1,"polyp: [235,98,516,404]",polyp,622,530
kvasir-seg,cju6wuojavt740818b5qcv3iw.jpg,/Users/ujjwalsinha/Gastrointestinal-Disease-Detection/dataset/kvasir-seg/images/cju6wuojavt740818b5qcv3iw.jpg,/Users/ujjwalsinha/Gastrointestinal-Disease-Detection/dataset/kvasir-seg/masks/cju6wuojavt740818b5qcv3iw.jpg,599,530,36029,14745,Yes,1,"polyp: [163,31,497,384]",polyp,599,530
kvasir-seg,cju6x0yqbvxqt0755dhxislgb.jpg,/Users/ujjwalsinha/Gastrointestinal-Disease-Detection/dataset/kvasir-seg/images/cju6x0yqbvxqt0755dhxislgb.jpg,/Users/ujjwalsinha/Gastrointestinal-Disease-Detection/dataset/kvasir-seg/masks/cju6x0yqbvxqt0755dhxislgb.jpg,622,530,38512,12918,Yes,1,"polyp: [243,0,496,244]",polyp,622,530
kvasir-seg,cju6x35ervu2808015c7eoqe4.jpg,/Users/ujjwalsinha/Gastrointestinal-Disease-Detection/dataset/kvasir-seg/images/cju6x35ervu2808015c7eoqe4.jpg,/Users/ujjwalsinha/Gastrointestinal-Disease-Detection/dataset/kvasir-seg/masks/cju6x35ervu2808015c7eoqe4.jpg,622,530,32140,14519,Yes,1,"polyp: [48,94,392,428]",polyp,622,530
kvasir-seg,cju6x4t13vyw60755gtcf9ndu.jpg,/Users/ujjwalsinha/Gastrointestinal-Disease-Detection/dataset/kvasir-seg/images/cju6x4t13vyw60755gtcf9ndu.jpg,/Users/ujjwalsinha/Gastrointestinal-Disease-Detection/dataset/kvasir-seg/masks/cju6x4t13vyw60755gtcf9ndu.jpg,621,529,45414,13441,Yes,1,"polyp: [354,49,593,432]",polyp,621,529
kvasir-seg,cju6x97w4vwua0850x0997r0a.jpg,/Users/ujjwalsinha/Gastrointestinal-Disease-Detection/dataset/kvasir-seg/images/cju6x97w4vwua0850x0997r0a.jpg,/Users/ujjwalsinha/Gastrointestinal-Disease-Detection/dataset/kvasir-seg/masks/cju6x97w4vwua0850x0997r0a.jpg,626,547,33869,11344,Yes,1,"polyp: [132,111,285,372]",polyp,626,547
kvasir-seg,cju6xa0qmvzun0818xjukgncj.jpg,/Users/ujjwalsinha/Gastrointestinal-Disease-Detection/dataset/kvasir-seg/images/cju6xa0qmvzun0818xjukgncj.jpg,/Users/ujjwalsinha/Gastrointestinal-Disease-Detection/dataset/kvasir-seg/masks/cju6xa0qmvzun0818xjukgncj.jpg,575,530,27601,10620,Yes,1,"polyp: [165,119,369,344]",polyp,575,530
kvasir-seg,cju6xifswvwbo0987nibtdr50.jpg,/Users/ujjwalsinha/Gastrointestinal-Disease-Detection/dataset/kvasir-seg/images/cju6xifswvwbo0987nibtdr50.jpg,/Users/ujjwalsinha/Gastrointestinal-Disease-Detection/dataset/kvasir-seg/masks/cju6xifswvwbo0987nibtdr50.jpg,618,531,28984,14603,Yes,1,"polyp: [244,94,573,531]",polyp,618,531
kvasir-seg,cju6xlygpw7bs0818n691jsq4.jpg,/Users/ujjwalsinha/Gastrointestinal-Disease-Detection/dataset/kvasir-seg/images/cju6xlygpw7bs0818n691jsq4.jpg,/Users/ujjwalsinha/Gastrointestinal-Disease-Detection/dataset/kvasir-seg/masks/cju6xlygpw7bs0818n691jsq4.jpg,570,531,25670,16535,Yes,1,"polyp: [209,0,549,435]",polyp,570,531
kvasir-seg,cju6xmqd9w0250817l5kxfnsk.jpg,/Users/ujjwalsinha/Gastrointestinal-Disease-Detection/dataset/kvasir-seg/images/cju6xmqd9w0250817l5kxfnsk.jpg,/Users/ujjwalsinha/Gastrointestinal-Disease-Detection/dataset/kvasir-seg/masks/cju6xmqd9w0250817l5kxfnsk.jpg,494,530,27716,9569,Yes,1,"polyp: [327,117,494,353]",polyp,494,530
kvasir-seg,cju6ywm40wdbo0987pbftsvtg.jpg,/Users/ujjwalsinha/Gastrointestinal-Disease-Detection/dataset/kvasir-seg/images/cju6ywm40wdbo0987pbftsvtg.jpg,/Users/ujjwalsinha/Gastrointestinal-Disease-Detection/dataset/kvasir-seg/masks/cju6ywm40wdbo0987pbftsvtg.jpg,622,528,31846,12704,Yes,1,"polyp: [291,86,557,338]",polyp,622,528
kvasir-seg,cju6yxyt0wh080871sqpepu47.jpg,/Users/ujjwalsinha/Gastrointestinal-Disease-Detection/dataset/kvasir-seg/images/cju6yxyt0wh080871sqpepu47.jpg,/Users/ujjwalsinha/Gastrointestinal-Disease-Detection/dataset/kvasir-seg/masks/cju6yxyt0wh080871sqpepu47.jpg,616,528,47040,10910,Yes,1,"polyp: [269,131,413,370]",polyp,616,528
kvasir-seg,cju6yywx1whbb0871ksgfgf9f.jpg,/Users/ujjwalsinha/Gastrointestinal-Disease-Detection/dataset/kvasir-seg/images/cju6yywx1whbb0871ksgfgf9f.jpg,/Users/ujjwalsinha/Gastrointestinal-Disease-Detection/dataset/kvasir-seg/masks/cju6yywx1whbb0871ksgfgf9f.jpg,622,530,33024,11068,Yes,1,"polyp: [299,73,504,255]",polyp,622,530
kvasir-seg,cju6z1bzbwfq50817b2alatvr.jpg,/Users/ujjwalsinha/Gastrointestinal-Disease-Detection/dataset/kvasir-seg/images/cju6z1bzbwfq50817b2alatvr.jpg,/Users/ujjwalsinha/Gastrointestinal-Disease-Detection/dataset/kvasir-seg/masks/cju6z1bzbwfq50817b2alatvr.jpg,626,547,29863,13446,Yes,1,"polyp: [197,125,626,547]",polyp,626,547
kvasir-seg,cju6z2616wqbk07555bvnuyr1.jpg,/Users/ujjwalsinha/Gastrointestinal-Disease-Detection/dataset/kvasir-seg/images/cju6z2616wqbk07555bvnuyr1.jpg,/Users/ujjwalsinha/Gastrointestinal-Disease-Detection/dataset/kvasir-seg/masks/cju6z2616wqbk07555bvnuyr1.jpg,554,531,21330,10237,Yes,1,"polyp: [268,265,435,485]",polyp,554,531
kvasir-seg,cju6z600qwh4z081700qimgl9.jpg,/Users/ujjwalsinha/Gastrointestinal-Disease-Detection/dataset/kvasir-seg/images/cju6z600qwh4z081700qimgl9.jpg,/Users/ujjwalsinha/Gastrointestinal-Disease-Detection/dataset/kvasir-seg/masks/cju6z600qwh4z081700qimgl9.jpg,612,530,25369,9369,Yes,1,"polyp: [394,276,529,432]",polyp,612,530
kvasir-seg,cju6z7e4bwgdd0987ogkzq9kt.jpg,/Users/ujjwalsinha/Gastrointestinal-Disease-Detection/dataset/kvasir-seg/images/cju6z7e4bwgdd0987ogkzq9kt.jpg,/Users/ujjwalsinha/Gastrointestinal-Disease-Detection/dataset/kvasir-seg/masks/cju6z7e4bwgdd0987ogkzq9kt.jpg,623,528,42372,13124,Yes,1,"polyp: [307,212,587,504]",polyp,623,528
kvasir-seg,cju6z9a9kwsl007552s49rx6i.jpg,/Users/ujjwalsinha/Gastrointestinal-Disease-Detection/dataset/kvasir-seg/images/cju6z9a9kwsl007552s49rx6i.jpg,/Users/ujjwalsinha/Gastrointestinal-Disease-Detection/dataset/kvasir-seg/masks/cju6z9a9kwsl007552s49rx6i.jpg,622,528,46019,12872,Yes,2,"polyp: [293,224,353,281]; polyp: [126,312,407,528]",polyp,622,528
kvasir-seg,cju76erapykj30871x5eaxh4q.jpg,/Users/ujjwalsinha/Gastrointestinal-Disease-Detection/dataset/kvasir-seg/images/cju76erapykj30871x5eaxh4q.jpg,/Users/ujjwalsinha/Gastrointestinal-Disease-Detection/dataset/kvasir-seg/masks/cju76erapykj30871x5eaxh4q.jpg,621,529,36538,13841,Yes,1,"polyp: [336,90,613,435]",polyp,621,529
kvasir-seg,cju76l27oyrw907551ri2a7fl.jpg,/Users/ujjwalsinha/Gastrointestinal-Disease-Detection/dataset/kvasir-seg/images/cju76l27oyrw907551ri2a7fl.jpg,/Users/ujjwalsinha/Gastrointestinal-Disease-Detection/dataset/kvasir-seg/masks/cju76l27oyrw907551ri2a7fl.jpg,396,480,24913,10749,Yes,1,"polyp: [146,113,367,441]",polyp,396,480
kvasir-seg,cju76lsehyia10987u54vn8rb.jpg,/Users/ujjwalsinha/Gastrointestinal-Disease-Detection/dataset/kvasir-seg/images/cju76lsehyia10987u54vn8rb.jpg,/Users/ujjwalsinha/Gastrointestinal-Disease-Detection/dataset/kvasir-seg/masks/cju76lsehyia10987u54vn8rb.jpg,622,546,39712,10303,Yes,1,"polyp: [342,145,496,328]",polyp,622,546
kvasir-seg,cju76o55nymqd0871h31sph9w.jpg,/Users/ujjwalsinha/Gastrointestinal-Disease-Detection/dataset/kvasir-seg/images/cju76o55nymqd0871h31sph9w.jpg,/Users/ujjwalsinha/Gastrointestinal-Disease-Detection/dataset/kvasir-seg/masks/cju76o55nymqd0871h31sph9w.jpg,600,529,38284,7042,Yes,1,"polyp: [187,63,230,129]",polyp,600,529
kvasir-seg,cju77196iyshb0850ycbto50a.jpg,/Users/ujjwalsinha/Gastrointestinal-Disease-Detection/dataset/kvasir-seg/images/cju77196iyshb0850ycbto50a.jpg,/Users/ujjwalsinha/Gastrointestinal-Disease-Detection/dataset/kvasir-seg/masks/cju77196iyshb0850ycbto50a.jpg,622,529,39695,15303,Yes,1,"polyp: [253,11,610,364]",polyp,622,529
kvasir-seg,cju772304yw5t0818vbw8kkjf.jpg,/Users/ujjwalsinha/Gastrointestinal-Disease-Detection/dataset/kvasir-seg/images/cju772304yw5t0818vbw8kkjf.jpg,/Users/ujjwalsinha/Gastrointestinal-Disease-Detection/dataset/kvasir-seg/masks/cju772304yw5t0818vbw8kkjf.jpg,622,546,39655,10518,Yes,1,"polyp: [343,146,494,329]",polyp,622,546
kvasir-seg,cju773hsyyosz0817pk1e7sjq.jpg,/Users/ujjwalsinha/Gastrointestinal-Disease-Detection/dataset/kvasir-seg/images/cju773hsyyosz0817pk1e7sjq.jpg,/Users/ujjwalsinha/Gastrointestinal-Disease-Detection/dataset/kvasir-seg/masks/cju773hsyyosz0817pk1e7sjq.jpg,618,530,31605,11596,Yes,1,"polyp: [365,84,557,345]",polyp,618,530
kvasir-seg,cju774fmayxif0818u2g79usw.jpg,/Users/ujjwalsinha/Gastrointestinal-Disease-Detection/dataset/kvasir-seg/images/cju774fmayxif0818u2g79usw.jpg,/Users/ujjwalsinha/Gastrointestinal-Disease-Detection/dataset/kvasir-seg/masks/cju774fmayxif0818u2g79usw.jpg,622,530,29870,10399,Yes,1,"polyp: [352,363,536,529]",polyp,622,530
kvasir-seg,cju7787c5yy3l080159mwqsnj.jpg,/Users/ujjwalsinha/Gastrointestinal-Disease-Detection/dataset/kvasir-seg/images/cju7787c5yy3l080159mwqsnj.jpg,/Users/ujjwalsinha/Gastrointestinal-Disease-Detection/dataset/kvasir-seg/masks/cju7787c5yy3l080159mwqsnj.jpg,622,530,25750,10593,Yes,1,"polyp: [418,177,572,363]",polyp,622,530
kvasir-seg,cju77afzlz3kp07550x5nafzs.jpg,/Users/ujjwalsinha/Gastrointestinal-Disease-Detection/dataset/kvasir-seg/images/cju77afzlz3kp07550x5nafzs.jpg,/Users/ujjwalsinha/Gastrointestinal-Disease-Detection/dataset/kvasir-seg/masks/cju77afzlz3kp07550x5nafzs.jpg,622,528,46519,17983,Yes,1,"polyp: [0,0,458,527]",polyp,622,528
kvasir-seg,cju77b3wyz4160755qis4ljsb.jpg,/Users/ujjwalsinha/Gastrointestinal-Disease-Detection/dataset/kvasir-seg/images/cju77b3wyz4160755qis4ljsb.jpg,/Users/ujjwalsinha/Gastrointestinal-Disease-Detection/dataset/kvasir-seg/masks/cju77b3wyz4160755qis4ljsb.jpg,571,530,33220,8951,Yes,1,"polyp: [220,295,348,442]",polyp,571,530
kvasir-seg,cju77bvg0yv4r0987yh60xmjo.jpg,/Users/ujjwalsinha/Gastrointestinal-Disease-Detection/dataset/kvasir-seg/images/cju77bvg0yv4r0987yh60xmjo.jpg,/Users/ujjwalsinha/Gastrointestinal-Disease-Detection/dataset/kvasir-seg/masks/cju77bvg0yv4r0987yh60xmjo.jpg,616,546,36769,10822,Yes,1,"polyp: [220,120,423,285]",polyp,616,546
kvasir-seg,cju77g99iyxc00817zqi2ppor.jpg,/Users/ujjwalsinha/Gastrointestinal-Disease-Detection/dataset/kvasir-seg/images/cju77g99iyxc00817zqi2ppor.jpg,/Users/ujjwalsinha/Gastrointestinal-Disease-Detection/dataset/kvasir-seg/masks/cju77g99iyxc00817zqi2ppor.jpg,620,531,31519,14705,Yes,1,"polyp: [202,154,607,490]",polyp,620,531
kvasir-seg,cju77idwfz36d0871tzfzz51i.jpg,/Users/ujjwalsinha/Gastrointestinal-Disease-Detection/dataset/kvasir-seg/images/cju77idwfz36d0871tzfzz51i.jpg,/Users/ujjwalsinha/Gastrointestinal-Disease-Detection/dataset/kvasir-seg/masks/cju77idwfz36d0871tzfzz51i.jpg,605,528,39126,13283,Yes,1,"polyp: [148,246,510,486]",polyp,605,528
kvasir-seg,cju77j66ez52p08019xygi0co.jpg,/Users/ujjwalsinha/Gastrointestinal-Disease-Detection/dataset/kvasir-seg/images/cju77j66ez52p08019xygi0co.jpg,/Users/ujjwalsinha/Gastrointestinal-Disease-Detection/dataset/kvasir-seg/masks/cju77j66ez52p08019xygi0co.jpg,613,530,36568,9025,Yes,1,"polyp: [191,199,356,291]",polyp,613,530
kvasir-seg,cju77k828z46w0871r0avuoo9.jpg,/Users/ujjwalsinha/Gastrointestinal-Disease-Detection/dataset/kvasir-seg/images/cju77k828z46w0871r0avuoo9.jpg,/Users/ujjwalsinha/Gastrointestinal-Disease-Detection/dataset/kvasir-seg/masks/cju77k828z46w0871r0avuoo9.jpg,622,530,24270,11271,Yes,1,"polyp: [143,92,375,278]",polyp,622,530
kvasir-seg,cju77q10sz9ug0801449wu1nu.jpg,/Users/ujjwalsinha/Gastrointestinal-Disease-Detection/dataset/kvasir-seg/images/cju77q10sz9ug0801449wu1nu.jpg,/Users/ujjwalsinha/Gastrointestinal-Disease-Detection/dataset/kvasir-seg/masks/cju77q10sz9ug0801449wu1nu.jpg,608,528,33163,12018,Yes,1,"polyp: [294,0,530,262]",polyp,608,528
kvasir-seg,cju77re6fz5bb0817vp9redjg.jpg,/Users/ujjwalsinha/Gastrointestinal-Disease-Detection/dataset/kvasir-seg/images/cju77re6fz5bb0817vp9redjg.jpg,/Users/ujjwalsinha/Gastrointestinal-Disease-Detection/dataset/kvasir-seg/masks/cju77re6fz5bb0817vp9redjg.jpg,443,530,28196,8940,Yes,1,"polyp: [117,223,273,422]",polyp,443,530
kvasir-seg,cju77t0razbvm080106o56289.jpg,/Users/ujjwalsinha/Gastrointestinal-Disease-Detection/dataset/kvasir-seg/images/cju77t0razbvm080106o56289.jpg,/Users/ujjwalsinha/Gastrointestinal-Disease-Detection/dataset/kvasir-seg/masks/cju77t0razbvm080106o56289.jpg,570,528,43944,17006,Yes,1,"polyp: [0,0,440,527]",polyp,570,528
kvasir-seg,cju77u1sjz77b0817ft44r3fk.jpg,/Users/ujjwalsinha/Gastrointestinal-Disease-Detection/dataset/kvasir-seg/images/cju77u1sjz77b0817ft44r3fk.jpg,/Users/ujjwalsinha/Gastrointestinal-Disease-Detection/dataset/kvasir-seg/masks/cju77u1sjz77b0817ft44r3fk.jpg,622,531,37237,10886,Yes,1,"polyp: [102,83,298,337]",polyp,622,531
kvasir-seg,cju77vvcwzcm50850lzoykuva.jpg,/Users/ujjwalsinha/Gastrointestinal-Disease-Detection/dataset/kvasir-seg/images/cju77vvcwzcm50850lzoykuva.jpg,/Users/ujjwalsinha/Gastrointestinal-Disease-Detection/dataset/kvasir-seg/masks/cju77vvcwzcm50850lzoykuva.jpg,618,529,36571,11190,Yes,1,"polyp: [103,351,352,514]",polyp,618,529
kvasir-seg,cju783tmkzkqu081803g7q5vk.jpg,/Users/ujjwalsinha/Gastrointestinal-Disease-Detection/dataset/kvasir-seg/images/cju783tmkzkqu081803g7q5vk.jpg,/Users/ujjwalsinha/Gastrointestinal-Disease-Detection/dataset/kvasir-seg/masks/cju783tmkzkqu081803g7q5vk.jpg,618,494,28153,10812,Yes,1,"polyp: [176,183,436,369]",polyp,618,494
kvasir-seg,cju784jpdzeae0987q5ypq883.jpg,/Users/ujjwalsinha/Gastrointestinal-Disease-Detection/dataset/kvasir-seg/images/cju784jpdzeae0987q5ypq883.jpg,/Users/ujjwalsinha/Gastrointestinal-Disease-Detection/dataset/kvasir-seg/masks/cju784jpdzeae0987q5ypq883.jpg,580,531,31530,10502,Yes,1,"polyp: [251,340,478,531]",polyp,580,531
kvasir-seg,cju785htizjzo08017tvlhtg4.jpg,/Users/ujjwalsinha/Gastrointestinal-Disease-Detection/dataset/kvasir-seg/images/cju785htizjzo08017tvlhtg4.jpg,/Users/ujjwalsinha/Gastrointestinal-Disease-Detection/dataset/kvasir-seg/masks/cju785htizjzo08017tvlhtg4.jpg,546,530,26903,10331,Yes,1,"polyp: [196,94,375,310]",polyp,546,530
kvasir-seg,cju787jnjzjuj0871p94nck9g.jpg,/Users/ujjwalsinha/Gastrointestinal-Disease-Detection/dataset/kvasir-seg/images/cju787jnjzjuj0871p94nck9g.jpg,/Users/ujjwalsinha/Gastrointestinal-Disease-Detection/dataset/kvasir-seg/masks/cju787jnjzjuj0871p94nck9g.jpg,626,546,32787,12571,Yes,1,"polyp: [332,1,541,286]",polyp,626,546
kvasir-seg,cju7adqyj1jcx08712r1ro5gx.jpg,/Users/ujjwalsinha/Gastrointestinal-Disease-Detection/dataset/kvasir-seg/images/cju7adqyj1jcx08712r1ro5gx.jpg,/Users/ujjwalsinha/Gastrointestinal-Disease-Detection/dataset/kvasir-seg/masks/cju7adqyj1jcx08712r1ro5gx.jpg,622,480,36848,13635,Yes,1,"polyp: [122,120,480,442]",polyp,622,480
kvasir-seg,cju7ae7bq1f820987toc8si1d.jpg,/Users/ujjwalsinha/Gastrointestinal-Disease-Detection/dataset/kvasir-seg/images/cju7ae7bq1f820987toc8si1d.jpg,/Users/ujjwalsinha/Gastrointestinal-Disease-Detection/dataset/kvasir-seg/masks/cju7ae7bq1f820987toc8si1d.jpg,509,530,23858,7981,Yes,1,"polyp: [192,101,307,226]",polyp,509,530
kvasir-seg,cju7aez2x1jtj0871ztezs3oi.jpg,/Users/ujjwalsinha/Gastrointestinal-Disease-Detection/dataset/kvasir-seg/images/cju7aez2x1jtj0871ztezs3oi.jpg,/Users/ujjwalsinha/Gastrointestinal-Disease-Detection/dataset/kvasir-seg/masks/cju7aez2x1jtj0871ztezs3oi.jpg,621,510,44190,8691,Yes,1,"polyp: [247,114,367,227]",polyp,621,510
kvasir-seg,cju7afqon1ip40850ue2308b6.jpg,/Users/ujjwalsinha/Gastrointestinal-Disease-Detection/dataset/kvasir-seg/images/cju7afqon1ip40850ue2308b6.jpg,/Users/ujjwalsinha/Gastrointestinal-Disease-Detection/dataset/kvasir-seg/masks/cju7afqon1ip40850ue2308b6.jpg,617,528,35365,9894,Yes,1,"polyp: [403,144,543,330]",polyp,617,528
kvasir-seg,cju7agj961l2r0818z29iq8yn.jpg,/Users/ujjwalsinha/Gastrointestinal-Disease-Detection/dataset/kvasir-seg/images/cju7agj961l2r0818z29iq8yn.jpg,/Users/ujjwalsinha/Gastrointestinal-Disease-Detection/dataset/kvasir-seg/masks/cju7agj961l2r0818z29iq8yn.jpg,622,530,25444,10158,Yes,1,"polyp: [300,187,455,368]",polyp,622,530
kvasir-seg,cju7ahtkb1jr90801jck4kbds.jpg,/Users/ujjwalsinha/Gastrointestinal-Disease-Detection/dataset/kvasir-seg/images/cju7ahtkb1jr90801jck4kbds.jpg,/Users/ujjwalsinha/Gastrointestinal-Disease-Detection/dataset/kvasir-seg/masks/cju7ahtkb1jr90801jck4kbds.jpg,602,546,30410,12450,Yes,1,"polyp: [312,252,519,544]",polyp,602,546
kvasir-seg,cju7aifyo1p3n07552nxjx51f.jpg,/Users/ujjwalsinha/Gastrointestinal-Disease-Detection/dataset/kvasir-seg/images/cju7aifyo1p3n07552nxjx51f.jpg,/Users/ujjwalsinha/Gastrointestinal-Disease-Detection/dataset/kvasir-seg/masks/cju7aifyo1p3n07552nxjx51f.jpg,622,531,28717,10167,Yes,1,"polyp: [227,67,376,243]",polyp,622,531
kvasir-seg,cju7ajnbo1gvm098749rdouk0.jpg,/Users/ujjwalsinha/Gastrointestinal-Disease-Detection/dataset/kvasir-seg/images/cju7ajnbo1gvm098749rdouk0.jpg,/Users/ujjwalsinha/Gastrointestinal-Disease-Detection/dataset/kvasir-seg/masks/cju7ajnbo1gvm098749rdouk0.jpg,626,546,38328,13631,Yes,2,"polyp: [160,0,537,270]; polyp: [201,0,262,1]",polyp,626,546
kvasir-seg,cju7aklv31h4309871m29l4e7.jpg,/Users/ujjwalsinha/Gastrointestinal-Disease-Detection/dataset/kvasir-seg/images/cju7aklv31h4309871m29l4e7.jpg,/Users/ujjwalsinha/Gastrointestinal-Disease-Detection/dataset/kvasir-seg/masks/cju7aklv31h4309871m29l4e7.jpg,615,529,35194,11173,Yes,1,"polyp: [190,189,377,442]",polyp,615,529
kvasir-seg,cju7alcgr1lsr0871riqk84z7.jpg,/Users/ujjwalsinha/Gastrointestinal-Disease-Detection/dataset/kvasir-seg/images/cju7alcgr1lsr0871riqk84z7.jpg,/Users/ujjwalsinha/Gastrointestinal-Disease-Detection/dataset/kvasir-seg/masks/cju7alcgr1lsr0871riqk84z7.jpg,622,530,30965,11002,Yes,1,"polyp: [344,21,563,215]",polyp,622,530
kvasir-seg,cju7amjna1ly40871ugiokehb.jpg,/Users/ujjwalsinha/Gastrointestinal-Disease-Detection/dataset/kvasir-seg/images/cju7amjna1ly40871ugiokehb.jpg,/Users/ujjwalsinha/Gastrointestinal-Disease-Detection/dataset/kvasir-seg/masks/cju7amjna1ly40871ugiokehb.jpg,552,531,28483,11609,Yes,1,"polyp: [255,200,458,485]",polyp,552,531
kvasir-seg,cju7ap09p1kz10850ldccjebj.jpg,/Users/ujjwalsinha/Gastrointestinal-Disease-Detection/dataset/kvasir-seg/images/cju7ap09p1kz10850ldccjebj.jpg,/Users/ujjwalsinha/Gastrointestinal-Disease-Detection/dataset/kvasir-seg/masks/cju7ap09p1kz10850ldccjebj.jpg,626,546,37697,10101,Yes,1,"polyp: [352,212,482,404]",polyp,626,546
kvasir-seg,cju7apr0c1qqm0755s7msqot4.jpg,/Users/ujjwalsinha/Gastrointestinal-Disease-Detection/dataset/kvasir-seg/images/cju7apr0c1qqm0755s7msqot4.jpg,/Users/ujjwalsinha/Gastrointestinal-Disease-Detection/dataset/kvasir-seg/masks/cju7apr0c1qqm0755s7msqot4.jpg,584,530,28018,11585,Yes,1,"polyp: [253,169,445,451]",polyp,584,530
kvasir-seg,cju7aqkue1i2k09879uzcpt8r.jpg,/Users/ujjwalsinha/Gastrointestinal-Disease-Detection/dataset/kvasir-seg/images/cju7aqkue1i2k09879uzcpt8r.jpg,/Users/ujjwalsinha/Gastrointestinal-Disease-Detection/dataset/kvasir-seg/masks/cju7aqkue1i2k09879uzcpt8r.jpg,621,530,32683,10139,Yes,1,"polyp: [483,94,610,312]",polyp,621,530
kvasir-seg,cju7arvfe1ldu0850erdmphgj.jpg,/Users/ujjwalsinha/Gastrointestinal-Disease-Detection/dataset/kvasir-seg/images/cju7arvfe1ldu0850erdmphgj.jpg,/Users/ujjwalsinha/Gastrointestinal-Disease-Detection/dataset/kvasir-seg/masks/cju7arvfe1ldu0850erdmphgj.jpg,622,529,34254,13315,Yes,1,"polyp: [130,169,425,430]",polyp,622,529
kvasir-seg,cju7atnm31if40817pqclnjer.jpg,/Users/ujjwalsinha/Gastrointestinal-Disease-Detection/dataset/kvasir-seg/images/cju7atnm31if40817pqclnjer.jpg,/Users/ujjwalsinha/Gastrointestinal-Disease-Detection/dataset/kvasir-seg/masks/cju7atnm31if40817pqclnjer.jpg,622,531,32578,13244,Yes,1,"polyp: [62,182,380,531]",polyp,622,531
kvasir-seg,cju7avvi51iox0817ym55y6tt.jpg,/Users/ujjwalsinha/Gastrointestinal-Disease-Detection/dataset/kvasir-seg/images/cju7avvi51iox0817ym55y6tt.jpg,/Users/ujjwalsinha/Gastrointestinal-Disease-Detection/dataset/kvasir-seg/masks/cju7avvi51iox0817ym55y6tt.jpg,626,546,38311,19645,Yes,1,"polyp: [24,12,589,472]",polyp,626,546
kvasir-seg,cju7awzmu1ncs0871hziy65zx.jpg,/Users/ujjwalsinha/Gastrointestinal-Disease-Detection/dataset/kvasir-seg/images/cju7awzmu1ncs0871hziy65zx.jpg,/Users/ujjwalsinha/Gastrointestinal-Disease-Detection/dataset/kvasir-seg/masks/cju7awzmu1ncs0871hziy65zx.jpg,592,527,32204,9582,Yes,1,"polyp: [306,134,464,344]",polyp,592,527
kvasir-seg,cju7azuu31mia0801pf9ib5ed.jpg,/Users/ujjwalsinha/Gastrointestinal-Disease-Detection/dataset/kvasir-seg/images/cju7azuu31mia0801pf9ib5ed.jpg,/Users/ujjwalsinha/Gastrointestinal-Disease-Detection/dataset/kvasir-seg/masks/cju7azuu31mia0801pf9ib5ed.jpg,605,530,30701,10650,Yes,1,"polyp: [178,307,348,504]",polyp,605,530
kvasir-seg,cju7b10ce1mnm08011c5bwyr4.jpg,/Users/ujjwalsinha/Gastrointestinal-Disease-Detection/dataset/kvasir-seg/images/cju7b10ce1mnm08011c5bwyr4.jpg,/Users/ujjwalsinha/Gastrointestinal-Disease-Detection/dataset/kvasir-seg/masks/cju7b10ce1mnm08011c5bwyr4.jpg,622,530,33583,13643,Yes,1,"polyp: [301,34,580,349]",polyp,622,530
kvasir-seg,cju7b1ygu1msd0801hywhy0mc.jpg,/Users/ujjwalsinha/Gastrointestinal-Disease-Detection/dataset/kvasir-seg/images/cju7b1ygu1msd0801hywhy0mc.jpg,/Users/ujjwalsinha/Gastrointestinal-Disease-Detection/dataset/kvasir-seg/masks/cju7b1ygu1msd0801hywhy0mc.jpg,617,530,32583,13527,Yes,1,"polyp: [357,22,581,360]",polyp,617,530
kvasir-seg,cju7b2l561oas0871decgslaf.jpg,/Users/ujjwalsinha/Gastrointestinal-Disease-Detection/dataset/kvasir-seg/images/cju7b2l561oas0871decgslaf.jpg,/Users/ujjwalsinha/Gastrointestinal-Disease-Detection/dataset/kvasir-seg/masks/cju7b2l561oas0871decgslaf.jpg,569,531,24936,10367,Yes,1,"polyp: [72,258,273,442]",polyp,569,531
kvasir-seg,cju7b3f5h1sm40755i572jden.jpg,/Users/ujjwalsinha/Gastrointestinal-Disease-Detection/dataset/kvasir-seg/images/cju7b3f5h1sm40755i572jden.jpg,/Users/ujjwalsinha/Gastrointestinal-Disease-Detection/dataset/kvasir-seg/masks/cju7b3f5h1sm40755i572jden.jpg,622,531,38506,12224,Yes,1,"polyp: [240,326,596,531]",polyp,622,531
kvasir-seg,cju7b4mtw1n9n080186209f3d.jpg,/Users/ujjwalsinha/Gastrointestinal-Disease-Detection/dataset/kvasir-seg/images/cju7b4mtw1n9n080186209f3d.jpg,/Users/ujjwalsinha/Gastrointestinal-Disease-Detection/dataset/kvasir-seg/masks/cju7b4mtw1n9n080186209f3d.jpg,600,528,35941,9329,Yes,1,"polyp: [161,105,303,246]",polyp,600,528
kvasir-seg,cju7b5afm1nfw0801xqm8bf8q.jpg,/Users/ujjwalsinha/Gastrointestinal-Disease-Detection/dataset/kvasir-seg/images/cju7b5afm1nfw0801xqm8bf8q.jpg,/Users/ujjwalsinha/Gastrointestinal-Disease-Detection/dataset/kvasir-seg/masks/cju7b5afm1nfw0801xqm8bf8q.jpg,599,531,25286,9595,Yes,1,"polyp: [121,63,275,229]",polyp,599,531
kvasir-seg,cju7b9vcs1luz0987ta60j1dy.jpg,/Users/ujjwalsinha/Gastrointestinal-Disease-Detection/dataset/kvasir-seg/images/cju7b9vcs1luz0987ta60j1dy.jpg,/Users/ujjwalsinha/Gastrointestinal-Disease-Detection/dataset/kvasir-seg/masks/cju7b9vcs1luz0987ta60j1dy.jpg,626,547,35416,12156,Yes,1,"polyp: [295,231,516,492]",polyp,626,547
kvasir-seg,cju7bb3ss1uoo0755pmhyco7t.jpg,/Users/ujjwalsinha/Gastrointestinal-Disease-Detection/dataset/kvasir-seg/images/cju7bb3ss1uoo0755pmhyco7t.jpg,/Users/ujjwalsinha/Gastrointestinal-Disease-Detection/dataset/kvasir-seg/masks/cju7bb3ss1uoo0755pmhyco7t.jpg,502,529,26738,10944,Yes,1,"polyp: [79,128,341,354]",polyp,502,529
kvasir-seg,cju7bc95p1mdm0817yqj5jc6j.jpg,/Users/ujjwalsinha/Gastrointestinal-Disease-Detection/dataset/kvasir-seg/images/cju7bc95p1mdm0817yqj5jc6j.jpg,/Users/ujjwalsinha/Gastrointestinal-Disease-Detection/dataset/kvasir-seg/masks/cju7bc95p1mdm0817yqj5jc6j.jpg,622,529,39110,11355,Yes,1,"polyp: [236,198,420,425]",polyp,622,529
kvasir-seg,cju7bd1qu1mx409877xjxibox.jpg,/Users/ujjwalsinha/Gastrointestinal-Disease-Detection/dataset/kvasir-seg/images/cju7bd1qu1mx409877xjxibox.jpg,/Users/ujjwalsinha/Gastrointestinal-Disease-Detection/dataset/kvasir-seg/masks/cju7bd1qu1mx409877xjxibox.jpg,570,530,24057,10109,Yes,1,"polyp: [158,157,355,352]",polyp,570,530
kvasir-seg,cju7bduyq1rjf08719giru9ho.jpg,/Users/ujjwalsinha/Gastrointestinal-Disease-Detection/dataset/kvasir-seg/images/cju7bduyq1rjf08719giru9ho.jpg,/Users/ujjwalsinha/Gastrointestinal-Disease-Detection/dataset/kvasir-seg/masks/cju7bduyq1rjf08719giru9ho.jpg,622,508,42471,10686,Yes,1,"polyp: [247,221,466,444]",polyp,622,508
kvasir-seg,cju7bf1lp1shi081835vs84lc.jpg,/Users/ujjwalsinha/Gastrointestinal-Disease-Detection/dataset/kvasir-seg/images/cju7bf1lp1shi081835vs84lc.jpg,/Users/ujjwalsinha/Gastrointestinal-Disease-Detection/dataset/kvasir-seg/masks/cju7bf1lp1shi081835vs84lc.jpg,570,530,29717,15122,Yes,1,"polyp: [24,108,424,530]",polyp,570,530
kvasir-seg,cju7bfx651qr80801cs7epotb.jpg,/Users/ujjwalsinha/Gastrointestinal-Disease-Detection/dataset/kvasir-seg/images/cju7bfx651qr80801cs7epotb.jpg,/Users/ujjwalsinha/Gastrointestinal-Disease-Detection/dataset/kvasir-seg/masks/cju7bfx651qr80801cs7epotb.jpg,622,528,43731,13186,Yes,1,"polyp: [168,229,468,520]",polyp,622,528
kvasir-seg,cju7bgnvb1sf808717qa799ir.jpg,/Users/ujjwalsinha/Gastrointestinal-Disease-Detection/dataset/kvasir-seg/images/cju7bgnvb1sf808717qa799ir.jpg,/Users/ujjwalsinha/Gastrointestinal-Disease-Detection/dataset/kvasir-seg/masks/cju7bgnvb1sf808717qa799ir.jpg,590,528,32117,13247,Yes,1,"polyp: [141,48,432,348]",polyp,590,528
kvasir-seg,cju7bmi1v1pnj0987pa52jjok.jpg,/Users/ujjwalsinha/Gastrointestinal-Disease-Detection/dataset/kvasir-seg/images/cju7bmi1v1pnj0987pa52jjok.jpg,/Users/ujjwalsinha/Gastrointestinal-Disease-Detection/dataset/kvasir-seg/masks/cju7bmi1v1pnj0987pa52jjok.jpg,614,530,32009,11836,Yes,1,"polyp: [198,177,458,400]",polyp,614,530
kvasir-seg,cju7cl8zm1xcu0817ado0jpas.jpg,/Users/ujjwalsinha/Gastrointestinal-Disease-Detection/dataset/kvasir-seg/images/cju7cl8zm1xcu0817ado0jpas.jpg,/Users/ujjwalsinha/Gastrointestinal-Disease-Detection/dataset/kvasir-seg/masks/cju7cl8zm1xcu0817ado0jpas.jpg,570,530,25544,15390,Yes,1,"polyp: [46,56,455,434]",polyp,570,530
kvasir-seg,cju7cp6dw244p0818gncdol4m.jpg,/Users/ujjwalsinha/Gastrointestinal-Disease-Detection/dataset/kvasir-seg/images/cju7cp6dw244p0818gncdol4m.jpg,/Users/ujjwalsinha/Gastrointestinal-Disease-Detection/dataset/kvasir-seg/masks/cju7cp6dw244p0818gncdol4m.jpg,622,530,31951,9046,Yes,1,"polyp: [354,245,458,395]",polyp,622,530
kvasir-seg,cju7cq6su27qv075574dir0r3.jpg,/Users/ujjwalsinha/Gastrointestinal-Disease-Detection/dataset/kvasir-seg/images/cju7cq6su27qv075574dir0r3.jpg,/Users/ujjwalsinha/Gastrointestinal-Disease-Detection/dataset/kvasir-seg/masks/cju7cq6su27qv075574dir0r3.jpg,622,530,33182,12272,Yes,1,"polyp: [119,111,438,328]",polyp,622,530
kvasir-seg,cju7crgxa28550755wbsgqkel.jpg,/Users/ujjwalsinha/Gastrointestinal-Disease-Detection/dataset/kvasir-seg/images/cju7crgxa28550755wbsgqkel.jpg,/Users/ujjwalsinha/Gastrointestinal-Disease-Detection/dataset/kvasir-seg/masks/cju7crgxa28550755wbsgqkel.jpg,622,504,25006,11802,Yes,1,"polyp: [156,117,429,350]",polyp,622,504
kvasir-seg,cju7csvlb22fr0850lvm45n3x.jpg,/Users/ujjwalsinha/Gastrointestinal-Disease-Detection/dataset/kvasir-seg/images/cju7csvlb22fr0850lvm45n3x.jpg,/Users/ujjwalsinha/Gastrointestinal-Disease-Detection/dataset/kvasir-seg/masks/cju7csvlb22fr0850lvm45n3x.jpg,622,530,32235,15419,Yes,1,"polyp: [338,47,622,530]",polyp,622,530
kvasir-seg,cju7ctvqn25dy08186g442m1r.jpg,/Users/ujjwalsinha/Gastrointestinal-Disease-Detection/dataset/kvasir-seg/images/cju7ctvqn25dy08186g442m1r.jpg,/Users/ujjwalsinha/Gastrointestinal-Disease-Detection/dataset/kvasir-seg/masks/cju7ctvqn25dy08186g442m1r.jpg,622,531,35194,14147,Yes,1,"polyp: [227,15,481,331]",polyp,622,531
kvasir-seg,cju7cue9b232j0801qdzk1ykj.jpg,/Users/ujjwalsinha/Gastrointestinal-Disease-Detection/dataset/kvasir-seg/images/cju7cue9b232j0801qdzk1ykj.jpg,/Users/ujjwalsinha/Gastrointestinal-Disease-Detection/dataset/kvasir-seg/masks/cju7cue9b232j0801qdzk1ykj.jpg,613,528,25395,10445,Yes,1,"polyp: [160,88,363,266]",polyp,613,528
kvasir-seg,cju7cufm7298k0755j09uf3of.jpg,/Users/ujjwalsinha/Gastrointestinal-Disease-Detection/dataset/kvasir-seg/images/cju7cufm7298k0755j09uf3of.jpg,/Users/ujjwalsinha/Gastrointestinal-Disease-Detection/dataset/kvasir-seg/masks/cju7cufm7298k0755j09uf3of.jpg,614,531,31725,11768,Yes,1,"polyp: [157,174,393,391]",polyp,614,531
kvasir-seg,cju7d1tvt25bu08019dvw3uff.jpg,/Users/ujjwalsinha/Gastrointestinal-Disease-Detection/dataset/kvasir-seg/images/cju7d1tvt25bu08019dvw3uff.jpg,/Users/ujjwalsinha/Gastrointestinal-Disease-Detection/dataset/kvasir-seg/masks/cju7d1tvt25bu08019dvw3uff.jpg,571,531,36099,13345,Yes,1,"polyp: [27,191,404,531]",polyp,571,531
kvasir-seg,cju7d2q1k27nf08715zshsckt.jpg,/Users/ujjwalsinha/Gastrointestinal-Disease-Detection/dataset/kvasir-seg/images/cju7d2q1k27nf08715zshsckt.jpg,/Users/ujjwalsinha/Gastrointestinal-Disease-Detection/dataset/kvasir-seg/masks/cju7d2q1k27nf08715zshsckt.jpg,620,530,29033,14352,Yes,1,"polyp: [218,209,592,506]",polyp,620,530
kvasir-seg,cju7d3oc82cho0755dajlwldz.jpg,/Users/ujjwalsinha/Gastrointestinal-Disease-Detection/dataset/kvasir-seg/images/cju7d3oc82cho0755dajlwldz.jpg,/Users/ujjwalsinha/Gastrointestinal-Disease-Detection/dataset/kvasir-seg/masks/cju7d3oc82cho0755dajlwldz.jpg,622,529,34236,13341,Yes,1,"polyp: [99,83,352,397]",polyp,622,529
kvasir-seg,cju7d4jk723eu0817bqz2n39m.jpg,/Users/ujjwalsinha/Gastrointestinal-Disease-Detection/dataset/kvasir-seg/images/cju7d4jk723eu0817bqz2n39m.jpg,/Users/ujjwalsinha/Gastrointestinal-Disease-Detection/dataset/kvasir-seg/masks/cju7d4jk723eu0817bqz2n39m.jpg,615,530,38097,12281,Yes,1,"polyp: [278,182,490,461]",polyp,615,530
kvasir-seg,cju7d5m0p23kn09871rk7pu3v.jpg,/Users/ujjwalsinha/Gastrointestinal-Disease-Detection/dataset/kvasir-seg/images/cju7d5m0p23kn09871rk7pu3v.jpg,/Users/ujjwalsinha/Gastrointestinal-Disease-Detection/dataset/kvasir-seg/masks/cju7d5m0p23kn09871rk7pu3v.jpg,563,531,30381,17171,Yes,1,"polyp: [151,26,563,531]",polyp,563,531
kvasir-seg,cju7d6ux323ze0987xos3srkx.jpg,/Users/ujjwalsinha/Gastrointestinal-Disease-Detection/dataset/kvasir-seg/images/cju7d6ux323ze0987xos3srkx.jpg,/Users/ujjwalsinha/Gastrointestinal-Disease-Detection/dataset/kvasir-seg/masks/cju7d6ux323ze0987xos3srkx.jpg,621,527,33202,17674,Yes,1,"polyp: [120,0,536,438]",polyp,621,527
kvasir-seg,cju7d7aut2a2p0818z4uxc6cd.jpg,/Users/ujjwalsinha/Gastrointestinal-Disease-Detection/dataset/kvasir-seg/images/cju7d7aut2a2p0818z4uxc6cd.jpg,/Users/ujjwalsinha/Gastrointestinal-Disease-Detection/dataset/kvasir-seg/masks/cju7d7aut2a2p0818z4uxc6cd.jpg,621,530,31720,8238,Yes,1,"polyp: [321,311,400,418]",polyp,621,530
kvasir-seg,cju7d7tly27h408016fyp5nr7.jpg,/Users/ujjwalsinha/Gastrointestinal-Disease-Detection/dataset/kvasir-seg/images/cju7d7tly27h408016fyp5nr7.jpg,/Users/ujjwalsinha/Gastrointestinal-Disease-Detection/dataset/kvasir-seg/masks/cju7d7tly27h408016fyp5nr7.jpg,528,528,32276,11403,Yes,1,"polyp: [183,110,401,411]",polyp,528,528
kvasir-seg,cju7d8m3b2e210755l8fj1yph.jpg,/Users/ujjwalsinha/Gastrointestinal-Disease-Detection/dataset/kvasir-seg/images/cju7d8m3b2e210755l8fj1yph.jpg,/Users/ujjwalsinha/Gastrointestinal-Disease-Detection/dataset/kvasir-seg/masks/cju7d8m3b2e210755l8fj1yph.jpg,619,528,41634,14662,Yes,1,"polyp: [183,18,613,305]",polyp,619,528
kvasir-seg,cju7d9seq29zd0871nzl2uu5m.jpg,/Users/ujjwalsinha/Gastrointestinal-Disease-Detection/dataset/kvasir-seg/images/cju7d9seq29zd0871nzl2uu5m.jpg,/Users/ujjwalsinha/Gastrointestinal-Disease-Detection/dataset/kvasir-seg/masks/cju7d9seq29zd0871nzl2uu5m.jpg,622,528,42375,14777,Yes,1,"polyp: [167,55,510,378]",polyp,622,528
kvasir-seg,cju7da88w2eod0755wejzynvt.jpg,/Users/ujjwalsinha/Gastrointestinal-Disease-Detection/dataset/kvasir-seg/images/cju7da88w2eod0755wejzynvt.jpg,/Users/ujjwalsinha/Gastrointestinal-Disease-Detection/dataset/kvasir-seg/masks/cju7da88w2eod0755wejzynvt.jpg,622,484,21825,8400,Yes,1,"polyp: [267,85,385,200]",polyp,622,484
kvasir-seg,cju7db7lp2f400755tntd1ohf.jpg,/Users/ujjwalsinha/Gastrointestinal-Disease-Detection/dataset/kvasir-seg/images/cju7db7lp2f400755tntd1ohf.jpg,/Users/ujjwalsinha/Gastrointestinal-Disease-Detection/dataset/kvasir-seg/masks/cju7db7lp2f400755tntd1ohf.jpg,612,522,27015,13472,Yes,1,"polyp: [270,24,612,398]",polyp,612,522
kvasir-seg,cju7dbppn28nx085097654msi.jpg,/Users/ujjwalsinha/Gastrointestinal-Disease-Detection/dataset/kvasir-seg/images/cju7dbppn28nx085097654msi.jpg,/Users/ujjwalsinha/Gastrointestinal-Disease-Detection/dataset/kvasir-seg/masks/cju7dbppn28nx085097654msi.jpg,626,546,40727,16485,Yes,1,"polyp: [219,78,594,467]",polyp,626,546
kvasir-seg,cju7dda8w2br20818zhsuz8s7.jpg,/Users/ujjwalsinha/Gastrointestinal-Disease-Detection/dataset/kvasir-seg/images/cju7dda8w2br20818zhsuz8s7.jpg,/Users/ujjwalsinha/Gastrointestinal-Disease-Detection/dataset/kvasir-seg/masks/cju7dda8w2br20818zhsuz8s7.jpg,564,530,26576,15307,Yes,1,"polyp: [145,122,525,523]",polyp,564,530
kvasir-seg,cju7ddtz729960801uazp1knc.jpg,/Users/ujjwalsinha/Gastrointestinal-Disease-Detection/dataset/kvasir-seg/images/cju7ddtz729960801uazp1knc.jpg,/Users/ujjwalsinha/Gastrointestinal-Disease-Detection/dataset/kvasir-seg/masks/cju7ddtz729960801uazp1knc.jpg,622,528,45646,12486,Yes,2,"polyp: [203,257,469,528]; polyp: [231,506,297,528]",polyp,622,528
kvasir-seg,cju7deifq2fzn0755lc8idyh8.jpg,/Users/ujjwalsinha/Gastrointestinal-Disease-Detection/dataset/kvasir-seg/images/cju7deifq2fzn0755lc8idyh8.jpg,/Users/ujjwalsinha/Gastrointestinal-Disease-Detection/dataset/kvasir-seg/masks/cju7deifq2fzn0755lc8idyh8.jpg,626,547,37623,11517,Yes,1,"polyp: [344,203,540,400]",polyp,626,547
kvasir-seg,cju7dff9529h208503w60lbil.jpg,/Users/ujjwalsinha/Gastrointestinal-Disease-Detection/dataset/kvasir-seg/images/cju7dff9529h208503w60lbil.jpg,/Users/ujjwalsinha/Gastrointestinal-Disease-Detection/dataset/kvasir-seg/masks/cju7dff9529h208503w60lbil.jpg,619,530,29887,17401,Yes,1,"polyp: [97,19,563,529]",polyp,619,530
kvasir-seg,cju7dglf226g50987ohbthl19.jpg,/Users/ujjwalsinha/Gastrointestinal-Disease-Detection/dataset/kvasir-seg/images/cju7dglf226g50987ohbthl19.jpg,/Users/ujjwalsinha/Gastrointestinal-Disease-Detection/dataset/kvasir-seg/masks/cju7dglf226g50987ohbthl19.jpg,621,528,46644,16129,Yes,1,"polyp: [292,0,621,307]",polyp,621,528
kvasir-seg,cju7dhpsc2dnn0818025m6857.jpg,/Users/ujjwalsinha/Gastrointestinal-Disease-Detection/dataset/kvasir-seg/images/cju7dhpsc2dnn0818025m6857.jpg,/Users/ujjwalsinha/Gastrointestinal-Disease-Detection/dataset/kvasir-seg/masks/cju7dhpsc2dnn0818025m6857.jpg,554,531,32176,15301,Yes,1,"polyp: [0,0,553,530]",polyp,554,531
kvasir-seg,cju7dizi82h2i0755doucgnt3.jpg,/Users/ujjwalsinha/Gastrointestinal-Disease-Detection/dataset/kvasir-seg/images/cju7dizi82h2i0755doucgnt3.jpg,/Users/ujjwalsinha/Gastrointestinal-Disease-Detection/dataset/kvasir-seg/masks/cju7dizi82h2i0755doucgnt3.jpg,622,529,35742,10720,Yes,1,"polyp: [124,177,329,356]",polyp,622,529
kvasir-seg,cju7dlk532dsh0871zvr6qz0r.jpg,/Users/ujjwalsinha/Gastrointestinal-Disease-Detection/dataset/kvasir-seg/images/cju7dlk532dsh0871zvr6qz0r.jpg,/Users/ujjwalsinha/Gastrointestinal-Disease-Detection/dataset/kvasir-seg/masks/cju7dlk532dsh0871zvr6qz0r.jpg,627,547,33235,14159,Yes,1,"polyp: [357,95,599,469]",polyp,627,547
kvasir-seg,cju7dmlgf2ebw0871ieqas5fh.jpg,/Users/ujjwalsinha/Gastrointestinal-Disease-Detection/dataset/kvasir-seg/images/cju7dmlgf2ebw0871ieqas5fh.jpg,/Users/ujjwalsinha/Gastrointestinal-Disease-Detection/dataset/kvasir-seg/masks/cju7dmlgf2ebw0871ieqas5fh.jpg,608,529,36455,14017,Yes,3,"polyp: [80,34,152,136]; polyp: [341,147,399,208]; polyp: [121,154,309,308]",polyp,608,529
kvasir-seg,cju7dn24o296i09871qfxb8s2.jpg,/Users/ujjwalsinha/Gastrointestinal-Disease-Detection/dataset/kvasir-seg/images/cju7dn24o296i09871qfxb8s2.jpg,/Users/ujjwalsinha/Gastrointestinal-Disease-Detection/dataset/kvasir-seg/masks/cju7dn24o296i09871qfxb8s2.jpg,626,547,44869,13558,Yes,1,"polyp: [340,171,623,455]",polyp,626,547
kvasir-seg,cju7do8c72dbo0801vxfzxdc4.jpg,/Users/ujjwalsinha/Gastrointestinal-Disease-Detection/dataset/kvasir-seg/images/cju7do8c72dbo0801vxfzxdc4.jpg,/Users/ujjwalsinha/Gastrointestinal-Disease-Detection/dataset/kvasir-seg/masks/cju7do8c72dbo0801vxfzxdc4.jpg,626,547,39849,10004,Yes,1,"polyp: [395,238,522,395]",polyp,626,547
kvasir-seg,cju7dp3dw2k4n0755zhe003ad.jpg,/Users/ujjwalsinha/Gastrointestinal-Disease-Detection/dataset/kvasir-seg/images/cju7dp3dw2k4n0755zhe003ad.jpg,/Users/ujjwalsinha/Gastrointestinal-Disease-Detection/dataset/kvasir-seg/masks/cju7dp3dw2k4n0755zhe003ad.jpg,626,546,38902,10999,Yes,1,"polyp: [362,276,545,466]",polyp,626,546
kvasir-seg,cju7dqcwi2dz00850gcmr2ert.jpg,/Users/ujjwalsinha/Gastrointestinal-Disease-Detection/dataset/kvasir-seg/images/cju7dqcwi2dz00850gcmr2ert.jpg,/Users/ujjwalsinha/Gastrointestinal-Disease-Detection/dataset/kvasir-seg/masks/cju7dqcwi2dz00850gcmr2ert.jpg,622,528,35020,9891,Yes,1,"polyp: [285,339,439,496]",polyp,622,528
kvasir-seg,cju7druhp2gp308715i6km7be.jpg,/Users/ujjwalsinha/Gastrointestinal-Disease-Detection/dataset/kvasir-seg/images/cju7druhp2gp308715i6km7be.jpg,/Users/ujjwalsinha/Gastrointestinal-Disease-Detection/dataset/kvasir-seg/masks/cju7druhp2gp308715i6km7be.jpg,626,546,41554,18849,Yes,1,"polyp: [4,29,580,381]",polyp,626,546
kvasir-seg,cju7dsrtb2f8i085064kwugfk.jpg,/Users/ujjwalsinha/Gastrointestinal-Disease-Detection/dataset/kvasir-seg/images/cju7dsrtb2f8i085064kwugfk.jpg,/Users/ujjwalsinha/Gastrointestinal-Disease-Detection/dataset/kvasir-seg/masks/cju7dsrtb2f8i085064kwugfk.jpg,584,530,26735,10525,Yes,1,"polyp: [151,250,338,475]",polyp,584,530
kvasir-seg,cju7dtb1e2j0t0818deq51ib3.jpg,/Users/ujjwalsinha/Gastrointestinal-Disease-Detection/dataset/kvasir-seg/images/cju7dtb1e2j0t0818deq51ib3.jpg,/Users/ujjwalsinha/Gastrointestinal-Disease-Detection/dataset/kvasir-seg/masks/cju7dtb1e2j0t0818deq51ib3.jpg,622,528,44350,12972,Yes,1,"polyp: [402,181,622,528]",polyp,622,528
kvasir-seg,cju7dubap2g0w0801fgl42mg9.jpg,/Users/ujjwalsinha/Gastrointestinal-Disease-Detection/dataset/kvasir-seg/images/cju7dubap2g0w0801fgl42mg9.jpg,/Users/ujjwalsinha/Gastrointestinal-Disease-Detection/dataset/kvasir-seg/masks/cju7dubap2g0w0801fgl42mg9.jpg,623,528,39153,15187,Yes,1,"polyp: [209,40,546,370]",polyp,623,528
kvasir-seg,cju7dvl5m2n4t0755hlnnjjet.jpg,/Users/ujjwalsinha/Gastrointestinal-Disease-Detection/dataset/kvasir-seg/images/cju7dvl5m2n4t0755hlnnjjet.jpg,/Users/ujjwalsinha/Gastrointestinal-Disease-Detection/dataset/kvasir-seg/masks/cju7dvl5m2n4t0755hlnnjjet.jpg,537,530,35614,7957,Yes,1,"polyp: [344,150,446,259]",polyp,537,530
kvasir-seg,cju7dwe282dc309876rco45ts.jpg,/Users/ujjwalsinha/Gastrointestinal-Disease-Detection/dataset/kvasir-seg/images/cju7dwe282dc309876rco45ts.jpg,/Users/ujjwalsinha/Gastrointestinal-Disease-Detection/dataset/kvasir-seg/masks/cju7dwe282dc309876rco45ts.jpg,622,530,43039,16303,Yes,1,"polyp: [17,68,440,462]",polyp,622,530
kvasir-seg,cju7dxffn2eam0817qxosfwch.jpg,/Users/ujjwalsinha/Gastrointestinal-Disease-Detection/dataset/kvasir-seg/images/cju7dxffn2eam0817qxosfwch.jpg,/Users/ujjwalsinha/Gastrointestinal-Disease-Detection/dataset/kvasir-seg/masks/cju7dxffn2eam0817qxosfwch.jpg,626,546,41735,14928,Yes,1,"polyp: [385,0,600,422]",polyp,626,546
kvasir-seg,cju7dymur2od30755eg8yv2ht.jpg,/Users/ujjwalsinha/Gastrointestinal-Disease-Detection/dataset/kvasir-seg/images/cju7dymur2od30755eg8yv2ht.jpg,/Users/ujjwalsinha/Gastrointestinal-Disease-Detection/dataset/kvasir-seg/masks/cju7dymur2od30755eg8yv2ht.jpg,622,530,30851,12934,Yes,1,"polyp: [151,36,396,317]",polyp,622,530
kvasir-seg,cju7dz5yy2i7z0801ausi7rna.jpg,/Users/ujjwalsinha/Gastrointestinal-Disease-Detection/dataset/kvasir-seg/images/cju7dz5yy2i7z0801ausi7rna.jpg,/Users/ujjwalsinha/Gastrointestinal-Disease-Detection/dataset/kvasir-seg/masks/cju7dz5yy2i7z0801ausi7rna.jpg,619,529,35627,8888,Yes,1,"polyp: [270,204,378,323]",polyp,619,529
kvasir-seg,cju7ea4om2l910801bohqjccy.jpg,/Users/ujjwalsinha/Gastrointestinal-Disease-Detection/dataset/kvasir-seg/images/cju7ea4om2l910801bohqjccy.jpg,/Users/ujjwalsinha/Gastrointestinal-Disease-Detection/dataset/kvasir-seg/masks/cju7ea4om2l910801bohqjccy.jpg,626,546,33559,10685,Yes,1,"polyp: [413,129,558,338]",polyp,626,546
kvasir-seg,cju7ebe962hr409872ovibahw.jpg,/Users/ujjwalsinha/Gastrointestinal-Disease-Detection/dataset/kvasir-seg/images/cju7ebe962hr409872ovibahw.jpg,/Users/ujjwalsinha/Gastrointestinal-Disease-Detection/dataset/kvasir-seg/masks/cju7ebe962hr409872ovibahw.jpg,622,530,36756,18139,Yes,1,"polyp: [1,0,616,302]",polyp,622,530
kvasir-seg,cju7ecl9i2i060987xawjp4l0.jpg,/Users/ujjwalsinha/Gastrointestinal-Disease-Detection/dataset/kvasir-seg/images/cju7ecl9i2i060987xawjp4l0.jpg,/Users/ujjwalsinha/Gastrointestinal-Disease-Detection/dataset/kvasir-seg/masks/cju7ecl9i2i060987xawjp4l0.jpg,622,529,38918,15671,Yes,1,"polyp: [11,230,439,529]",polyp,622,529
kvasir-seg,cju7eea9b2m0z0801ynqv1fqu.jpg,/Users/ujjwalsinha/Gastrointestinal-Disease-Detection/dataset/kvasir-seg/images/cju7eea9b2m0z0801ynqv1fqu.jpg,/Users/ujjwalsinha/Gastrointestinal-Disease-Detection/dataset/kvasir-seg/masks/cju7eea9b2m0z0801ynqv1fqu.jpg,1224,1012,146845,35964,Yes,2,"polyp: [218,139,523,497]; polyp: [694,698,979,1012]",polyp,1224,1012
kvasir-seg,cju7efffp2ivf0817etg3jehl.jpg,/Users/ujjwalsinha/Gastrointestinal-Disease-Detection/dataset/kvasir-seg/images/cju7efffp2ivf0817etg3jehl.jpg,/Users/ujjwalsinha/Gastrointestinal-Disease-Detection/dataset/kvasir-seg/masks/cju7efffp2ivf0817etg3jehl.jpg,626,546,37099,17833,Yes,1,"polyp: [150,0,569,509]",polyp,626,546
kvasir-seg,cju7ehljc2or70871261br8ai.jpg,/Users/ujjwalsinha/Gastrointestinal-Disease-Detection/dataset/kvasir-seg/images/cju7ehljc2or70871261br8ai.jpg,/Users/ujjwalsinha/Gastrointestinal-Disease-Detection/dataset/kvasir-seg/masks/cju7ehljc2or70871261br8ai.jpg,569,531,41160,15996,Yes,1,"polyp: [0,0,567,530]",polyp,569,531
kvasir-seg,cju7ejm2l2ncl0801wq6y84nw.jpg,/Users/ujjwalsinha/Gastrointestinal-Disease-Detection/dataset/kvasir-seg/images/cju7ejm2l2ncl0801wq6y84nw.jpg,/Users/ujjwalsinha/Gastrointestinal-Disease-Detection/dataset/kvasir-seg/masks/cju7ejm2l2ncl0801wq6y84nw.jpg,626,546,44804,9851,Yes,1,"polyp: [0,231,226,372]",polyp,626,546
kvasir-seg,cju7ekbo32pft0871fv7kzwb9.jpg,/Users/ujjwalsinha/Gastrointestinal-Disease-Detection/dataset/kvasir-seg/images/cju7ekbo32pft0871fv7kzwb9.jpg,/Users/ujjwalsinha/Gastrointestinal-Disease-Detection/dataset/kvasir-seg/masks/cju7ekbo32pft0871fv7kzwb9.jpg,571,521,37607,7846,Yes,1,"polyp: [287,342,408,444]",polyp,571,521
kvasir-seg,cju7el6xv2k520817qxx9wdr5.jpg,/Users/ujjwalsinha/Gastrointestinal-Disease-Detection/dataset/kvasir-seg/images/cju7el6xv2k520817qxx9wdr5.jpg,/Users/ujjwalsinha/Gastrointestinal-Disease-Detection/dataset/kvasir-seg/masks/cju7el6xv2k520817qxx9wdr5.jpg,626,546,36569,15280,Yes,1,"polyp: [192,120,569,439]",polyp,626,546
kvasir-seg,cju7emdni2py40871ivhxjtut.jpg,/Users/ujjwalsinha/Gastrointestinal-Disease-Detection/dataset/kvasir-seg/images/cju7emdni2py40871ivhxjtut.jpg,/Users/ujjwalsinha/Gastrointestinal-Disease-Detection/dataset/kvasir-seg/masks/cju7emdni2py40871ivhxjtut.jpg,622,529,42256,17709,Yes,1,"polyp: [190,1,531,517]",polyp,622,529
kvasir-seg,cju7eotqi2qea0871y8yc7tqh.jpg,/Users/ujjwalsinha/Gastrointestinal-Disease-Detection/dataset/kvasir-seg/images/cju7eotqi2qea0871y8yc7tqh.jpg,/Users/ujjwalsinha/Gastrointestinal-Disease-Detection/dataset/kvasir-seg/masks/cju7eotqi2qea0871y8yc7tqh.jpg,626,546,45423,21282,Yes,1,"polyp: [0,0,603,545]",polyp,626,546
kvasir-seg,cju7epwj82koz098713apjnzo.jpg,/Users/ujjwalsinha/Gastrointestinal-Disease-Detection/dataset/kvasir-seg/images/cju7epwj82koz098713apjnzo.jpg,/Users/ujjwalsinha/Gastrointestinal-Disease-Detection/dataset/kvasir-seg/masks/cju7epwj82koz098713apjnzo.jpg,622,528,37563,10553,Yes,1,"polyp: [93,49,283,221]",polyp,622,528
kvasir-seg,cju7er4kc2opa0801anuxc0eb.jpg,/Users/ujjwalsinha/Gastrointestinal-Disease-Detection/dataset/kvasir-seg/images/cju7er4kc2opa0801anuxc0eb.jpg,/Users/ujjwalsinha/Gastrointestinal-Disease-Detection/dataset/kvasir-seg/masks/cju7er4kc2opa0801anuxc0eb.jpg,622,528,35261,13150,Yes,1,"polyp: [135,67,446,323]",polyp,622,528
kvasir-seg,cju7es23b2vcp0755gpbm9s7v.jpg,/Users/ujjwalsinha/Gastrointestinal-Disease-Detection/dataset/kvasir-seg/images/cju7es23b2vcp0755gpbm9s7v.jpg,/Users/ujjwalsinha/Gastrointestinal-Disease-Detection/dataset/kvasir-seg/masks/cju7es23b2vcp0755gpbm9s7v.jpg,584,529,38376,13075,Yes,1,"polyp: [189,113,537,529]",polyp,584,529
kvasir-seg,cju7et17a2vjk0755e743npl1.jpg,/Users/ujjwalsinha/Gastrointestinal-Disease-Detection/dataset/kvasir-seg/images/cju7et17a2vjk0755e743npl1.jpg,/Users/ujjwalsinha/Gastrointestinal-Disease-Detection/dataset/kvasir-seg/masks/cju7et17a2vjk0755e743npl1.jpg,626,546,28705,10892,Yes,2,"polyp: [428,46,522,142]; polyp: [174,362,270,504]",polyp,626,546
kvasir-seg,cju7etr3y2p4t0801cdzjj8ab.jpg,/Users/ujjwalsinha/Gastrointestinal-Disease-Detection/dataset/kvasir-seg/images/cju7etr3y2p4t0801cdzjj8ab.jpg,/Users/ujjwalsinha/Gastrointestinal-Disease-Detection/dataset/kvasir-seg/masks/cju7etr3y2p4t0801cdzjj8ab.jpg,623,528,36913,10743,Yes,1,"polyp: [183,147,371,360]",polyp,623,528
kvasir-seg,cju7eueum2oqn0850rodmx8zo.jpg,/Users/ujjwalsinha/Gastrointestinal-Disease-Detection/dataset/kvasir-seg/images/cju7eueum2oqn0850rodmx8zo.jpg,/Users/ujjwalsinha/Gastrointestinal-Disease-Detection/dataset/kvasir-seg/masks/cju7eueum2oqn0850rodmx8zo.jpg,562,530,35768,10187,Yes,1,"polyp: [199,42,389,220]",polyp,562,530
kvasir-seg,cju7ev2b12owa08500bpfpwyw.jpg,/Users/ujjwalsinha/Gastrointestinal-Disease-Detection/dataset/kvasir-seg/images/cju7ev2b12owa08500bpfpwyw.jpg,/Users/ujjwalsinha/Gastrointestinal-Disease-Detection/dataset/kvasir-seg/masks/cju7ev2b12owa08500bpfpwyw.jpg,622,530,35400,14984,Yes,1,"polyp: [5,201,339,530]",polyp,622,530
kvasir-seg,cju7evxt12m730987rxivne3x.jpg,/Users/ujjwalsinha/Gastrointestinal-Disease-Detection/dataset/kvasir-seg/images/cju7evxt12m730987rxivne3x.jpg,/Users/ujjwalsinha/Gastrointestinal-Disease-Detection/dataset/kvasir-seg/masks/cju7evxt12m730987rxivne3x.jpg,510,528,29806,13800,Yes,1,"polyp: [133,60,421,528]",polyp,510,528
kvasir-seg,cju7ey10f2rvf0871bwbi9x82.jpg,/Users/ujjwalsinha/Gastrointestinal-Disease-Detection/dataset/kvasir-seg/images/cju7ey10f2rvf0871bwbi9x82.jpg,/Users/ujjwalsinha/Gastrointestinal-Disease-Detection/dataset/kvasir-seg/masks/cju7ey10f2rvf0871bwbi9x82.jpg,622,530,27839,10303,Yes,1,"polyp: [267,146,411,335]",polyp,622,530
kvasir-seg,cju7ez7r22qbc08015xfoz2wb.jpg,/Users/ujjwalsinha/Gastrointestinal-Disease-Detection/dataset/kvasir-seg/images/cju7ez7r22qbc08015xfoz2wb.jpg,/Users/ujjwalsinha/Gastrointestinal-Disease-Detection/dataset/kvasir-seg/masks/cju7ez7r22qbc08015xfoz2wb.jpg,612,530,37980,14728,Yes,1,"polyp: [45,0,518,324]",polyp,612,530
kvasir-seg,cju7ezs7g2mxm098787atbran.jpg,/Users/ujjwalsinha/Gastrointestinal-Disease-Detection/dataset/kvasir-seg/images/cju7ezs7g2mxm098787atbran.jpg,/Users/ujjwalsinha/Gastrointestinal-Disease-Detection/dataset/kvasir-seg/masks/cju7ezs7g2mxm098787atbran.jpg,622,530,26000,9689,Yes,1,"polyp: [391,180,527,336]",polyp,622,530
kvasir-seg,cju7f0ec32txj08184asb8w5f.jpg,/Users/ujjwalsinha/Gastrointestinal-Disease-Detection/dataset/kvasir-seg/images/cju7f0ec32txj08184asb8w5f.jpg,/Users/ujjwalsinha/Gastrointestinal-Disease-Detection/dataset/kvasir-seg/masks/cju7f0ec32txj08184asb8w5f.jpg,604,445,21691,8623,Yes,1,"polyp: [265,190,412,345]",polyp,604,445
kvasir-seg,cju7f4sc62xqj075597xpmuoy.jpg,/Users/ujjwalsinha/Gastrointestinal-Disease-Detection/dataset/kvasir-seg/images/cju7f4sc62xqj075597xpmuoy.jpg,/Users/ujjwalsinha/Gastrointestinal-Disease-Detection/dataset/kvasir-seg/masks/cju7f4sc62xqj075597xpmuoy.jpg,626,547,28785,12375,Yes,1,"polyp: [312,127,545,402]",polyp,626,547
kvasir-seg,cju7f5ghb2r5s0801chwkxxh9.jpg,/Users/ujjwalsinha/Gastrointestinal-Disease-Detection/dataset/kvasir-seg/images/cju7f5ghb2r5s0801chwkxxh9.jpg,/Users/ujjwalsinha/Gastrointestinal-Disease-Detection/dataset/kvasir-seg/masks/cju7f5ghb2r5s0801chwkxxh9.jpg,1220,1010,98274,39467,Yes,1,"polyp: [203,78,914,797]",polyp,1220,1010
kvasir-seg,cju7f6cqy2ur20818t1saazbm.jpg,/Users/ujjwalsinha/Gastrointestinal-Disease-Detection/dataset/kvasir-seg/images/cju7f6cqy2ur20818t1saazbm.jpg,/Users/ujjwalsinha/Gastrointestinal-Disease-Detection/dataset/kvasir-seg/masks/cju7f6cqy2ur20818t1saazbm.jpg,626,546,32003,12780,Yes,1,"polyp: [305,176,545,452]",polyp,626,546
kvasir-seg,cju7f900s2o0k08175gl1giid.jpg,/Users/ujjwalsinha/Gastrointestinal-Disease-Detection/dataset/kvasir-seg/images/cju7f900s2o0k08175gl1giid.jpg,/Users/ujjwalsinha/Gastrointestinal-Disease-Detection/dataset/kvasir-seg/masks/cju7f900s2o0k08175gl1giid.jpg,622,529,45977,14307,Yes,1,"polyp: [4,0,279,369]",polyp,622,529
kvasir-seg,cju7f9umg2olj0987fj5y285w.jpg,/Users/ujjwalsinha/Gastrointestinal-Disease-Detection/dataset/kvasir-seg/images/cju7f9umg2olj0987fj5y285w.jpg,/Users/ujjwalsinha/Gastrointestinal-Disease-Detection/dataset/kvasir-seg/masks/cju7f9umg2olj0987fj5y285w.jpg,622,529,35817,12726,Yes,1,"polyp: [252,119,537,381]",polyp,622,529
kvasir-seg,cju7fazv92ywx0755xov2erga.jpg,/Users/ujjwalsinha/Gastrointestinal-Disease-Detection/dataset/kvasir-seg/images/cju7fazv92ywx0755xov2erga.jpg,/Users/ujjwalsinha/Gastrointestinal-Disease-Detection/dataset/kvasir-seg/masks/cju7fazv92ywx0755xov2erga.jpg,605,528,40827,13803,Yes,1,"polyp: [96,177,480,528]",polyp,605,528
kvasir-seg,cju7fbndk2sl608015ravktum.jpg,/Users/ujjwalsinha/Gastrointestinal-Disease-Detection/dataset/kvasir-seg/images/cju7fbndk2sl608015ravktum.jpg,/Users/ujjwalsinha/Gastrointestinal-Disease-Detection/dataset/kvasir-seg/masks/cju7fbndk2sl608015ravktum.jpg,569,530,27987,11484,Yes,1,"polyp: [252,56,447,304]",polyp,569,530
kvasir-seg,cju7fcgbe2z3p07550vaflqdb.jpg,/Users/ujjwalsinha/Gastrointestinal-Disease-Detection/dataset/kvasir-seg/images/cju7fcgbe2z3p07550vaflqdb.jpg,/Users/ujjwalsinha/Gastrointestinal-Disease-Detection/dataset/kvasir-seg/masks/cju7fcgbe2z3p07550vaflqdb.jpg,620,530,28591,11272,Yes,1,"polyp: [277,114,488,321]",polyp,620,530
kvasir-seg,cju7fd6yt2p740987wkr8exo1.jpg,/Users/ujjwalsinha/Gastrointestinal-Disease-Detection/dataset/kvasir-seg/images/cju7fd6yt2p740987wkr8exo1.jpg,/Users/ujjwalsinha/Gastrointestinal-Disease-Detection/dataset/kvasir-seg/masks/cju7fd6yt2p740987wkr8exo1.jpg,613,530,27742,9033,Yes,1,"polyp: [358,253,472,373]",polyp,613,530
kvasir-seg,cju7fen322ou10817ziqkob4k.jpg,/Users/ujjwalsinha/Gastrointestinal-Disease-Detection/dataset/kvasir-seg/images/cju7fen322ou10817ziqkob4k.jpg,/Users/ujjwalsinha/Gastrointestinal-Disease-Detection/dataset/kvasir-seg/masks/cju7fen322ou10817ziqkob4k.jpg,622,528,35414,16062,Yes,3,"polyp: [41,36,125,146]; polyp: [116,124,185,221]; polyp: [277,138,468,376]",polyp,622,528
kvasir-seg,cju7ff97z2ow40817u2r83my5.jpg,/Users/ujjwalsinha/Gastrointestinal-Disease-Detection/dataset/kvasir-seg/images/cju7ff97z2ow40817u2r83my5.jpg,/Users/ujjwalsinha/Gastrointestinal-Disease-Detection/dataset/kvasir-seg/masks/cju7ff97z2ow40817u2r83my5.jpg,622,529,41242,8949,Yes,1,"polyp: [190,117,320,221]",polyp,622,529
kvasir-seg,cju7flevb2wii08188otgs9p2.jpg,/Users/ujjwalsinha/Gastrointestinal-Disease-Detection/dataset/kvasir-seg/images/cju7flevb2wii08188otgs9p2.jpg,/Users/ujjwalsinha/Gastrointestinal-Disease-Detection/dataset/kvasir-seg/masks/cju7flevb2wii08188otgs9p2.jpg,600,528,49835,18028,Yes,1,"polyp: [0,0,541,527]",polyp,600,528
kvasir-seg,cju7fmvpk2q170987v6i3ola8.jpg,/Users/ujjwalsinha/Gastrointestinal-Disease-Detection/dataset/kvasir-seg/images/cju7fmvpk2q170987v6i3ola8.jpg,/Users/ujjwalsinha/Gastrointestinal-Disease-Detection/dataset/kvasir-seg/masks/cju7fmvpk2q170987v6i3ola8.jpg,620,531,30054,13874,Yes,1,"polyp: [51,103,293,434]",polyp,620,531
kvasir-seg,cju7fnfv02tt90801djnix9m8.jpg,/Users/ujjwalsinha/Gastrointestinal-Disease-Detection/dataset/kvasir-seg/images/cju7fnfv02tt90801djnix9m8.jpg,/Users/ujjwalsinha/Gastrointestinal-Disease-Detection/dataset/kvasir-seg/masks/cju7fnfv02tt90801djnix9m8.jpg,622,528,40728,8282,Yes,1,"polyp: [220,191,308,291]",polyp,622,528
kvasir-seg,cju7fob3x301u0755x985pmmq.jpg,/Users/ujjwalsinha/Gastrointestinal-Disease-Detection/dataset/kvasir-seg/images/cju7fob3x301u0755x985pmmq.jpg,/Users/ujjwalsinha/Gastrointestinal-Disease-Detection/dataset/kvasir-seg/masks/cju7fob3x301u0755x985pmmq.jpg,577,528,37041,11637,Yes,1,"polyp: [193,94,441,330]",polyp,577,528
kvasir-seg,cju7fpfzq2wyf0818xxd1oziv.jpg,/Users/ujjwalsinha/Gastrointestinal-Disease-Detection/dataset/kvasir-seg/images/cju7fpfzq2wyf0818xxd1oziv.jpg,/Users/ujjwalsinha/Gastrointestinal-Disease-Detection/dataset/kvasir-seg/masks/cju7fpfzq2wyf0818xxd1oziv.jpg,570,530,30448,12886,Yes,1,"polyp: [152,168,408,530]",polyp,570,530
kvasir-seg,cju7fq7mm2pw508176uk5ugtx.jpg,/Users/ujjwalsinha/Gastrointestinal-Disease-Detection/dataset/kvasir-seg/images/cju7fq7mm2pw508176uk5ugtx.jpg,/Users/ujjwalsinha/Gastrointestinal-Disease-Detection/dataset/kvasir-seg/masks/cju7fq7mm2pw508176uk5ugtx.jpg,571,506,29798,13076,Yes,1,"polyp: [90,0,428,330]",polyp,571,506
kvasir-seg,cju7frtqu2xa20818wq8r9fzf.jpg,/Users/ujjwalsinha/Gastrointestinal-Disease-Detection/dataset/kvasir-seg/images/cju7frtqu2xa20818wq8r9fzf.jpg,/Users/ujjwalsinha/Gastrointestinal-Disease-Detection/dataset/kvasir-seg/masks/cju7frtqu2xa20818wq8r9fzf.jpg,619,531,31527,11561,Yes,1,"polyp: [142,188,399,531]",polyp,619,531
kvasir-seg,cju7g7ba42z310987bqzbi2bq.jpg,/Users/ujjwalsinha/Gastrointestinal-Disease-Detection/dataset/kvasir-seg/images/cju7g7ba42z310987bqzbi2bq.jpg,/Users/ujjwalsinha/Gastrointestinal-Disease-Detection/dataset/kvasir-seg/masks/cju7g7ba42z310987bqzbi2bq.jpg,588,530,31733,15810,Yes,1,"polyp: [234,15,587,530]",polyp,588,530
kvasir-seg,cju83h9ysjwe808716nt35oah.jpg,/Users/ujjwalsinha/Gastrointestinal-Disease-Detection/dataset/kvasir-seg/images/cju83h9ysjwe808716nt35oah.jpg,/Users/ujjwalsinha/Gastrointestinal-Disease-Detection/dataset/kvasir-seg/masks/cju83h9ysjwe808716nt35oah.jpg,571,531,27967,9411,Yes,1,"polyp: [278,309,438,440]",polyp,571,531
kvasir-seg,cju83ipu3jwpx0801z5pvguf8.jpg,/Users/ujjwalsinha/Gastrointestinal-Disease-Detection/dataset/kvasir-seg/images/cju83ipu3jwpx0801z5pvguf8.jpg,/Users/ujjwalsinha/Gastrointestinal-Disease-Detection/dataset/kvasir-seg/masks/cju83ipu3jwpx0801z5pvguf8.jpg,622,529,44746,9453,Yes,1,"polyp: [200,387,378,473]",polyp,622,529
kvasir-seg,cju83k8fyjsxr0817d6nxs6r4.jpg,/Users/ujjwalsinha/Gastrointestinal-Disease-Detection/dataset/kvasir-seg/images/cju83k8fyjsxr0817d6nxs6r4.jpg,/Users/ujjwalsinha/Gastrointestinal-Disease-Detection/dataset/kvasir-seg/masks/cju83k8fyjsxr0817d6nxs6r4.jpg,621,528,39977,12303,Yes,1,"polyp: [89,283,382,479]",polyp,621,528
kvasir-seg,cju83kxitjv340987z09m0ezy.jpg,/Users/ujjwalsinha/Gastrointestinal-Disease-Detection/dataset/kvasir-seg/images/cju83kxitjv340987z09m0ezy.jpg,/Users/ujjwalsinha/Gastrointestinal-Disease-Detection/dataset/kvasir-seg/masks/cju83kxitjv340987z09m0ezy.jpg,626,546,24083,9632,Yes,1,"polyp: [307,199,471,327]",polyp,626,546
kvasir-seg,cju83mki1jv5w0817kubxm31r.jpg,/Users/ujjwalsinha/Gastrointestinal-Disease-Detection/dataset/kvasir-seg/images/cju83mki1jv5w0817kubxm31r.jpg,/Users/ujjwalsinha/Gastrointestinal-Disease-Detection/dataset/kvasir-seg/masks/cju83mki1jv5w0817kubxm31r.jpg,625,547,31519,13112,Yes,1,"polyp: [233,185,625,547]",polyp,625,547
kvasir-seg,cju83nwu1jxte0987h1krpfmv.jpg,/Users/ujjwalsinha/Gastrointestinal-Disease-Detection/dataset/kvasir-seg/images/cju83nwu1jxte0987h1krpfmv.jpg,/Users/ujjwalsinha/Gastrointestinal-Disease-Detection/dataset/kvasir-seg/masks/cju83nwu1jxte0987h1krpfmv.jpg,621,528,43900,11253,Yes,1,"polyp: [303,232,529,428]",polyp,621,528
kvasir-seg,cju83qd0yjyht0817ktkfl268.jpg,/Users/ujjwalsinha/Gastrointestinal-Disease-Detection/dataset/kvasir-seg/images/cju83qd0yjyht0817ktkfl268.jpg,/Users/ujjwalsinha/Gastrointestinal-Disease-Detection/dataset/kvasir-seg/masks/cju83qd0yjyht0817ktkfl268.jpg,572,531,34239,16462,Yes,1,"polyp: [0,78,438,470]",polyp,572,531
kvasir-seg,cju83rcnzkbsj0755x5anfrcg.jpg,/Users/ujjwalsinha/Gastrointestinal-Disease-Detection/dataset/kvasir-seg/images/cju83rcnzkbsj0755x5anfrcg.jpg,/Users/ujjwalsinha/Gastrointestinal-Disease-Detection/dataset/kvasir-seg/masks/cju83rcnzkbsj0755x5anfrcg.jpg,572,529,34719,10495,Yes,1,"polyp: [233,198,428,391]",polyp,572,529
kvasir-seg,cju83syhdk6gs0801rf1rekdl.jpg,/Users/ujjwalsinha/Gastrointestinal-Disease-Detection/dataset/kvasir-seg/images/cju83syhdk6gs0801rf1rekdl.jpg,/Users/ujjwalsinha/Gastrointestinal-Disease-Detection/dataset/kvasir-seg/masks/cju83syhdk6gs0801rf1rekdl.jpg,626,546,36029,11778,Yes,1,"polyp: [303,70,504,288]",polyp,626,546
kvasir-seg,cju83u9ftk3ni0987qnhlcinv.jpg,/Users/ujjwalsinha/Gastrointestinal-Disease-Detection/dataset/kvasir-seg/images/cju83u9ftk3ni0987qnhlcinv.jpg,/Users/ujjwalsinha/Gastrointestinal-Disease-Detection/dataset/kvasir-seg/masks/cju83u9ftk3ni0987qnhlcinv.jpg,576,476,24766,12183,Yes,1,"polyp: [160,118,468,476]",polyp,576,476
kvasir-seg,cju83vvmik9wa08710yeh7cuk.jpg,/Users/ujjwalsinha/Gastrointestinal-Disease-Detection/dataset/kvasir-seg/images/cju83vvmik9wa08710yeh7cuk.jpg,/Users/ujjwalsinha/Gastrointestinal-Disease-Detection/dataset/kvasir-seg/masks/cju83vvmik9wa08710yeh7cuk.jpg,570,530,36972,10126,Yes,1,"polyp: [257,181,418,377]",polyp,570,530
kvasir-seg,cju83wwn1k55e0850kw6i2d81.jpg,/Users/ujjwalsinha/Gastrointestinal-Disease-Detection/dataset/kvasir-seg/images/cju83wwn1k55e0850kw6i2d81.jpg,/Users/ujjwalsinha/Gastrointestinal-Disease-Detection/dataset/kvasir-seg/masks/cju83wwn1k55e0850kw6i2d81.jpg,622,527,41711,10558,Yes,1,"polyp: [370,246,549,438]",polyp,622,527
kvasir-seg,cju83yddek68q0850d2x7zfkm.jpg,/Users/ujjwalsinha/Gastrointestinal-Disease-Detection/dataset/kvasir-seg/images/cju83yddek68q0850d2x7zfkm.jpg,/Users/ujjwalsinha/Gastrointestinal-Disease-Detection/dataset/kvasir-seg/masks/cju83yddek68q0850d2x7zfkm.jpg,622,529,41563,13371,Yes,1,"polyp: [112,193,383,511]",polyp,622,529
kvasir-seg,cju8402x1kcy70801t6kz6bdi.jpg,/Users/ujjwalsinha/Gastrointestinal-Disease-Detection/dataset/kvasir-seg/images/cju8402x1kcy70801t6kz6bdi.jpg,/Users/ujjwalsinha/Gastrointestinal-Disease-Detection/dataset/kvasir-seg/masks/cju8402x1kcy70801t6kz6bdi.jpg,626,547,47596,13800,Yes,1,"polyp: [177,184,459,466]",polyp,626,547
kvasir-seg,cju8418jhkf7d0818ga2v0xq0.jpg,/Users/ujjwalsinha/Gastrointestinal-Disease-Detection/dataset/kvasir-seg/images/cju8418jhkf7d0818ga2v0xq0.jpg,/Users/ujjwalsinha/Gastrointestinal-Disease-Detection/dataset/kvasir-seg/masks/cju8418jhkf7d0818ga2v0xq0.jpg,626,546,30576,16780,Yes,1,"polyp: [150,2,542,500]",polyp,626,546
kvasir-seg,cju8432cmkgq90871cxe4iptl.jpg,/Users/ujjwalsinha/Gastrointestinal-Disease-Detection/dataset/kvasir-seg/images/cju8432cmkgq90871cxe4iptl.jpg,/Users/ujjwalsinha/Gastrointestinal-Disease-Detection/dataset/kvasir-seg/masks/cju8432cmkgq90871cxe4iptl.jpg,626,546,31537,16127,Yes,1,"polyp: [56,108,482,466]",polyp,626,546
kvasir-seg,cju843yjskhq30818qre4rwm2.jpg,/Users/ujjwalsinha/Gastrointestinal-Disease-Detection/dataset/kvasir-seg/images/cju843yjskhq30818qre4rwm2.jpg,/Users/ujjwalsinha/Gastrointestinal-Disease-Detection/dataset/kvasir-seg/masks/cju843yjskhq30818qre4rwm2.jpg,547,437,20321,8557,Yes,1,"polyp: [334,84,429,299]",polyp,547,437
kvasir-seg,cju846ec0kj7z08012o10klrb.jpg,/Users/ujjwalsinha/Gastrointestinal-Disease-Detection/dataset/kvasir-seg/images/cju846ec0kj7z08012o10klrb.jpg,/Users/ujjwalsinha/Gastrointestinal-Disease-Detection/dataset/kvasir-seg/masks/cju846ec0kj7z08012o10klrb.jpg,616,530,27952,11624,Yes,1,"polyp: [319,1,492,256]",polyp,616,530
kvasir-seg,cju847pxykriq0755268ktrk2.jpg,/Users/ujjwalsinha/Gastrointestinal-Disease-Detection/dataset/kvasir-seg/images/cju847pxykriq0755268ktrk2.jpg,/Users/ujjwalsinha/Gastrointestinal-Disease-Detection/dataset/kvasir-seg/masks/cju847pxykriq0755268ktrk2.jpg,606,531,40169,16713,Yes,1,"polyp: [154,0,552,417]",polyp,606,531
kvasir-seg,cju849c23kgnk0817cgv2hw1e.jpg,/Users/ujjwalsinha/Gastrointestinal-Disease-Detection/dataset/kvasir-seg/images/cju849c23kgnk0817cgv2hw1e.jpg,/Users/ujjwalsinha/Gastrointestinal-Disease-Detection/dataset/kvasir-seg/masks/cju849c23kgnk0817cgv2hw1e.jpg,622,531,30448,11376,Yes,1,"polyp: [75,187,276,392]",polyp,622,531
kvasir-seg,cju84aoa3ktwn0755pfl4gfwd.jpg,/Users/ujjwalsinha/Gastrointestinal-Disease-Detection/dataset/kvasir-seg/images/cju84aoa3ktwn0755pfl4gfwd.jpg,/Users/ujjwalsinha/Gastrointestinal-Disease-Detection/dataset/kvasir-seg/masks/cju84aoa3ktwn0755pfl4gfwd.jpg,626,547,37069,14177,Yes,1,"polyp: [142,220,613,547]",polyp,626,547
kvasir-seg,cju84dsvaklpx098750hp83x4.jpg,/Users/ujjwalsinha/Gastrointestinal-Disease-Detection/dataset/kvasir-seg/images/cju84dsvaklpx098750hp83x4.jpg,/Users/ujjwalsinha/Gastrointestinal-Disease-Detection/dataset/kvasir-seg/masks/cju84dsvaklpx098750hp83x4.jpg,570,530,36493,16897,Yes,1,"polyp: [44,74,484,530]",polyp,570,530
kvasir-seg,cju84ffdzkrjn08183jh1fxmb.jpg,/Users/ujjwalsinha/Gastrointestinal-Disease-Detection/dataset/kvasir-seg/images/cju84ffdzkrjn08183jh1fxmb.jpg,/Users/ujjwalsinha/Gastrointestinal-Disease-Detection/dataset/kvasir-seg/masks/cju84ffdzkrjn08183jh1fxmb.jpg,616,529,29611,10704,Yes,1,"polyp: [267,302,444,497]",polyp,616,529
kvasir-seg,cju84gpefknwm098714oq8q61.jpg,/Users/ujjwalsinha/Gastrointestinal-Disease-Detection/dataset/kvasir-seg/images/cju84gpefknwm098714oq8q61.jpg,/Users/ujjwalsinha/Gastrointestinal-Disease-Detection/dataset/kvasir-seg/masks/cju84gpefknwm098714oq8q61.jpg,622,528,39438,12576,Yes,1,"polyp: [240,72,501,329]",polyp,622,528
kvasir-seg,cju84hibuktj80871u519o71q.jpg,/Users/ujjwalsinha/Gastrointestinal-Disease-Detection/dataset/kvasir-seg/images/cju84hibuktj80871u519o71q.jpg,/Users/ujjwalsinha/Gastrointestinal-Disease-Detection/dataset/kvasir-seg/masks/cju84hibuktj80871u519o71q.jpg,622,529,38305,10225,Yes,1,"polyp: [350,173,501,352]",polyp,622,529
kvasir-seg,cju84ih17kp5l09876bkooocl.jpg,/Users/ujjwalsinha/Gastrointestinal-Disease-Detection/dataset/kvasir-seg/images/cju84ih17kp5l09876bkooocl.jpg,/Users/ujjwalsinha/Gastrointestinal-Disease-Detection/dataset/kvasir-seg/masks/cju84ih17kp5l09876bkooocl.jpg,622,531,35682,11512,Yes,1,"polyp: [359,163,544,446]",polyp,622,531
kvasir-seg,cju84jdl9kv0i0871eog9b3i9.jpg,/Users/ujjwalsinha/Gastrointestinal-Disease-Detection/dataset/kvasir-seg/images/cju84jdl9kv0i0871eog9b3i9.jpg,/Users/ujjwalsinha/Gastrointestinal-Disease-Detection/dataset/kvasir-seg/masks/cju84jdl9kv0i0871eog9b3i9.jpg,1348,1070,127979,40865,Yes,1,"polyp: [95,177,911,744]",polyp,1348,1070
kvasir-seg,cju84kplnl1y30755ropua1b0.jpg,/Users/ujjwalsinha/Gastrointestinal-Disease-Detection/dataset/kvasir-seg/images/cju84kplnl1y30755ropua1b0.jpg,/Users/ujjwalsinha/Gastrointestinal-Disease-Detection/dataset/kvasir-seg/masks/cju84kplnl1y30755ropua1b0.jpg,622,528,46955,17788,Yes,1,"polyp: [86,0,496,528]",polyp,622,528
kvasir-seg,cju8567gdlcbq0801dwwyo2jt.jpg,/Users/ujjwalsinha/Gastrointestinal-Disease-Detection/dataset/kvasir-seg/images/cju8567gdlcbq0801dwwyo2jt.jpg,/Users/ujjwalsinha/Gastrointestinal-Disease-Detection/dataset/kvasir-seg/masks/cju8567gdlcbq0801dwwyo2jt.jpg,570,530,34189,12874,Yes,1,"polyp: [111,212,487,530]",polyp,570,530
kvasir-seg,cju857ad0l88m0817qx4cwxnf.jpg,/Users/ujjwalsinha/Gastrointestinal-Disease-Detection/dataset/kvasir-seg/images/cju857ad0l88m0817qx4cwxnf.jpg,/Users/ujjwalsinha/Gastrointestinal-Disease-Detection/dataset/kvasir-seg/masks/cju857ad0l88m0817qx4cwxnf.jpg,623,529,45525,12284,Yes,1,"polyp: [163,131,396,399]",polyp,623,529
kvasir-seg,cju858eswlepn0871pzvdrhj1.jpg,/Users/ujjwalsinha/Gastrointestinal-Disease-Detection/dataset/kvasir-seg/images/cju858eswlepn0871pzvdrhj1.jpg,/Users/ujjwalsinha/Gastrointestinal-Disease-Detection/dataset/kvasir-seg/masks/cju858eswlepn0871pzvdrhj1.jpg,570,530,30689,12231,Yes,1,"polyp: [275,216,570,530]",polyp,570,530
kvasir-seg,cju85a8h8llwm07559wxg4t5w.jpg,/Users/ujjwalsinha/Gastrointestinal-Disease-Detection/dataset/kvasir-seg/images/cju85a8h8llwm07559wxg4t5w.jpg,/Users/ujjwalsinha/Gastrointestinal-Disease-Detection/dataset/kvasir-seg/masks/cju85a8h8llwm07559wxg4t5w.jpg,622,529,42891,9811,Yes,1,"polyp: [161,221,304,409]",polyp,622,529
kvasir-seg,cju85bf1algsq0871y9gtlq97.jpg,/Users/ujjwalsinha/Gastrointestinal-Disease-Detection/dataset/kvasir-seg/images/cju85bf1algsq0871y9gtlq97.jpg,/Users/ujjwalsinha/Gastrointestinal-Disease-Detection/dataset/kvasir-seg/masks/cju85bf1algsq0871y9gtlq97.jpg,475,528,24626,9472,Yes,1,"polyp: [168,162,348,359]",polyp,475,528
kvasir-seg,cju85c2d4ln1b0755zz1z3onx.jpg,/Users/ujjwalsinha/Gastrointestinal-Disease-Detection/dataset/kvasir-seg/images/cju85c2d4ln1b0755zz1z3onx.jpg,/Users/ujjwalsinha/Gastrointestinal-Disease-Detection/dataset/kvasir-seg/masks/cju85c2d4ln1b0755zz1z3onx.jpg,599,531,33739,7652,Yes,1,"polyp: [320,306,398,381]",polyp,599,531
kvasir-seg,cju85citjlnfm0755i4rk5tqj.jpg,/Users/ujjwalsinha/Gastrointestinal-Disease-Detection/dataset/kvasir-seg/images/cju85citjlnfm0755i4rk5tqj.jpg,/Users/ujjwalsinha/Gastrointestinal-Disease-Detection/dataset/kvasir-seg/masks/cju85citjlnfm0755i4rk5tqj.jpg,623,547,29685,8933,Yes,1,"polyp: [230,63,329,178]",polyp,623,547
kvasir-seg,cju85dx63lic408017f0l0400.jpg,/Users/ujjwalsinha/Gastrointestinal-Disease-Detection/dataset/kvasir-seg/images/cju85dx63lic408017f0l0400.jpg,/Users/ujjwalsinha/Gastrointestinal-Disease-Detection/dataset/kvasir-seg/masks/cju85dx63lic408017f0l0400.jpg,595,528,29771,8049,Yes,1,"polyp: [174,241,307,338]",polyp,595,528
kvasir-seg,cju85fc11ljr40818edpb0inh.jpg,/Users/ujjwalsinha/Gastrointestinal-Disease-Detection/dataset/kvasir-seg/images/cju85fc11ljr40818edpb0inh.jpg,/Users/ujjwalsinha/Gastrointestinal-Disease-Detection/dataset/kvasir-seg/masks/cju85fc11ljr40818edpb0inh.jpg,607,528,43408,14851,Yes,1,"polyp: [219,131,607,528]",polyp,607,528
kvasir-seg,cju85hguellg50818kwu3s8d1.jpg,/Users/ujjwalsinha/Gastrointestinal-Disease-Detection/dataset/kvasir-seg/images/cju85hguellg50818kwu3s8d1.jpg,/Users/ujjwalsinha/Gastrointestinal-Disease-Detection/dataset/kvasir-seg/masks/cju85hguellg50818kwu3s8d1.jpg,622,528,36378,13560,Yes,1,"polyp: [218,0,622,407]",polyp,622,528
kvasir-seg,cju85ia1slh220987y7c20sm2.jpg,/Users/ujjwalsinha/Gastrointestinal-Disease-Detection/dataset/kvasir-seg/images/cju85ia1slh220987y7c20sm2.jpg,/Users/ujjwalsinha/Gastrointestinal-Disease-Detection/dataset/kvasir-seg/masks/cju85ia1slh220987y7c20sm2.jpg,622,528,39239,10103,Yes,1,"polyp: [330,136,515,306]",polyp,622,528
kvasir-seg,cju85je7vlht70817c9jcjwi4.jpg,/Users/ujjwalsinha/Gastrointestinal-Disease-Detection/dataset/kvasir-seg/images/cju85je7vlht70817c9jcjwi4.jpg,/Users/ujjwalsinha/Gastrointestinal-Disease-Detection/dataset/kvasir-seg/masks/cju85je7vlht70817c9jcjwi4.jpg,1220,1011,166761,41215,Yes,1,"polyp: [5,218,751,1011]",polyp,1220,1011
kvasir-seg,cju85l4yjlops0801fvmnwptf.jpg,/Users/ujjwalsinha/Gastrointestinal-Disease-Detection/dataset/kvasir-seg/images/cju85l4yjlops0801fvmnwptf.jpg,/Users/ujjwalsinha/Gastrointestinal-Disease-Detection/dataset/kvasir-seg/masks/cju85l4yjlops0801fvmnwptf.jpg,570,531,33286,15166,Yes,1,"polyp: [0,45,378,496]",polyp,570,531
kvasir-seg,cju85mpuglq8k0818d2it6hzb.jpg,/Users/ujjwalsinha/Gastrointestinal-Disease-Detection/dataset/kvasir-seg/images/cju85mpuglq8k0818d2it6hzb.jpg,/Users/ujjwalsinha/Gastrointestinal-Disease-Detection/dataset/kvasir-seg/masks/cju85mpuglq8k0818d2it6hzb.jpg,615,546,28076,13733,Yes,1,"polyp: [132,15,375,352]",polyp,615,546
kvasir-seg,cju85nr8elly209872w9n5m0s.jpg,/Users/ujjwalsinha/Gastrointestinal-Disease-Detection/dataset/kvasir-seg/images/cju85nr8elly209872w9n5m0s.jpg,/Users/ujjwalsinha/Gastrointestinal-Disease-Detection/dataset/kvasir-seg/masks/cju85nr8elly209872w9n5m0s.jpg,615,529,29852,10445,Yes,1,"polyp: [241,288,402,457]",polyp,615,529
kvasir-seg,cju85omszllp30850b6rm9mi3.jpg,/Users/ujjwalsinha/Gastrointestinal-Disease-Detection/dataset/kvasir-seg/images/cju85omszllp30850b6rm9mi3.jpg,/Users/ujjwalsinha/Gastrointestinal-Disease-Detection/dataset/kvasir-seg/masks/cju85omszllp30850b6rm9mi3.jpg,622,531,38649,11125,Yes,1,"polyp: [271,0,485,227]",polyp,622,531
kvasir-seg,cju85plp7lmkw0850rx42jdpf.jpg,/Users/ujjwalsinha/Gastrointestinal-Disease-Detection/dataset/kvasir-seg/images/cju85plp7lmkw0850rx42jdpf.jpg,/Users/ujjwalsinha/Gastrointestinal-Disease-Detection/dataset/kvasir-seg/masks/cju85plp7lmkw0850rx42jdpf.jpg,596,530,26631,14946,Yes,1,"polyp: [293,0,596,473]",polyp,596,530
kvasir-seg,cju85qefyln6v0850szeb9byi.jpg,/Users/ujjwalsinha/Gastrointestinal-Disease-Detection/dataset/kvasir-seg/images/cju85qefyln6v0850szeb9byi.jpg,/Users/ujjwalsinha/Gastrointestinal-Disease-Detection/dataset/kvasir-seg/masks/cju85qefyln6v0850szeb9byi.jpg,570,529,32742,12695,Yes,1,"polyp: [176,129,570,529]",polyp,570,529
kvasir-seg,cju85rkbnlo1c08503uxcpax1.jpg,/Users/ujjwalsinha/Gastrointestinal-Disease-Detection/dataset/kvasir-seg/images/cju85rkbnlo1c08503uxcpax1.jpg,/Users/ujjwalsinha/Gastrointestinal-Disease-Detection/dataset/kvasir-seg/masks/cju85rkbnlo1c08503uxcpax1.jpg,622,531,32765,12581,Yes,1,"polyp: [205,242,475,531]",polyp,622,531
kvasir-seg,cju87kbcen2av0987usezo8kn.jpg,/Users/ujjwalsinha/Gastrointestinal-Disease-Detection/dataset/kvasir-seg/images/cju87kbcen2av0987usezo8kn.jpg,/Users/ujjwalsinha/Gastrointestinal-Disease-Detection/dataset/kvasir-seg/masks/cju87kbcen2av0987usezo8kn.jpg,591,530,31951,11488,Yes,2,"polyp: [487,82,536,155]; polyp: [109,115,269,289]",polyp,591,530
kvasir-seg,cju87li0zn3yb0817kbwgjiz8.jpg,/Users/ujjwalsinha/Gastrointestinal-Disease-Detection/dataset/kvasir-seg/images/cju87li0zn3yb0817kbwgjiz8.jpg,/Users/ujjwalsinha/Gastrointestinal-Disease-Detection/dataset/kvasir-seg/masks/cju87li0zn3yb0817kbwgjiz8.jpg,562,449,18964,13970,Yes,1,"polyp: [0,0,560,448]",polyp,562,449
kvasir-seg,cju87mrypnb1e0818scv1mxxg.jpg,/Users/ujjwalsinha/Gastrointestinal-Disease-Detection/dataset/kvasir-seg/images/cju87mrypnb1e0818scv1mxxg.jpg,/Users/ujjwalsinha/Gastrointestinal-Disease-Detection/dataset/kvasir-seg/masks/cju87mrypnb1e0818scv1mxxg.jpg,615,530,35496,9595,Yes,1,"polyp: [224,175,350,336]",polyp,615,530
kvasir-seg,cju87nkyrnb970801q84m47yt.jpg,/Users/ujjwalsinha/Gastrointestinal-Disease-Detection/dataset/kvasir-seg/images/cju87nkyrnb970801q84m47yt.jpg,/Users/ujjwalsinha/Gastrointestinal-Disease-Detection/dataset/kvasir-seg/masks/cju87nkyrnb970801q84m47yt.jpg,620,530,37185,11620,Yes,1,"polyp: [403,227,581,483]",polyp,620,530
kvasir-seg,cju87ox0kncom0801b98hqnd2.jpg,/Users/ujjwalsinha/Gastrointestinal-Disease-Detection/dataset/kvasir-seg/images/cju87ox0kncom0801b98hqnd2.jpg,/Users/ujjwalsinha/Gastrointestinal-Disease-Detection/dataset/kvasir-seg/masks/cju87ox0kncom0801b98hqnd2.jpg,626,546,38712,10874,Yes,1,"polyp: [205,63,371,254]",polyp,626,546
kvasir-seg,cju87q6yoneim0871dl4phvkd.jpg,/Users/ujjwalsinha/Gastrointestinal-Disease-Detection/dataset/kvasir-seg/images/cju87q6yoneim0871dl4phvkd.jpg,/Users/ujjwalsinha/Gastrointestinal-Disease-Detection/dataset/kvasir-seg/masks/cju87q6yoneim0871dl4phvkd.jpg,626,546,31235,16785,Yes,1,"polyp: [129,51,523,458]",polyp,626,546
kvasir-seg,cju87r56lnkyp0755hz30leew.jpg,/Users/ujjwalsinha/Gastrointestinal-Disease-Detection/dataset/kvasir-seg/images/cju87r56lnkyp0755hz30leew.jpg,/Users/ujjwalsinha/Gastrointestinal-Disease-Detection/dataset/kvasir-seg/masks/cju87r56lnkyp0755hz30leew.jpg,566,429,20460,12602,Yes,1,"polyp: [204,52,508,384]",polyp,566,429
kvasir-seg,cju87tyddnnad0755bj0wxahe.jpg,/Users/ujjwalsinha/Gastrointestinal-Disease-Detection/dataset/kvasir-seg/images/cju87tyddnnad0755bj0wxahe.jpg,/Users/ujjwalsinha/Gastrointestinal-Disease-Detection/dataset/kvasir-seg/masks/cju87tyddnnad0755bj0wxahe.jpg,551,477,32956,15478,Yes,1,"polyp: [94,56,547,411]",polyp,551,477
kvasir-seg,cju87vqa0ndwg0850onjdz7ol.jpg,/Users/ujjwalsinha/Gastrointestinal-Disease-Detection/dataset/kvasir-seg/images/cju87vqa0ndwg0850onjdz7ol.jpg,/Users/ujjwalsinha/Gastrointestinal-Disease-Detection/dataset/kvasir-seg/masks/cju87vqa0ndwg0850onjdz7ol.jpg,556,530,26269,17152,Yes,1,"polyp: [0,0,555,529]",polyp,556,530
kvasir-seg,cju87xn2snfmv0987sc3d9xnq.jpg,/Users/ujjwalsinha/Gastrointestinal-Disease-Detection/dataset/kvasir-seg/images/cju87xn2snfmv0987sc3d9xnq.jpg,/Users/ujjwalsinha/Gastrointestinal-Disease-Detection/dataset/kvasir-seg/masks/cju87xn2snfmv0987sc3d9xnq.jpg,604,530,32229,12524,Yes,1,"polyp: [43,184,351,530]",polyp,604,530
kvasir-seg,cju87z6o6nh73085045bzsx6o.jpg,/Users/ujjwalsinha/Gastrointestinal-Disease-Detection/dataset/kvasir-seg/images/cju87z6o6nh73085045bzsx6o.jpg,/Users/ujjwalsinha/Gastrointestinal-Disease-Detection/dataset/kvasir-seg/masks/cju87z6o6nh73085045bzsx6o.jpg,622,530,26528,11658,Yes,1,"polyp: [365,201,601,426]",polyp,622,530
kvasir-seg,cju87zv8lni0o0850hbbecbq6.jpg,/Users/ujjwalsinha/Gastrointestinal-Disease-Detection/dataset/kvasir-seg/images/cju87zv8lni0o0850hbbecbq6.jpg,/Users/ujjwalsinha/Gastrointestinal-Disease-Detection/dataset/kvasir-seg/masks/cju87zv8lni0o0850hbbecbq6.jpg,622,528,43809,7753,Yes,1,"polyp: [297,306,388,380]",polyp,622,528
kvasir-seg,cju8828oxnool0801qno9luhr.jpg,/Users/ujjwalsinha/Gastrointestinal-Disease-Detection/dataset/kvasir-seg/images/cju8828oxnool0801qno9luhr.jpg,/Users/ujjwalsinha/Gastrointestinal-Disease-Detection/dataset/kvasir-seg/masks/cju8828oxnool0801qno9luhr.jpg,622,528,50427,12994,Yes,1,"polyp: [304,106,580,426]",polyp,622,528
kvasir-seg,cju884985nlmx0817vzpax3y4.jpg,/Users/ujjwalsinha/Gastrointestinal-Disease-Detection/dataset/kvasir-seg/images/cju884985nlmx0817vzpax3y4.jpg,/Users/ujjwalsinha/Gastrointestinal-Disease-Detection/dataset/kvasir-seg/masks/cju884985nlmx0817vzpax3y4.jpg,581,529,43043,9096,Yes,2,"polyp: [447,173,510,235]; polyp: [347,190,411,260]",polyp,581,529
kvasir-seg,cju885ikhnmkn09878s2lqtuh.jpg,/Users/ujjwalsinha/Gastrointestinal-Disease-Detection/dataset/kvasir-seg/images/cju885ikhnmkn09878s2lqtuh.jpg,/Users/ujjwalsinha/Gastrointestinal-Disease-Detection/dataset/kvasir-seg/masks/cju885ikhnmkn09878s2lqtuh.jpg,570,530,34084,10767,Yes,1,"polyp: [180,105,370,322]",polyp,570,530
kvasir-seg,cju886ryxnsl50801r93jai7q.jpg,/Users/ujjwalsinha/Gastrointestinal-Disease-Detection/dataset/kvasir-seg/images/cju886ryxnsl50801r93jai7q.jpg,/Users/ujjwalsinha/Gastrointestinal-Disease-Detection/dataset/kvasir-seg/masks/cju886ryxnsl50801r93jai7q.jpg,622,530,36415,12427,Yes,1,"polyp: [220,146,435,425]",polyp,622,530
kvasir-seg,cju887ftknop008177nnjt46y.jpg,/Users/ujjwalsinha/Gastrointestinal-Disease-Detection/dataset/kvasir-seg/images/cju887ftknop008177nnjt46y.jpg,/Users/ujjwalsinha/Gastrointestinal-Disease-Detection/dataset/kvasir-seg/masks/cju887ftknop008177nnjt46y.jpg,619,528,35714,8910,Yes,1,"polyp: [287,116,382,286]",polyp,619,528
kvasir-seg,cju888fr7nveu0818r9uwtiit.jpg,/Users/ujjwalsinha/Gastrointestinal-Disease-Detection/dataset/kvasir-seg/images/cju888fr7nveu0818r9uwtiit.jpg,/Users/ujjwalsinha/Gastrointestinal-Disease-Detection/dataset/kvasir-seg/masks/cju888fr7nveu0818r9uwtiit.jpg,571,530,29281,11876,Yes,1,"polyp: [321,98,505,400]",polyp,571,530
kvasir-seg,cju88aq6vo1ij0755c2ey7z7n.jpg,/Users/ujjwalsinha/Gastrointestinal-Disease-Detection/dataset/kvasir-seg/images/cju88aq6vo1ij0755c2ey7z7n.jpg,/Users/ujjwalsinha/Gastrointestinal-Disease-Detection/dataset/kvasir-seg/masks/cju88aq6vo1ij0755c2ey7z7n.jpg,570,530,32021,13352,Yes,1,"polyp: [241,74,533,401]",polyp,570,530
kvasir-seg,cju88cddensj00987788yotmg.jpg,/Users/ujjwalsinha/Gastrointestinal-Disease-Detection/dataset/kvasir-seg/images/cju88cddensj00987788yotmg.jpg,/Users/ujjwalsinha/Gastrointestinal-Disease-Detection/dataset/kvasir-seg/masks/cju88cddensj00987788yotmg.jpg,622,531,32735,10016,Yes,1,"polyp: [304,205,445,385]",polyp,622,531
kvasir-seg,cju88evxanv9r08176zkeovec.jpg,/Users/ujjwalsinha/Gastrointestinal-Disease-Detection/dataset/kvasir-seg/images/cju88evxanv9r08176zkeovec.jpg,/Users/ujjwalsinha/Gastrointestinal-Disease-Detection/dataset/kvasir-seg/masks/cju88evxanv9r08176zkeovec.jpg,570,530,30908,13867,Yes,1,"polyp: [213,0,545,362]",polyp,570,530
kvasir-seg,cju88fpm4o0tl0871w1i6a4ds.jpg,/Users/ujjwalsinha/Gastrointestinal-Disease-Detection/dataset/kvasir-seg/images/cju88fpm4o0tl0871w1i6a4ds.jpg,/Users/ujjwalsinha/Gastrointestinal-Disease-Detection/dataset/kvasir-seg/masks/cju88fpm4o0tl0871w1i6a4ds.jpg,611,423,22801,7246,Yes,1,"polyp: [311,73,408,167]",polyp,611,423
kvasir-seg,cju88gx09o2vk0818610zody3.jpg,/Users/ujjwalsinha/Gastrointestinal-Disease-Detection/dataset/kvasir-seg/images/cju88gx09o2vk0818610zody3.jpg,/Users/ujjwalsinha/Gastrointestinal-Disease-Detection/dataset/kvasir-seg/masks/cju88gx09o2vk0818610zody3.jpg,626,547,32126,11166,Yes,1,"polyp: [361,171,550,367]",polyp,626,547
kvasir-seg,cju88itqbny720987hxizbj5y.jpg,/Users/ujjwalsinha/Gastrointestinal-Disease-Detection/dataset/kvasir-seg/images/cju88itqbny720987hxizbj5y.jpg,/Users/ujjwalsinha/Gastrointestinal-Disease-Detection/dataset/kvasir-seg/masks/cju88itqbny720987hxizbj5y.jpg,570,530,35700,14984,Yes,1,"polyp: [137,159,443,477]",polyp,570,530
kvasir-seg,cju88k75inzyb0850ccv5x3vk.jpg,/Users/ujjwalsinha/Gastrointestinal-Disease-Detection/dataset/kvasir-seg/images/cju88k75inzyb0850ccv5x3vk.jpg,/Users/ujjwalsinha/Gastrointestinal-Disease-Detection/dataset/kvasir-seg/masks/cju88k75inzyb0850ccv5x3vk.jpg,549,531,23844,12464,Yes,1,"polyp: [144,0,502,276]",polyp,549,531
kvasir-seg,cju88l66no10s0850rsda7ej1.jpg,/Users/ujjwalsinha/Gastrointestinal-Disease-Detection/dataset/kvasir-seg/images/cju88l66no10s0850rsda7ej1.jpg,/Users/ujjwalsinha/Gastrointestinal-Disease-Detection/dataset/kvasir-seg/masks/cju88l66no10s0850rsda7ej1.jpg,571,530,31645,14706,Yes,1,"polyp: [0,0,570,529]",polyp,571,530
kvasir-seg,cju88msmoo3470817m441j4sg.jpg,/Users/ujjwalsinha/Gastrointestinal-Disease-Detection/dataset/kvasir-seg/images/cju88msmoo3470817m441j4sg.jpg,/Users/ujjwalsinha/Gastrointestinal-Disease-Detection/dataset/kvasir-seg/masks/cju88msmoo3470817m441j4sg.jpg,615,530,34294,13790,Yes,1,"polyp: [358,92,605,398]",polyp,615,530
kvasir-seg,cju88nroho44508500129f1nh.jpg,/Users/ujjwalsinha/Gastrointestinal-Disease-Detection/dataset/kvasir-seg/images/cju88nroho44508500129f1nh.jpg,/Users/ujjwalsinha/Gastrointestinal-Disease-Detection/dataset/kvasir-seg/masks/cju88nroho44508500129f1nh.jpg,621,530,35401,8658,Yes,1,"polyp: [236,244,336,362]",polyp,621,530
kvasir-seg,cju88oh0po9gq0801nge4tgr1.jpg,/Users/ujjwalsinha/Gastrointestinal-Disease-Detection/dataset/kvasir-seg/images/cju88oh0po9gq0801nge4tgr1.jpg,/Users/ujjwalsinha/Gastrointestinal-Disease-Detection/dataset/kvasir-seg/masks/cju88oh0po9gq0801nge4tgr1.jpg,604,531,35608,8932,Yes,1,"polyp: [402,247,533,375]",polyp,604,531
kvasir-seg,cju88q6h6obpd0871ckmiabbo.jpg,/Users/ujjwalsinha/Gastrointestinal-Disease-Detection/dataset/kvasir-seg/images/cju88q6h6obpd0871ckmiabbo.jpg,/Users/ujjwalsinha/Gastrointestinal-Disease-Detection/dataset/kvasir-seg/masks/cju88q6h6obpd0871ckmiabbo.jpg,626,546,38157,15038,Yes,3,"polyp: [168,0,386,121]; polyp: [375,100,455,282]; polyp: [242,316,330,384]",polyp,626,546
kvasir-seg,cju88rl5eo94l0850kf5wtrm1.jpg,/Users/ujjwalsinha/Gastrointestinal-Disease-Detection/dataset/kvasir-seg/images/cju88rl5eo94l0850kf5wtrm1.jpg,/Users/ujjwalsinha/Gastrointestinal-Disease-Detection/dataset/kvasir-seg/masks/cju88rl5eo94l0850kf5wtrm1.jpg,590,530,33447,15371,Yes,1,"polyp: [133,71,480,445]",polyp,590,530
kvasir-seg,cju88t4fvokxf07558ymyh281.jpg,/Users/ujjwalsinha/Gastrointestinal-Disease-Detection/dataset/kvasir-seg/images/cju88t4fvokxf07558ymyh281.jpg,/Users/ujjwalsinha/Gastrointestinal-Disease-Detection/dataset/kvasir-seg/masks/cju88t4fvokxf07558ymyh281.jpg,570,530,29565,9054,Yes,1,"polyp: [194,271,327,424]",polyp,570,530
kvasir-seg,cju88trl3ogi208716qvti51b.jpg,/Users/ujjwalsinha/Gastrointestinal-Disease-Detection/dataset/kvasir-seg/images/cju88trl3ogi208716qvti51b.jpg,/Users/ujjwalsinha/Gastrointestinal-Disease-Detection/dataset/kvasir-seg/masks/cju88trl3ogi208716qvti51b.jpg,540,530,23119,8752,Yes,1,"polyp: [206,205,321,368]",polyp,540,530
kvasir-seg,cju88v2f9oi8w0871hx9auh01.jpg,/Users/ujjwalsinha/Gastrointestinal-Disease-Detection/dataset/kvasir-seg/images/cju88v2f9oi8w0871hx9auh01.jpg,/Users/ujjwalsinha/Gastrointestinal-Disease-Detection/dataset/kvasir-seg/masks/cju88v2f9oi8w0871hx9auh01.jpg,626,546,29491,8890,Yes,1,"polyp: [318,265,414,378]",polyp,626,546
kvasir-seg,cju88vx2uoocy075531lc63n3.jpg,/Users/ujjwalsinha/Gastrointestinal-Disease-Detection/dataset/kvasir-seg/images/cju88vx2uoocy075531lc63n3.jpg,/Users/ujjwalsinha/Gastrointestinal-Disease-Detection/dataset/kvasir-seg/masks/cju88vx2uoocy075531lc63n3.jpg,596,508,28397,8437,Yes,1,"polyp: [177,300,308,401]",polyp,596,508
kvasir-seg,cju88y1mwoln50871emyfny1g.jpg,/Users/ujjwalsinha/Gastrointestinal-Disease-Detection/dataset/kvasir-seg/images/cju88y1mwoln50871emyfny1g.jpg,/Users/ujjwalsinha/Gastrointestinal-Disease-Detection/dataset/kvasir-seg/masks/cju88y1mwoln50871emyfny1g.jpg,621,529,41736,15973,Yes,1,"polyp: [69,123,514,529]",polyp,621,529
kvasir-seg,cju88z8bson4h0871nnd7fdxo.jpg,/Users/ujjwalsinha/Gastrointestinal-Disease-Detection/dataset/kvasir-seg/images/cju88z8bson4h0871nnd7fdxo.jpg,/Users/ujjwalsinha/Gastrointestinal-Disease-Detection/dataset/kvasir-seg/masks/cju88z8bson4h0871nnd7fdxo.jpg,626,546,44633,11812,Yes,1,"polyp: [203,143,433,348]",polyp,626,546
kvasir-seg,cju890guyoiti098753yg6cdu.jpg,/Users/ujjwalsinha/Gastrointestinal-Disease-Detection/dataset/kvasir-seg/images/cju890guyoiti098753yg6cdu.jpg,/Users/ujjwalsinha/Gastrointestinal-Disease-Detection/dataset/kvasir-seg/masks/cju890guyoiti098753yg6cdu.jpg,626,547,37505,12084,Yes,1,"polyp: [265,151,486,405]",polyp,626,547
kvasir-seg,cju8914beokbf0850isxpocrk.jpg,/Users/ujjwalsinha/Gastrointestinal-Disease-Detection/dataset/kvasir-seg/images/cju8914beokbf0850isxpocrk.jpg,/Users/ujjwalsinha/Gastrointestinal-Disease-Detection/dataset/kvasir-seg/masks/cju8914beokbf0850isxpocrk.jpg,626,547,40900,8834,Yes,1,"polyp: [406,197,511,301]",polyp,626,547
kvasir-seg,cju892fesoq2g0801n0e0jyia.jpg,/Users/ujjwalsinha/Gastrointestinal-Disease-Detection/dataset/kvasir-seg/images/cju892fesoq2g0801n0e0jyia.jpg,/Users/ujjwalsinha/Gastrointestinal-Disease-Detection/dataset/kvasir-seg/masks/cju892fesoq2g0801n0e0jyia.jpg,589,546,22151,13971,Yes,1,"polyp: [144,143,529,402]",polyp,589,546
kvasir-seg,cju893jmdompz0817xn3g1w4h.jpg,/Users/ujjwalsinha/Gastrointestinal-Disease-Detection/dataset/kvasir-seg/images/cju893jmdompz0817xn3g1w4h.jpg,/Users/ujjwalsinha/Gastrointestinal-Disease-Detection/dataset/kvasir-seg/masks/cju893jmdompz0817xn3g1w4h.jpg,626,547,27493,13016,Yes,1,"polyp: [155,87,415,373]",polyp,626,547
kvasir-seg,cju89y9h0puti0818i5yw29e6.jpg,/Users/ujjwalsinha/Gastrointestinal-Disease-Detection/dataset/kvasir-seg/images/cju89y9h0puti0818i5yw29e6.jpg,/Users/ujjwalsinha/Gastrointestinal-Disease-Detection/dataset/kvasir-seg/masks/cju89y9h0puti0818i5yw29e6.jpg,626,547,43932,16016,Yes,1,"polyp: [0,101,347,534]",polyp,626,547
kvasir-seg,cju89z6pqpqfx0817mfv8ixjc.jpg,/Users/ujjwalsinha/Gastrointestinal-Disease-Detection/dataset/kvasir-seg/images/cju89z6pqpqfx0817mfv8ixjc.jpg,/Users/ujjwalsinha/Gastrointestinal-Disease-Detection/dataset/kvasir-seg/masks/cju89z6pqpqfx0817mfv8ixjc.jpg,622,531,27883,8168,Yes,1,"polyp: [365,19,479,88]",polyp,622,531
kvasir-seg,cju8a1jtvpt9m081712iwkca7.jpg,/Users/ujjwalsinha/Gastrointestinal-Disease-Detection/dataset/kvasir-seg/images/cju8a1jtvpt9m081712iwkca7.jpg,/Users/ujjwalsinha/Gastrointestinal-Disease-Detection/dataset/kvasir-seg/masks/cju8a1jtvpt9m081712iwkca7.jpg,1348,1070,102513,35961,Yes,1,"polyp: [937,97,1348,880]",polyp,1348,1070
kvasir-seg,cju8a2itsq4dv0755ntlovpxe.jpg,/Users/ujjwalsinha/Gastrointestinal-Disease-Detection/dataset/kvasir-seg/images/cju8a2itsq4dv0755ntlovpxe.jpg,/Users/ujjwalsinha/Gastrointestinal-Disease-Detection/dataset/kvasir-seg/masks/cju8a2itsq4dv0755ntlovpxe.jpg,582,531,29371,9151,Yes,1,"polyp: [190,260,310,408]",polyp,582,531
kvasir-seg,cju8a3nhbpwnb0850d37fo2na.jpg,/Users/ujjwalsinha/Gastrointestinal-Disease-Detection/dataset/kvasir-seg/images/cju8a3nhbpwnb0850d37fo2na.jpg,/Users/ujjwalsinha/Gastrointestinal-Disease-Detection/dataset/kvasir-seg/masks/cju8a3nhbpwnb0850d37fo2na.jpg,622,528,37810,9966,Yes,1,"polyp: [248,71,428,228]",polyp,622,528
kvasir-seg,cju8a56vxpy780850r45yu4wk.jpg,/Users/ujjwalsinha/Gastrointestinal-Disease-Detection/dataset/kvasir-seg/images/cju8a56vxpy780850r45yu4wk.jpg,/Users/ujjwalsinha/Gastrointestinal-Disease-Detection/dataset/kvasir-seg/masks/cju8a56vxpy780850r45yu4wk.jpg,584,530,26240,12372,Yes,1,"polyp: [186,153,428,402]",polyp,584,530
kvasir-seg,cju8a84g0q76m0818hwiggkod.jpg,/Users/ujjwalsinha/Gastrointestinal-Disease-Detection/dataset/kvasir-seg/images/cju8a84g0q76m0818hwiggkod.jpg,/Users/ujjwalsinha/Gastrointestinal-Disease-Detection/dataset/kvasir-seg/masks/cju8a84g0q76m0818hwiggkod.jpg,554,529,34781,17634,Yes,1,"polyp: [124,8,541,468]",polyp,554,529
kvasir-seg,cju8abobpqbir08189u01huru.jpg,/Users/ujjwalsinha/Gastrointestinal-Disease-Detection/dataset/kvasir-seg/images/cju8abobpqbir08189u01huru.jpg,/Users/ujjwalsinha/Gastrointestinal-Disease-Detection/dataset/kvasir-seg/masks/cju8abobpqbir08189u01huru.jpg,626,547,36707,9993,Yes,1,"polyp: [201,376,469,547]",polyp,626,547
kvasir-seg,cju8adb60qbiu080188mxpf8d.jpg,/Users/ujjwalsinha/Gastrointestinal-Disease-Detection/dataset/kvasir-seg/images/cju8adb60qbiu080188mxpf8d.jpg,/Users/ujjwalsinha/Gastrointestinal-Disease-Detection/dataset/kvasir-seg/masks/cju8adb60qbiu080188mxpf8d.jpg,623,528,28742,10103,Yes,1,"polyp: [266,163,450,348]",polyp,623,528
kvasir-seg,cju8aeei7q8k308173n9y4klv.jpg,/Users/ujjwalsinha/Gastrointestinal-Disease-Detection/dataset/kvasir-seg/images/cju8aeei7q8k308173n9y4klv.jpg,/Users/ujjwalsinha/Gastrointestinal-Disease-Detection/dataset/kvasir-seg/masks/cju8aeei7q8k308173n9y4klv.jpg,606,528,28214,9913,Yes,1,"polyp: [110,329,270,514]",polyp,606,528
kvasir-seg,cju8aj01yqeqm0850lhdz3xdw.jpg,/Users/ujjwalsinha/Gastrointestinal-Disease-Detection/dataset/kvasir-seg/images/cju8aj01yqeqm0850lhdz3xdw.jpg,/Users/ujjwalsinha/Gastrointestinal-Disease-Detection/dataset/kvasir-seg/masks/cju8aj01yqeqm0850lhdz3xdw.jpg,622,531,28191,13129,Yes,1,"polyp: [291,216,604,512]",polyp,622,531
kvasir-seg,cju8alhigqn2h0801zksudldd.jpg,/Users/ujjwalsinha/Gastrointestinal-Disease-Detection/dataset/kvasir-seg/images/cju8alhigqn2h0801zksudldd.jpg,/Users/ujjwalsinha/Gastrointestinal-Disease-Detection/dataset/kvasir-seg/masks/cju8alhigqn2h0801zksudldd.jpg,614,528,43134,15153,Yes,1,"polyp: [199,46,565,402]",polyp,614,528
kvasir-seg,cju8amfdtqi4x09871tygrgqe.jpg,/Users/ujjwalsinha/Gastrointestinal-Disease-Detection/dataset/kvasir-seg/images/cju8amfdtqi4x09871tygrgqe.jpg,/Users/ujjwalsinha/Gastrointestinal-Disease-Detection/dataset/kvasir-seg/masks/cju8amfdtqi4x09871tygrgqe.jpg,622,530,36441,12265,Yes,1,"polyp: [209,148,432,427]",polyp,622,530
kvasir-seg,cju8ando2qqdo0818ck7i1be1.jpg,/Users/ujjwalsinha/Gastrointestinal-Disease-Detection/dataset/kvasir-seg/images/cju8ando2qqdo0818ck7i1be1.jpg,/Users/ujjwalsinha/Gastrointestinal-Disease-Detection/dataset/kvasir-seg/masks/cju8ando2qqdo0818ck7i1be1.jpg,570,530,26806,10465,Yes,1,"polyp: [353,130,506,364]",polyp,570,530
kvasir-seg,cju8apjewqrk00801k5d71gky.jpg,/Users/ujjwalsinha/Gastrointestinal-Disease-Detection/dataset/kvasir-seg/images/cju8apjewqrk00801k5d71gky.jpg,/Users/ujjwalsinha/Gastrointestinal-Disease-Detection/dataset/kvasir-seg/masks/cju8apjewqrk00801k5d71gky.jpg,451,530,19737,10701,Yes,1,"polyp: [264,225,449,514]",polyp,451,530
kvasir-seg,cju8aqq8uqmoq0987hphto9gg.jpg,/Users/ujjwalsinha/Gastrointestinal-Disease-Detection/dataset/kvasir-seg/images/cju8aqq8uqmoq0987hphto9gg.jpg,/Users/ujjwalsinha/Gastrointestinal-Disease-Detection/dataset/kvasir-seg/masks/cju8aqq8uqmoq0987hphto9gg.jpg,626,546,41174,15555,Yes,1,"polyp: [235,82,560,476]",polyp,626,546
kvasir-seg,cju8arof2qpf20850ifr1bnqj.jpg,/Users/ujjwalsinha/Gastrointestinal-Disease-Detection/dataset/kvasir-seg/images/cju8arof2qpf20850ifr1bnqj.jpg,/Users/ujjwalsinha/Gastrointestinal-Disease-Detection/dataset/kvasir-seg/masks/cju8arof2qpf20850ifr1bnqj.jpg,594,530,24961,12752,Yes,1,"polyp: [169,87,390,453]",polyp,594,530
kvasir-seg,cju8ashhnquqr0801rwduzt7d.jpg,/Users/ujjwalsinha/Gastrointestinal-Disease-Detection/dataset/kvasir-seg/images/cju8ashhnquqr0801rwduzt7d.jpg,/Users/ujjwalsinha/Gastrointestinal-Disease-Detection/dataset/kvasir-seg/masks/cju8ashhnquqr0801rwduzt7d.jpg,1220,1011,88275,30181,Yes,1,"polyp: [284,437,630,843]",polyp,1220,1011
kvasir-seg,cju8at3s1qqqx0850hcq8nmnq.jpg,/Users/ujjwalsinha/Gastrointestinal-Disease-Detection/dataset/kvasir-seg/images/cju8at3s1qqqx0850hcq8nmnq.jpg,/Users/ujjwalsinha/Gastrointestinal-Disease-Detection/dataset/kvasir-seg/masks/cju8at3s1qqqx0850hcq8nmnq.jpg,593,529,34073,8993,Yes,1,"polyp: [389,301,508,430]",polyp,593,529
kvasir-seg,cju8auylgqx0z0871u4o4db7o.jpg,/Users/ujjwalsinha/Gastrointestinal-Disease-Detection/dataset/kvasir-seg/images/cju8auylgqx0z0871u4o4db7o.jpg,/Users/ujjwalsinha/Gastrointestinal-Disease-Detection/dataset/kvasir-seg/masks/cju8auylgqx0z0871u4o4db7o.jpg,622,531,35522,8589,Yes,1,"polyp: [332,3,450,107]",polyp,622,531
kvasir-seg,cju8aw9n1qyg10801jkjlmors.jpg,/Users/ujjwalsinha/Gastrointestinal-Disease-Detection/dataset/kvasir-seg/images/cju8aw9n1qyg10801jkjlmors.jpg,/Users/ujjwalsinha/Gastrointestinal-Disease-Detection/dataset/kvasir-seg/masks/cju8aw9n1qyg10801jkjlmors.jpg,622,530,34535,14723,Yes,1,"polyp: [258,109,575,493]",polyp,622,530
kvasir-seg,cju8axq24r4an0755yhv9d4ly.jpg,/Users/ujjwalsinha/Gastrointestinal-Disease-Detection/dataset/kvasir-seg/images/cju8axq24r4an0755yhv9d4ly.jpg,/Users/ujjwalsinha/Gastrointestinal-Disease-Detection/dataset/kvasir-seg/masks/cju8axq24r4an0755yhv9d4ly.jpg,603,530,36513,8713,Yes,1,"polyp: [380,163,510,281]",polyp,603,530
kvasir-seg,cju8ayeq7r1fb0818z1junacy.jpg,/Users/ujjwalsinha/Gastrointestinal-Disease-Detection/dataset/kvasir-seg/images/cju8ayeq7r1fb0818z1junacy.jpg,/Users/ujjwalsinha/Gastrointestinal-Disease-Detection/dataset/kvasir-seg/masks/cju8ayeq7r1fb0818z1junacy.jpg,602,528,44769,9169,Yes,1,"polyp: [298,218,423,366]",polyp,602,528
kvasir-seg,cju8azmhcr66e0755t61atz72.jpg,/Users/ujjwalsinha/Gastrointestinal-Disease-Detection/dataset/kvasir-seg/images/cju8azmhcr66e0755t61atz72.jpg,/Users/ujjwalsinha/Gastrointestinal-Disease-Detection/dataset/kvasir-seg/masks/cju8azmhcr66e0755t61atz72.jpg,548,531,29083,12197,Yes,1,"polyp: [236,132,462,440]",polyp,548,531
kvasir-seg,cju8b0jr0r2oi0801jiquetd5.jpg,/Users/ujjwalsinha/Gastrointestinal-Disease-Detection/dataset/kvasir-seg/images/cju8b0jr0r2oi0801jiquetd5.jpg,/Users/ujjwalsinha/Gastrointestinal-Disease-Detection/dataset/kvasir-seg/masks/cju8b0jr0r2oi0801jiquetd5.jpg,621,528,41760,9866,Yes,1,"polyp: [390,285,537,464]",polyp,621,528
kvasir-seg,cju8b1v3br45u087189kku66u.jpg,/Users/ujjwalsinha/Gastrointestinal-Disease-Detection/dataset/kvasir-seg/images/cju8b1v3br45u087189kku66u.jpg,/Users/ujjwalsinha/Gastrointestinal-Disease-Detection/dataset/kvasir-seg/masks/cju8b1v3br45u087189kku66u.jpg,626,546,40988,13969,Yes,1,"polyp: [250,187,543,546]",polyp,626,546
kvasir-seg,cju8b2rmgr52s0801p54eyflx.jpg,/Users/ujjwalsinha/Gastrointestinal-Disease-Detection/dataset/kvasir-seg/images/cju8b2rmgr52s0801p54eyflx.jpg,/Users/ujjwalsinha/Gastrointestinal-Disease-Detection/dataset/kvasir-seg/masks/cju8b2rmgr52s0801p54eyflx.jpg,587,530,29063,13048,Yes,1,"polyp: [172,114,476,364]",polyp,587,530
kvasir-seg,cju8b3ka8r64u0801fh18hk7l.jpg,/Users/ujjwalsinha/Gastrointestinal-Disease-Detection/dataset/kvasir-seg/images/cju8b3ka8r64u0801fh18hk7l.jpg,/Users/ujjwalsinha/Gastrointestinal-Disease-Detection/dataset/kvasir-seg/masks/cju8b3ka8r64u0801fh18hk7l.jpg,626,546,36223,9527,Yes,1,"polyp: [59,263,170,409]",polyp,626,546
kvasir-seg,cju8b4ja9r2s808509d45ma86.jpg,/Users/ujjwalsinha/Gastrointestinal-Disease-Detection/dataset/kvasir-seg/images/cju8b4ja9r2s808509d45ma86.jpg,/Users/ujjwalsinha/Gastrointestinal-Disease-Detection/dataset/kvasir-seg/masks/cju8b4ja9r2s808509d45ma86.jpg,623,529,40788,14462,Yes,1,"polyp: [80,8,358,372]",polyp,623,529
kvasir-seg,cju8b542nr81x0871uxnkm9ih.jpg,/Users/ujjwalsinha/Gastrointestinal-Disease-Detection/dataset/kvasir-seg/images/cju8b542nr81x0871uxnkm9ih.jpg,/Users/ujjwalsinha/Gastrointestinal-Disease-Detection/dataset/kvasir-seg/masks/cju8b542nr81x0871uxnkm9ih.jpg,622,531,30360,8226,Yes,1,"polyp: [243,313,349,397]",polyp,622,531
kvasir-seg,cju8b5p40r2c60987ofa0mu03.jpg,/Users/ujjwalsinha/Gastrointestinal-Disease-Detection/dataset/kvasir-seg/images/cju8b5p40r2c60987ofa0mu03.jpg,/Users/ujjwalsinha/Gastrointestinal-Disease-Detection/dataset/kvasir-seg/masks/cju8b5p40r2c60987ofa0mu03.jpg,598,531,32407,9401,Yes,1,"polyp: [185,254,338,386]",polyp,598,531
kvasir-seg,cju8b6rp0r5st0850184f79xt.jpg,/Users/ujjwalsinha/Gastrointestinal-Disease-Detection/dataset/kvasir-seg/images/cju8b6rp0r5st0850184f79xt.jpg,/Users/ujjwalsinha/Gastrointestinal-Disease-Detection/dataset/kvasir-seg/masks/cju8b6rp0r5st0850184f79xt.jpg,626,546,34684,16155,Yes,1,"polyp: [309,82,625,507]",polyp,626,546
kvasir-seg,cju8b7aqtr4a00987coba14b7.jpg,/Users/ujjwalsinha/Gastrointestinal-Disease-Detection/dataset/kvasir-seg/images/cju8b7aqtr4a00987coba14b7.jpg,/Users/ujjwalsinha/Gastrointestinal-Disease-Detection/dataset/kvasir-seg/masks/cju8b7aqtr4a00987coba14b7.jpg,622,530,34200,9477,Yes,1,"polyp: [187,17,336,142]",polyp,622,530
kvasir-seg,cju8b8yair65w09878pyqtr96.jpg,/Users/ujjwalsinha/Gastrointestinal-Disease-Detection/dataset/kvasir-seg/images/cju8b8yair65w09878pyqtr96.jpg,/Users/ujjwalsinha/Gastrointestinal-Disease-Detection/dataset/kvasir-seg/masks/cju8b8yair65w09878pyqtr96.jpg,520,529,31599,12723,Yes,1,"polyp: [304,209,484,529]",polyp,520,529
kvasir-seg,cju8bafgqrf4x0818twisk3ea.jpg,/Users/ujjwalsinha/Gastrointestinal-Disease-Detection/dataset/kvasir-seg/images/cju8bafgqrf4x0818twisk3ea.jpg,/Users/ujjwalsinha/Gastrointestinal-Disease-Detection/dataset/kvasir-seg/masks/cju8bafgqrf4x0818twisk3ea.jpg,531,530,27138,12150,Yes,1,"polyp: [112,141,393,407]",polyp,531,530
kvasir-seg,cju8bbznkrf5g0871jncffynk.jpg,/Users/ujjwalsinha/Gastrointestinal-Disease-Detection/dataset/kvasir-seg/images/cju8bbznkrf5g0871jncffynk.jpg,/Users/ujjwalsinha/Gastrointestinal-Disease-Detection/dataset/kvasir-seg/masks/cju8bbznkrf5g0871jncffynk.jpg,619,531,29552,14670,Yes,1,"polyp: [108,149,416,529]",polyp,619,531
kvasir-seg,cju8bff9nrfi10850fmfzbf8v.jpg,/Users/ujjwalsinha/Gastrointestinal-Disease-Detection/dataset/kvasir-seg/images/cju8bff9nrfi10850fmfzbf8v.jpg,/Users/ujjwalsinha/Gastrointestinal-Disease-Detection/dataset/kvasir-seg/masks/cju8bff9nrfi10850fmfzbf8v.jpg,437,529,18422,9024,Yes,1,"polyp: [140,274,317,470]",polyp,437,529
kvasir-seg,cju8bgdmqrksy0801tozdmraa.jpg,/Users/ujjwalsinha/Gastrointestinal-Disease-Detection/dataset/kvasir-seg/images/cju8bgdmqrksy0801tozdmraa.jpg,/Users/ujjwalsinha/Gastrointestinal-Disease-Detection/dataset/kvasir-seg/masks/cju8bgdmqrksy0801tozdmraa.jpg,622,529,37959,9363,Yes,1,"polyp: [290,35,438,158]",polyp,622,529
kvasir-seg,cju8bh8surexp0987o5pzklk1.jpg,/Users/ujjwalsinha/Gastrointestinal-Disease-Detection/dataset/kvasir-seg/images/cju8bh8surexp0987o5pzklk1.jpg,/Users/ujjwalsinha/Gastrointestinal-Disease-Detection/dataset/kvasir-seg/masks/cju8bh8surexp0987o5pzklk1.jpg,577,506,30827,12714,Yes,1,"polyp: [169,122,465,421]",polyp,577,506
kvasir-seg,cju8bi8q7rlmn0871abc5ch8k.jpg,/Users/ujjwalsinha/Gastrointestinal-Disease-Detection/dataset/kvasir-seg/images/cju8bi8q7rlmn0871abc5ch8k.jpg,/Users/ujjwalsinha/Gastrointestinal-Disease-Detection/dataset/kvasir-seg/masks/cju8bi8q7rlmn0871abc5ch8k.jpg,622,531,29061,9891,Yes,1,"polyp: [321,84,498,242]",polyp,622,531
kvasir-seg,cju8bj2ssrmlm0871gc2ug2rs.jpg,/Users/ujjwalsinha/Gastrointestinal-Disease-Detection/dataset/kvasir-seg/images/cju8bj2ssrmlm0871gc2ug2rs.jpg,/Users/ujjwalsinha/Gastrointestinal-Disease-Detection/dataset/kvasir-seg/masks/cju8bj2ssrmlm0871gc2ug2rs.jpg,469,449,23052,4954,Yes,1,"polyp: [274,184,311,222]",polyp,469,449
kvasir-seg,cju8bk8oirjhw0817hgkua2w8.jpg,/Users/ujjwalsinha/Gastrointestinal-Disease-Detection/dataset/kvasir-seg/images/cju8bk8oirjhw0817hgkua2w8.jpg,/Users/ujjwalsinha/Gastrointestinal-Disease-Detection/dataset/kvasir-seg/masks/cju8bk8oirjhw0817hgkua2w8.jpg,575,509,36411,13422,Yes,1,"polyp: [62,44,380,479]",polyp,575,509
kvasir-seg,cju8bljw9rqk20801kr54akrl.jpg,/Users/ujjwalsinha/Gastrointestinal-Disease-Detection/dataset/kvasir-seg/images/cju8bljw9rqk20801kr54akrl.jpg,/Users/ujjwalsinha/Gastrointestinal-Disease-Detection/dataset/kvasir-seg/masks/cju8bljw9rqk20801kr54akrl.jpg,621,529,34827,15149,Yes,1,"polyp: [140,52,479,436]",polyp,621,529
kvasir-seg,cju8bm24yrrdp081829mbo8ic.jpg,/Users/ujjwalsinha/Gastrointestinal-Disease-Detection/dataset/kvasir-seg/images/cju8bm24yrrdp081829mbo8ic.jpg,/Users/ujjwalsinha/Gastrointestinal-Disease-Detection/dataset/kvasir-seg/masks/cju8bm24yrrdp081829mbo8ic.jpg,626,546,36407,11232,Yes,1,"polyp: [284,220,449,442]",polyp,626,546
kvasir-seg,cju8bn7m2rmm70817hgxpb1uq.jpg,/Users/ujjwalsinha/Gastrointestinal-Disease-Detection/dataset/kvasir-seg/images/cju8bn7m2rmm70817hgxpb1uq.jpg,/Users/ujjwalsinha/Gastrointestinal-Disease-Detection/dataset/kvasir-seg/masks/cju8bn7m2rmm70817hgxpb1uq.jpg,626,547,30658,15468,Yes,1,"polyp: [221,130,597,462]",polyp,626,547
kvasir-seg,cju8bop5jrsid08716i24fqda.jpg,/Users/ujjwalsinha/Gastrointestinal-Disease-Detection/dataset/kvasir-seg/images/cju8bop5jrsid08716i24fqda.jpg,/Users/ujjwalsinha/Gastrointestinal-Disease-Detection/dataset/kvasir-seg/masks/cju8bop5jrsid08716i24fqda.jpg,622,531,35123,10449,Yes,1,"polyp: [325,172,510,347]",polyp,622,531
kvasir-seg,cju8bpctzrqkr0850zeldv9kt.jpg,/Users/ujjwalsinha/Gastrointestinal-Disease-Detection/dataset/kvasir-seg/images/cju8bpctzrqkr0850zeldv9kt.jpg,/Users/ujjwalsinha/Gastrointestinal-Disease-Detection/dataset/kvasir-seg/masks/cju8bpctzrqkr0850zeldv9kt.jpg,626,546,30531,11336,Yes,1,"polyp: [221,82,434,256]",polyp,626,546
kvasir-seg,cju8bqxxurs6i0850mu7mtef9.jpg,/Users/ujjwalsinha/Gastrointestinal-Disease-Detection/dataset/kvasir-seg/images/cju8bqxxurs6i0850mu7mtef9.jpg,/Users/ujjwalsinha/Gastrointestinal-Disease-Detection/dataset/kvasir-seg/masks/cju8bqxxurs6i0850mu7mtef9.jpg,600,528,33611,11617,Yes,1,"polyp: [359,97,589,343]",polyp,600,528
kvasir-seg,cju8brv16rx7f0818uf5n89pv.jpg,/Users/ujjwalsinha/Gastrointestinal-Disease-Detection/dataset/kvasir-seg/images/cju8brv16rx7f0818uf5n89pv.jpg,/Users/ujjwalsinha/Gastrointestinal-Disease-Detection/dataset/kvasir-seg/masks/cju8brv16rx7f0818uf5n89pv.jpg,622,529,38419,8747,Yes,1,"polyp: [403,277,518,381]",polyp,622,529
kvasir-seg,cju8bssulrrcy0987h1vq5060.jpg,/Users/ujjwalsinha/Gastrointestinal-Disease-Detection/dataset/kvasir-seg/images/cju8bssulrrcy0987h1vq5060.jpg,/Users/ujjwalsinha/Gastrointestinal-Disease-Detection/dataset/kvasir-seg/masks/cju8bssulrrcy0987h1vq5060.jpg,548,531,31023,10816,Yes,1,"polyp: [80,312,375,531]",polyp,548,531
kvasir-seg,cju8buos5rz9b08715lfr0f4f.jpg,/Users/ujjwalsinha/Gastrointestinal-Disease-Detection/dataset/kvasir-seg/images/cju8buos5rz9b08715lfr0f4f.jpg,/Users/ujjwalsinha/Gastrointestinal-Disease-Detection/dataset/kvasir-seg/masks/cju8buos5rz9b08715lfr0f4f.jpg,576,530,28586,13399,Yes,1,"polyp: [168,43,576,290]",polyp,576,530
kvasir-seg,cju8bw697rwg308177tg8huas.jpg,/Users/ujjwalsinha/Gastrointestinal-Disease-Detection/dataset/kvasir-seg/images/cju8bw697rwg308177tg8huas.jpg,/Users/ujjwalsinha/Gastrointestinal-Disease-Detection/dataset/kvasir-seg/masks/cju8bw697rwg308177tg8huas.jpg,581,531,37296,20987,Yes,1,"polyp: [120,7,551,508]",polyp,581,531
kvasir-seg,cju8bysfgrzkl081786jwac09.jpg,/Users/ujjwalsinha/Gastrointestinal-Disease-Detection/dataset/kvasir-seg/images/cju8bysfgrzkl081786jwac09.jpg,/Users/ujjwalsinha/Gastrointestinal-Disease-Detection/dataset/kvasir-seg/masks/cju8bysfgrzkl081786jwac09.jpg,619,471,27447,11665,Yes,1,"polyp: [201,179,484,405]",polyp,619,471
kvasir-seg,cju8bzzy2s66m08016z6mouqt.jpg,/Users/ujjwalsinha/Gastrointestinal-Disease-Detection/dataset/kvasir-seg/images/cju8bzzy2s66m08016z6mouqt.jpg,/Users/ujjwalsinha/Gastrointestinal-Disease-Detection/dataset/kvasir-seg/masks/cju8bzzy2s66m08016z6mouqt.jpg,622,529,44699,10104,Yes,1,"polyp: [394,144,562,320]",polyp,622,529
kvasir-seg,cju8c1a0ws7o208181c6lbsom.jpg,/Users/ujjwalsinha/Gastrointestinal-Disease-Detection/dataset/kvasir-seg/images/cju8c1a0ws7o208181c6lbsom.jpg,/Users/ujjwalsinha/Gastrointestinal-Disease-Detection/dataset/kvasir-seg/masks/cju8c1a0ws7o208181c6lbsom.jpg,625,546,32921,15790,Yes,1,"polyp: [138,0,624,341]",polyp,625,546
kvasir-seg,cju8c2rqzs5t80850d0zky5dy.jpg,/Users/ujjwalsinha/Gastrointestinal-Disease-Detection/dataset/kvasir-seg/images/cju8c2rqzs5t80850d0zky5dy.jpg,/Users/ujjwalsinha/Gastrointestinal-Disease-Detection/dataset/kvasir-seg/masks/cju8c2rqzs5t80850d0zky5dy.jpg,615,490,36092,16557,Yes,1,"polyp: [196,86,612,477]",polyp,615,490
kvasir-seg,cju8c3xs7sauj0801ieyzezr5.jpg,/Users/ujjwalsinha/Gastrointestinal-Disease-Detection/dataset/kvasir-seg/images/cju8c3xs7sauj0801ieyzezr5.jpg,/Users/ujjwalsinha/Gastrointestinal-Disease-Detection/dataset/kvasir-seg/masks/cju8c3xs7sauj0801ieyzezr5.jpg,626,546,38131,13848,Yes,1,"polyp: [67,72,365,402]",polyp,626,546
kvasir-seg,cju8c5223s8j80850b4kealt4.jpg,/Users/ujjwalsinha/Gastrointestinal-Disease-Detection/dataset/kvasir-seg/images/cju8c5223s8j80850b4kealt4.jpg,/Users/ujjwalsinha/Gastrointestinal-Disease-Detection/dataset/kvasir-seg/masks/cju8c5223s8j80850b4kealt4.jpg,619,529,38790,12497,Yes,1,"polyp: [262,0,454,326]",polyp,619,529
kvasir-seg,cju8c5mxls96t0850wvkvsity.jpg,/Users/ujjwalsinha/Gastrointestinal-Disease-Detection/dataset/kvasir-seg/images/cju8c5mxls96t0850wvkvsity.jpg,/Users/ujjwalsinha/Gastrointestinal-Disease-Detection/dataset/kvasir-seg/masks/cju8c5mxls96t0850wvkvsity.jpg,609,531,27885,12228,Yes,1,"polyp: [362,256,596,502]",polyp,609,531
kvasir-seg,cju8c5zcbsdfz0801o5t6jag1.jpg,/Users/ujjwalsinha/Gastrointestinal-Disease-Detection/dataset/kvasir-seg/images/cju8c5zcbsdfz0801o5t6jag1.jpg,/Users/ujjwalsinha/Gastrointestinal-Disease-Detection/dataset/kvasir-seg/masks/cju8c5zcbsdfz0801o5t6jag1.jpg,626,546,30886,9244,Yes,1,"polyp: [438,58,559,169]",polyp,626,546
kvasir-seg,cju8c6hnxsdvr0801wn0vrsa6.jpg,/Users/ujjwalsinha/Gastrointestinal-Disease-Detection/dataset/kvasir-seg/images/cju8c6hnxsdvr0801wn0vrsa6.jpg,/Users/ujjwalsinha/Gastrointestinal-Disease-Detection/dataset/kvasir-seg/masks/cju8c6hnxsdvr0801wn0vrsa6.jpg,617,531,31171,7737,Yes,1,"polyp: [327,202,419,261]",polyp,617,531
kvasir-seg,cju8c82iosagu0817l74s4m5g.jpg,/Users/ujjwalsinha/Gastrointestinal-Disease-Detection/dataset/kvasir-seg/images/cju8c82iosagu0817l74s4m5g.jpg,/Users/ujjwalsinha/Gastrointestinal-Disease-Detection/dataset/kvasir-seg/masks/cju8c82iosagu0817l74s4m5g.jpg,626,547,42232,18330,Yes,1,"polyp: [143,0,546,523]",polyp,626,547
kvasir-seg,cju8c9akjsdjj0850s67uzlxq.jpg,/Users/ujjwalsinha/Gastrointestinal-Disease-Detection/dataset/kvasir-seg/images/cju8c9akjsdjj0850s67uzlxq.jpg,/Users/ujjwalsinha/Gastrointestinal-Disease-Detection/dataset/kvasir-seg/masks/cju8c9akjsdjj0850s67uzlxq.jpg,570,518,24934,10769,Yes,1,"polyp: [215,152,410,392]",polyp,570,518
kvasir-seg,cju8ca4geseia0850i2ru11hw.jpg,/Users/ujjwalsinha/Gastrointestinal-Disease-Detection/dataset/kvasir-seg/images/cju8ca4geseia0850i2ru11hw.jpg,/Users/ujjwalsinha/Gastrointestinal-Disease-Detection/dataset/kvasir-seg/masks/cju8ca4geseia0850i2ru11hw.jpg,617,529,46815,11749,Yes,1,"polyp: [350,0,587,244]",polyp,617,529
kvasir-seg,cju8cattbsivm0818p446wgel.jpg,/Users/ujjwalsinha/Gastrointestinal-Disease-Detection/dataset/kvasir-seg/images/cju8cattbsivm0818p446wgel.jpg,/Users/ujjwalsinha/Gastrointestinal-Disease-Detection/dataset/kvasir-seg/masks/cju8cattbsivm0818p446wgel.jpg,621,531,31240,17130,Yes,1,"polyp: [76,66,517,528]",polyp,621,531
kvasir-seg,cju8cbsyssiqj0871gr4jedjp.jpg,/Users/ujjwalsinha/Gastrointestinal-Disease-Detection/dataset/kvasir-seg/images/cju8cbsyssiqj0871gr4jedjp.jpg,/Users/ujjwalsinha/Gastrointestinal-Disease-Detection/dataset/kvasir-seg/masks/cju8cbsyssiqj0871gr4jedjp.jpg,571,531,33103,11605,Yes,1,"polyp: [121,6,353,262]",polyp,571,531
kvasir-seg,cju8cdeazsm8h0801jxifmzur.jpg,/Users/ujjwalsinha/Gastrointestinal-Disease-Detection/dataset/kvasir-seg/images/cju8cdeazsm8h0801jxifmzur.jpg,/Users/ujjwalsinha/Gastrointestinal-Disease-Detection/dataset/kvasir-seg/masks/cju8cdeazsm8h0801jxifmzur.jpg,626,547,40915,12008,Yes,1,"polyp: [215,201,445,450]",polyp,626,547
kvasir-seg,cju8ceacrsqkr0755hdz145es.jpg,/Users/ujjwalsinha/Gastrointestinal-Disease-Detection/dataset/kvasir-seg/images/cju8ceacrsqkr0755hdz145es.jpg,/Users/ujjwalsinha/Gastrointestinal-Disease-Detection/dataset/kvasir-seg/masks/cju8ceacrsqkr0755hdz145es.jpg,566,492,21517,8210,Yes,1,"polyp: [139,65,284,173]",polyp,566,492
kvasir-seg,cju8cgi2kspp308011nxdtjp6.jpg,/Users/ujjwalsinha/Gastrointestinal-Disease-Detection/dataset/kvasir-seg/images/cju8cgi2kspp308011nxdtjp6.jpg,/Users/ujjwalsinha/Gastrointestinal-Disease-Detection/dataset/kvasir-seg/masks/cju8cgi2kspp308011nxdtjp6.jpg,619,530,27946,8750,Yes,1,"polyp: [373,242,487,357]",polyp,619,530
kvasir-seg,cju8chdlqsu620755azjty1tj.jpg,/Users/ujjwalsinha/Gastrointestinal-Disease-Detection/dataset/kvasir-seg/images/cju8chdlqsu620755azjty1tj.jpg,/Users/ujjwalsinha/Gastrointestinal-Disease-Detection/dataset/kvasir-seg/masks/cju8chdlqsu620755azjty1tj.jpg,622,530,36915,11210,Yes,1,"polyp: [289,107,474,342]",polyp,622,530
kvasir-seg,cju8chxndsre008015uisl4si.jpg,/Users/ujjwalsinha/Gastrointestinal-Disease-Detection/dataset/kvasir-seg/images/cju8chxndsre008015uisl4si.jpg,/Users/ujjwalsinha/Gastrointestinal-Disease-Detection/dataset/kvasir-seg/masks/cju8chxndsre008015uisl4si.jpg,605,444,25629,7634,Yes,1,"polyp: [289,83,414,194]",polyp,605,444
kvasir-seg,cju8cj10qsrau0871o2dr6ai1.jpg,/Users/ujjwalsinha/Gastrointestinal-Disease-Detection/dataset/kvasir-seg/images/cju8cj10qsrau0871o2dr6ai1.jpg,/Users/ujjwalsinha/Gastrointestinal-Disease-Detection/dataset/kvasir-seg/masks/cju8cj10qsrau0871o2dr6ai1.jpg,622,530,28725,10597,Yes,1,"polyp: [171,47,352,227]",polyp,622,530
kvasir-seg,cju8clorgsuwn08714toqb7v6.jpg,/Users/ujjwalsinha/Gastrointestinal-Disease-Detection/dataset/kvasir-seg/images/cju8clorgsuwn08714toqb7v6.jpg,/Users/ujjwalsinha/Gastrointestinal-Disease-Detection/dataset/kvasir-seg/masks/cju8clorgsuwn08714toqb7v6.jpg,570,531,35375,11191,Yes,1,"polyp: [58,211,271,469]",polyp,570,531
kvasir-seg,cju8cwy02t9eq08185qn12c02.jpg,/Users/ujjwalsinha/Gastrointestinal-Disease-Detection/dataset/kvasir-seg/images/cju8cwy02t9eq08185qn12c02.jpg,/Users/ujjwalsinha/Gastrointestinal-Disease-Detection/dataset/kvasir-seg/masks/cju8cwy02t9eq08185qn12c02.jpg,626,547,36447,12073,Yes,1,"polyp: [177,0,421,221]",polyp,626,547
kvasir-seg,cju8czvnztbf40871b4m7t78w.jpg,/Users/ujjwalsinha/Gastrointestinal-Disease-Detection/dataset/kvasir-seg/images/cju8czvnztbf40871b4m7t78w.jpg,/Users/ujjwalsinha/Gastrointestinal-Disease-Detection/dataset/kvasir-seg/masks/cju8czvnztbf40871b4m7t78w.jpg,626,546,33731,12849,Yes,1,"polyp: [117,207,401,472]",polyp,626,546
kvasir-seg,cju8d2q30tfhs0801n7lx77xl.jpg,/Users/ujjwalsinha/Gastrointestinal-Disease-Detection/dataset/kvasir-seg/images/cju8d2q30tfhs0801n7lx77xl.jpg,/Users/ujjwalsinha/Gastrointestinal-Disease-Detection/dataset/kvasir-seg/masks/cju8d2q30tfhs0801n7lx77xl.jpg,614,546,32841,13226,Yes,1,"polyp: [318,227,595,515]",polyp,614,546
kvasir-seg,cju8d4jgatgpj0871q2ophhkm.jpg,/Users/ujjwalsinha/Gastrointestinal-Disease-Detection/dataset/kvasir-seg/images/cju8d4jgatgpj0871q2ophhkm.jpg,/Users/ujjwalsinha/Gastrointestinal-Disease-Detection/dataset/kvasir-seg/masks/cju8d4jgatgpj0871q2ophhkm.jpg,622,531,28937,12294,Yes,1,"polyp: [341,126,573,405]",polyp,622,531
kvasir-seg,cju8dic9mtppa0987swn23wbc.jpg,/Users/ujjwalsinha/Gastrointestinal-Disease-Detection/dataset/kvasir-seg/images/cju8dic9mtppa0987swn23wbc.jpg,/Users/ujjwalsinha/Gastrointestinal-Disease-Detection/dataset/kvasir-seg/masks/cju8dic9mtppa0987swn23wbc.jpg,611,531,28986,14121,Yes,1,"polyp: [20,245,455,531]",polyp,611,531
kvasir-seg,cju8djdqztu6408506pzhlo18.jpg,/Users/ujjwalsinha/Gastrointestinal-Disease-Detection/dataset/kvasir-seg/images/cju8djdqztu6408506pzhlo18.jpg,/Users/ujjwalsinha/Gastrointestinal-Disease-Detection/dataset/kvasir-seg/masks/cju8djdqztu6408506pzhlo18.jpg,611,530,27099,10923,Yes,1,"polyp: [351,27,516,261]",polyp,611,530
kvasir-seg,cju8dk7eztzup08182yxko5zh.jpg,/Users/ujjwalsinha/Gastrointestinal-Disease-Detection/dataset/kvasir-seg/images/cju8dk7eztzup08182yxko5zh.jpg,/Users/ujjwalsinha/Gastrointestinal-Disease-Detection/dataset/kvasir-seg/masks/cju8dk7eztzup08182yxko5zh.jpg,623,528,34317,9843,Yes,1,"polyp: [179,97,356,238]",polyp,623,528
kvasir-seg,cju8dm2cau2km0818jsv9eeq2.jpg,/Users/ujjwalsinha/Gastrointestinal-Disease-Detection/dataset/kvasir-seg/images/cju8dm2cau2km0818jsv9eeq2.jpg,/Users/ujjwalsinha/Gastrointestinal-Disease-Detection/dataset/kvasir-seg/masks/cju8dm2cau2km0818jsv9eeq2.jpg,626,547,37922,10555,Yes,1,"polyp: [88,316,428,547]",polyp,626,547
kvasir-seg,cju8dn0c3u2v50801k8rvq02f.jpg,/Users/ujjwalsinha/Gastrointestinal-Disease-Detection/dataset/kvasir-seg/images/cju8dn0c3u2v50801k8rvq02f.jpg,/Users/ujjwalsinha/Gastrointestinal-Disease-Detection/dataset/kvasir-seg/masks/cju8dn0c3u2v50801k8rvq02f.jpg,1348,1070,128297,42989,Yes,1,"polyp: [166,263,957,1058]",polyp,1348,1070
kvasir-seg,cju8doa16u5gh0818w1ywda3q.jpg,/Users/ujjwalsinha/Gastrointestinal-Disease-Detection/dataset/kvasir-seg/images/cju8doa16u5gh0818w1ywda3q.jpg,/Users/ujjwalsinha/Gastrointestinal-Disease-Detection/dataset/kvasir-seg/masks/cju8doa16u5gh0818w1ywda3q.jpg,622,529,44381,17111,Yes,1,"polyp: [0,0,621,528]",polyp,622,529
kvasir-seg,cju8dpa89u6l80818dj6lldh9.jpg,/Users/ujjwalsinha/Gastrointestinal-Disease-Detection/dataset/kvasir-seg/images/cju8dpa89u6l80818dj6lldh9.jpg,/Users/ujjwalsinha/Gastrointestinal-Disease-Detection/dataset/kvasir-seg/masks/cju8dpa89u6l80818dj6lldh9.jpg,623,529,41774,13558,Yes,1,"polyp: [81,263,361,518]",polyp,623,529
kvasir-seg,cju8dqkrqu83i0818ev74qpxq.jpg,/Users/ujjwalsinha/Gastrointestinal-Disease-Detection/dataset/kvasir-seg/images/cju8dqkrqu83i0818ev74qpxq.jpg,/Users/ujjwalsinha/Gastrointestinal-Disease-Detection/dataset/kvasir-seg/masks/cju8dqkrqu83i0818ev74qpxq.jpg,1348,1070,149511,53787,Yes,1,"polyp: [0,1,1345,996]",polyp,1348,1070
kvasir-seg,cjyzjzssvd8pq0838f4nolj5l.jpg,/Users/ujjwalsinha/Gastrointestinal-Disease-Detection/dataset/kvasir-seg/images/cjyzjzssvd8pq0838f4nolj5l.jpg,/Users/ujjwalsinha/Gastrointestinal-Disease-Detection/dataset/kvasir-seg/masks/cjyzjzssvd8pq0838f4nolj5l.jpg,720,576,191059,11693,Yes,2,"polyp: [131,82,223,337]; polyp: [186,157,188,161]",polyp,720,576
kvasir-seg,cjyzk8qieoboa0848ogj51wwm.jpg,/Users/ujjwalsinha/Gastrointestinal-Disease-Detection/dataset/kvasir-seg/images/cjyzk8qieoboa0848ogj51wwm.jpg,/Users/ujjwalsinha/Gastrointestinal-Disease-Detection/dataset/kvasir-seg/masks/cjyzk8qieoboa0848ogj51wwm.jpg,720,576,155365,20371,Yes,1,"polyp: [51,21,620,531]",polyp,720,576
kvasir-seg,cjyzkmjy8evns070165gf9dmq.jpg,/Users/ujjwalsinha/Gastrointestinal-Disease-Detection/dataset/kvasir-seg/images/cjyzkmjy8evns070165gf9dmq.jpg,/Users/ujjwalsinha/Gastrointestinal-Disease-Detection/dataset/kvasir-seg/masks/cjyzkmjy8evns070165gf9dmq.jpg,720,576,131757,13063,Yes,1,"polyp: [166,134,377,387]",polyp,720,576
kvasir-seg,cjyzkpsbjdsjq07211dfi4sru.jpg,/Users/ujjwalsinha/Gastrointestinal-Disease-Detection/dataset/kvasir-seg/images/cjyzkpsbjdsjq07211dfi4sru.jpg,/Users/ujjwalsinha/Gastrointestinal-Disease-Detection/dataset/kvasir-seg/masks/cjyzkpsbjdsjq07211dfi4sru.jpg,720,576,154080,10010,Yes,1,"polyp: [280,103,458,188]",polyp,720,576
kvasir-seg,cjyzl833ndne80838pzuq6ila.jpg,/Users/ujjwalsinha/Gastrointestinal-Disease-Detection/dataset/kvasir-seg/images/cjyzl833ndne80838pzuq6ila.jpg,/Users/ujjwalsinha/Gastrointestinal-Disease-Detection/dataset/kvasir-seg/masks/cjyzl833ndne80838pzuq6ila.jpg,720,576,213751,14225,Yes,1,"polyp: [216,50,443,377]",polyp,720,576
kvasir-seg,cjyzlw7f9faqr070129au64sq.jpg,/Users/ujjwalsinha/Gastrointestinal-Disease-Detection/dataset/kvasir-seg/images/cjyzlw7f9faqr070129au64sq.jpg,/Users/ujjwalsinha/Gastrointestinal-Disease-Detection/dataset/kvasir-seg/masks/cjyzlw7f9faqr070129au64sq.jpg,720,576,175544,13153,Yes,1,"polyp: [212,98,429,343]",polyp,720,576
kvasir-seg,cjyztzaqtrv430848l8xgcerw.jpg,/Users/ujjwalsinha/Gastrointestinal-Disease-Detection/dataset/kvasir-seg/images/cjyztzaqtrv430848l8xgcerw.jpg,/Users/ujjwalsinha/Gastrointestinal-Disease-Detection/dataset/kvasir-seg/masks/cjyztzaqtrv430848l8xgcerw.jpg,720,576,137731,15986,Yes,1,"polyp: [248,179,647,504]",polyp,720,576
kvasir-seg,cjyzu3reghjya0794w7pwoi50.jpg,/Users/ujjwalsinha/Gastrointestinal-Disease-Detection/dataset/kvasir-seg/images/cjyzu3reghjya0794w7pwoi50.jpg,/Users/ujjwalsinha/Gastrointestinal-Disease-Detection/dataset/kvasir-seg/masks/cjyzu3reghjya0794w7pwoi50.jpg,720,576,159777,15220,Yes,1,"polyp: [344,75,614,365]",polyp,720,576
kvasir-seg,cjyzu9th0qt4r0a46pyl4zik0.jpg,/Users/ujjwalsinha/Gastrointestinal-Disease-Detection/dataset/kvasir-seg/images/cjyzu9th0qt4r0a46pyl4zik0.jpg,/Users/ujjwalsinha/Gastrointestinal-Disease-Detection/dataset/kvasir-seg/masks/cjyzu9th0qt4r0a46pyl4zik0.jpg,720,576,161188,12747,Yes,1,"polyp: [52,116,258,341]",polyp,720,576
kvasir-seg,cjyzufihqquiw0a46jatrbwln.jpg,/Users/ujjwalsinha/Gastrointestinal-Disease-Detection/dataset/kvasir-seg/images/cjyzufihqquiw0a46jatrbwln.jpg,/Users/ujjwalsinha/Gastrointestinal-Disease-Detection/dataset/kvasir-seg/masks/cjyzufihqquiw0a46jatrbwln.jpg,720,576,182111,18194,Yes,1,"polyp: [226,41,657,557]",polyp,720,576
kvasir-seg,cjyzuio1qgh040763k56deohv.jpg,/Users/ujjwalsinha/Gastrointestinal-Disease-Detection/dataset/kvasir-seg/images/cjyzuio1qgh040763k56deohv.jpg,/Users/ujjwalsinha/Gastrointestinal-Disease-Detection/dataset/kvasir-seg/masks/cjyzuio1qgh040763k56deohv.jpg,720,576,185931,9387,Yes,1,"polyp: [271,218,351,312]",polyp,720,576
kvasir-seg,cjyzul1qggwwj07216mhiv5sy.jpg,/Users/ujjwalsinha/Gastrointestinal-Disease-Detection/dataset/kvasir-seg/images/cjyzul1qggwwj07216mhiv5sy.jpg,/Users/ujjwalsinha/Gastrointestinal-Disease-Detection/dataset/kvasir-seg/masks/cjyzul1qggwwj07216mhiv5sy.jpg,1920,1072,454713,41156,Yes,1,"polyp: [667,413,1007,763]",polyp,1920,1072
kvasir-seg,cjyzurzvohqnr0794es1itzek.jpg,/Users/ujjwalsinha/Gastrointestinal-Disease-Detection/dataset/kvasir-seg/images/cjyzurzvohqnr0794es1itzek.jpg,/Users/ujjwalsinha/Gastrointestinal-Disease-Detection/dataset/kvasir-seg/masks/cjyzurzvohqnr0794es1itzek.jpg,720,576,137808,14082,Yes,1,"polyp: [326,145,553,487]",polyp,720,576
kvasir-seg,cjz14qsk2wci60794un9ozwmw.jpg,/Users/ujjwalsinha/Gastrointestinal-Disease-Detection/dataset/kvasir-seg/images/cjz14qsk2wci60794un9ozwmw.jpg,/Users/ujjwalsinha/Gastrointestinal-Disease-Detection/dataset/kvasir-seg/masks/cjz14qsk2wci60794un9ozwmw.jpg,720,576,197525,13184,Yes,1,"polyp: [205,198,430,487]",polyp,720,576
kvasir-seg,ck2395w2mb4vu07480otsu6tw.jpg,/Users/ujjwalsinha/Gastrointestinal-Disease-Detection/dataset/kvasir-seg/images/ck2395w2mb4vu07480otsu6tw.jpg,/Users/ujjwalsinha/Gastrointestinal-Disease-Detection/dataset/kvasir-seg/masks/ck2395w2mb4vu07480otsu6tw.jpg,720,576,172630,12626,Yes,1,"polyp: [348,273,592,553]",polyp,720,576
kvasir-seg,ck2bxiswtxuw80838qkisqjwz.jpg,/Users/ujjwalsinha/Gastrointestinal-Disease-Detection/dataset/kvasir-seg/images/ck2bxiswtxuw80838qkisqjwz.jpg,/Users/ujjwalsinha/Gastrointestinal-Disease-Detection/dataset/kvasir-seg/masks/ck2bxiswtxuw80838qkisqjwz.jpg,621,520,31882,22930,Yes,2,"polyp: [0,7,557,494]; polyp: [432,144,443,147]",polyp,621,520
kvasir-seg,ck2bxknhjvs1x0794iogrq49k.jpg,/Users/ujjwalsinha/Gastrointestinal-Disease-Detection/dataset/kvasir-seg/images/ck2bxknhjvs1x0794iogrq49k.jpg,/Users/ujjwalsinha/Gastrointestinal-Disease-Detection/dataset/kvasir-seg/masks/ck2bxknhjvs1x0794iogrq49k.jpg,603,528,27147,12381,Yes,2,"polyp: [380,135,568,387]; polyp: [329,207,372,263]",polyp,603,528
kvasir-seg,ck2bxlujamu330725szlc2jdu.jpg,/Users/ujjwalsinha/Gastrointestinal-Disease-Detection/dataset/kvasir-seg/images/ck2bxlujamu330725szlc2jdu.jpg,/Users/ujjwalsinha/Gastrointestinal-Disease-Detection/dataset/kvasir-seg/masks/ck2bxlujamu330725szlc2jdu.jpg,720,576,170555,10766,Yes,1,"polyp: [363,387,508,546]",polyp,720,576
kvasir-seg,ck2bxpfgxu2mk0748gsh7xelu.jpg,/Users/ujjwalsinha/Gastrointestinal-Disease-Detection/dataset/kvasir-seg/images/ck2bxpfgxu2mk0748gsh7xelu.jpg,/Users/ujjwalsinha/Gastrointestinal-Disease-Detection/dataset/kvasir-seg/masks/ck2bxpfgxu2mk0748gsh7xelu.jpg,621,531,31749,12286,Yes,1,"polyp: [388,260,614,496]",polyp,621,531
kvasir-seg,ck2bxqz3evvg20794iiyv5v2m.jpg,/Users/ujjwalsinha/Gastrointestinal-Disease-Detection/dataset/kvasir-seg/images/ck2bxqz3evvg20794iiyv5v2m.jpg,/Users/ujjwalsinha/Gastrointestinal-Disease-Detection/dataset/kvasir-seg/masks/ck2bxqz3evvg20794iiyv5v2m.jpg,720,576,204412,13299,Yes,1,"polyp: [181,157,406,388]",polyp,720,576
kvasir-seg,ck2bxskgxxzfv08386xkqtqdy.jpg,/Users/ujjwalsinha/Gastrointestinal-Disease-Detection/dataset/kvasir-seg/images/ck2bxskgxxzfv08386xkqtqdy.jpg,/Users/ujjwalsinha/Gastrointestinal-Disease-Detection/dataset/kvasir-seg/masks/ck2bxskgxxzfv08386xkqtqdy.jpg,585,530,29281,11933,Yes,2,"polyp: [296,0,423,198]; polyp: [431,375,502,470]",polyp,585,530
kvasir-seg,ck2bxw18mmz1k0725litqq2mc.jpg,/Users/ujjwalsinha/Gastrointestinal-Disease-Detection/dataset/kvasir-seg/images/ck2bxw18mmz1k0725litqq2mc.jpg,/Users/ujjwalsinha/Gastrointestinal-Disease-Detection/dataset/kvasir-seg/masks/ck2bxw18mmz1k0725litqq2mc.jpg,600,528,37883,15982,Yes,1,"polyp: [16,91,424,428]",polyp,600,528
kvasir-seg,ck2da7fwcjfis07218r1rvm95.jpg,/Users/ujjwalsinha/Gastrointestinal-Disease-Detection/dataset/kvasir-seg/images/ck2da7fwcjfis07218r1rvm95.jpg,/Users/ujjwalsinha/Gastrointestinal-Disease-Detection/dataset/kvasir-seg/masks/ck2da7fwcjfis07218r1rvm95.jpg,720,576,166204,11122,Yes,1,"polyp: [320,205,490,338]",polyp,720,576
kvasir-sessile,cju0qoxqj9q6s0835b43399p4.jpg,/Users/ujjwalsinha/Gastrointestinal-Disease-Detection/dataset/kvasir-sessile/images/cju0qoxqj9q6s0835b43399p4.jpg,/Users/ujjwalsinha/Gastrointestinal-Disease-Detection/dataset/kvasir-sessile/masks/cju0qoxqj9q6s0835b43399p4.jpg,1348,1070,220087,35519,Yes,N/A,N/A,polyp,N/A,N/A
kvasir-sessile,cju0sxqiclckk08551ycbwhno.jpg,/Users/ujjwalsinha/Gastrointestinal-Disease-Detection/dataset/kvasir-sessile/images/cju0sxqiclckk08551ycbwhno.jpg,/Users/ujjwalsinha/Gastrointestinal-Disease-Detection/dataset/kvasir-sessile/masks/cju0sxqiclckk08551ycbwhno.jpg,570,531,52733,7604,Yes,N/A,N/A,polyp,N/A,N/A
kvasir-sessile,cju0tl3uz8blh0993wxvn7ly3.jpg,/Users/ujjwalsinha/Gastrointestinal-Disease-Detection/dataset/kvasir-sessile/images/cju0tl3uz8blh0993wxvn7ly3.jpg,/Users/ujjwalsinha/Gastrointestinal-Disease-Detection/dataset/kvasir-sessile/masks/cju0tl3uz8blh0993wxvn7ly3.jpg,622,529,67558,5552,Yes,N/A,N/A,polyp,N/A,N/A
kvasir-sessile,cju13hp5rnbjx0835bf0jowgx.jpg,/Users/ujjwalsinha/Gastrointestinal-Disease-Detection/dataset/kvasir-sessile/images/cju13hp5rnbjx0835bf0jowgx.jpg,/Users/ujjwalsinha/Gastrointestinal-Disease-Detection/dataset/kvasir-sessile/masks/cju13hp5rnbjx0835bf0jowgx.jpg,622,531,47860,9620,Yes,N/A,N/A,polyp,N/A,N/A
kvasir-sessile,cju14g8o4xui30878gkgbrvqj.jpg,/Users/ujjwalsinha/Gastrointestinal-Disease-Detection/dataset/kvasir-sessile/images/cju14g8o4xui30878gkgbrvqj.jpg,/Users/ujjwalsinha/Gastrointestinal-Disease-Detection/dataset/kvasir-sessile/masks/cju14g8o4xui30878gkgbrvqj.jpg,622,531,65523,7220,Yes,N/A,N/A,polyp,N/A,N/A
kvasir-sessile,cju15l5ubz9yh0855b3ivdpse.jpg,/Users/ujjwalsinha/Gastrointestinal-Disease-Detection/dataset/kvasir-sessile/images/cju15l5ubz9yh0855b3ivdpse.jpg,/Users/ujjwalsinha/Gastrointestinal-Disease-Detection/dataset/kvasir-sessile/masks/cju15l5ubz9yh0855b3ivdpse.jpg,626,547,67979,7859,Yes,N/A,N/A,polyp,N/A,N/A
kvasir-sessile,cju15mhjczc8z0801kit5c6di.jpg,/Users/ujjwalsinha/Gastrointestinal-Disease-Detection/dataset/kvasir-sessile/images/cju15mhjczc8z0801kit5c6di.jpg,/Users/ujjwalsinha/Gastrointestinal-Disease-Detection/dataset/kvasir-sessile/masks/cju15mhjczc8z0801kit5c6di.jpg,624,546,59619,10515,Yes,N/A,N/A,polyp,N/A,N/A
kvasir-sessile,cju160wshltz10993i1gmqxbe.jpg,/Users/ujjwalsinha/Gastrointestinal-Disease-Detection/dataset/kvasir-sessile/images/cju160wshltz10993i1gmqxbe.jpg,/Users/ujjwalsinha/Gastrointestinal-Disease-Detection/dataset/kvasir-sessile/masks/cju160wshltz10993i1gmqxbe.jpg,607,530,51807,6768,Yes,N/A,N/A,polyp,N/A,N/A
kvasir-sessile,cju16b6ynq8e40988m8vx0xnj.jpg,/Users/ujjwalsinha/Gastrointestinal-Disease-Detection/dataset/kvasir-sessile/images/cju16b6ynq8e40988m8vx0xnj.jpg,/Users/ujjwalsinha/Gastrointestinal-Disease-Detection/dataset/kvasir-sessile/masks/cju16b6ynq8e40988m8vx0xnj.jpg,571,530,49292,6005,Yes,N/A,N/A,polyp,N/A,N/A
kvasir-sessile,cju16whaj0e7n0855q7b6cjkm.jpg,/Users/ujjwalsinha/Gastrointestinal-Disease-Detection/dataset/kvasir-sessile/images/cju16whaj0e7n0855q7b6cjkm.jpg,/Users/ujjwalsinha/Gastrointestinal-Disease-Detection/dataset/kvasir-sessile/masks/cju16whaj0e7n0855q7b6cjkm.jpg,626,547,67269,18475,Yes,N/A,N/A,polyp,N/A,N/A
kvasir-sessile,cju17hw9hr9c5098800fu4u8e.jpg,/Users/ujjwalsinha/Gastrointestinal-Disease-Detection/dataset/kvasir-sessile/images/cju17hw9hr9c5098800fu4u8e.jpg,/Users/ujjwalsinha/Gastrointestinal-Disease-Detection/dataset/kvasir-sessile/masks/cju17hw9hr9c5098800fu4u8e.jpg,623,528,64804,6457,Yes,N/A,N/A,polyp,N/A,N/A
kvasir-sessile,cju17r8il13910799dr2wme2e.jpg,/Users/ujjwalsinha/Gastrointestinal-Disease-Detection/dataset/kvasir-sessile/images/cju17r8il13910799dr2wme2e.jpg,/Users/ujjwalsinha/Gastrointestinal-Disease-Detection/dataset/kvasir-sessile/masks/cju17r8il13910799dr2wme2e.jpg,622,531,58526,6033,Yes,N/A,N/A,polyp,N/A,N/A
kvasir-sessile,cju18gzrq18zw0878wbf4ftw6.jpg,/Users/ujjwalsinha/Gastrointestinal-Disease-Detection/dataset/kvasir-sessile/images/cju18gzrq18zw0878wbf4ftw6.jpg,/Users/ujjwalsinha/Gastrointestinal-Disease-Detection/dataset/kvasir-sessile/masks/cju18gzrq18zw0878wbf4ftw6.jpg,626,546,63906,10193,Yes,N/A,N/A,polyp,N/A,N/A
kvasir-sessile,cju18ibp219ub08783i6o98g7.jpg,/Users/ujjwalsinha/Gastrointestinal-Disease-Detection/dataset/kvasir-sessile/images/cju18ibp219ub08783i6o98g7.jpg,/Users/ujjwalsinha/Gastrointestinal-Disease-Detection/dataset/kvasir-sessile/masks/cju18ibp219ub08783i6o98g7.jpg,615,528,69342,6306,Yes,N/A,N/A,polyp,N/A,N/A
kvasir-sessile,cju18kevfrojc0835bn90f1in.jpg,/Users/ujjwalsinha/Gastrointestinal-Disease-Detection/dataset/kvasir-sessile/images/cju18kevfrojc0835bn90f1in.jpg,/Users/ujjwalsinha/Gastrointestinal-Disease-Detection/dataset/kvasir-sessile/masks/cju18kevfrojc0835bn90f1in.jpg,621,528,70823,8937,Yes,N/A,N/A,polyp,N/A,N/A
kvasir-sessile,cju1amqw6p8pw0993d9gc5crl.jpg,/Users/ujjwalsinha/Gastrointestinal-Disease-Detection/dataset/kvasir-sessile/images/cju1amqw6p8pw0993d9gc5crl.jpg,/Users/ujjwalsinha/Gastrointestinal-Disease-Detection/dataset/kvasir-sessile/masks/cju1amqw6p8pw0993d9gc5crl.jpg,622,547,55313,6934,Yes,N/A,N/A,polyp,N/A,N/A
kvasir-sessile,cju1b0y2e396p08558ois175d.jpg,/Users/ujjwalsinha/Gastrointestinal-Disease-Detection/dataset/kvasir-sessile/images/cju1b0y2e396p08558ois175d.jpg,/Users/ujjwalsinha/Gastrointestinal-Disease-Detection/dataset/kvasir-sessile/masks/cju1b0y2e396p08558ois175d.jpg,626,546,53025,8066,Yes,N/A,N/A,polyp,N/A,N/A
kvasir-sessile,cju1brhsj3rls0855a1vgdlen.jpg,/Users/ujjwalsinha/Gastrointestinal-Disease-Detection/dataset/kvasir-sessile/images/cju1brhsj3rls0855a1vgdlen.jpg,/Users/ujjwalsinha/Gastrointestinal-Disease-Detection/dataset/kvasir-sessile/masks/cju1brhsj3rls0855a1vgdlen.jpg,570,530,55822,7492,Yes,N/A,N/A,polyp,N/A,N/A
kvasir-sessile,cju1c0qb4tzi308355wtsnp0y.jpg,/Users/ujjwalsinha/Gastrointestinal-Disease-Detection/dataset/kvasir-sessile/images/cju1c0qb4tzi308355wtsnp0y.jpg,/Users/ujjwalsinha/Gastrointestinal-Disease-Detection/dataset/kvasir-sessile/masks/cju1c0qb4tzi308355wtsnp0y.jpg,622,530,54017,14401,Yes,N/A,N/A,polyp,N/A,N/A
kvasir-sessile,cju1c4fcu40hl07992b8gj0c8.jpg,/Users/ujjwalsinha/Gastrointestinal-Disease-Detection/dataset/kvasir-sessile/images/cju1c4fcu40hl07992b8gj0c8.jpg,/Users/ujjwalsinha/Gastrointestinal-Disease-Detection/dataset/kvasir-sessile/masks/cju1c4fcu40hl07992b8gj0c8.jpg,626,546,72797,8310,Yes,N/A,N/A,polyp,N/A,N/A
kvasir-sessile,cju1c8ffau5770835g0g343o8.jpg,/Users/ujjwalsinha/Gastrointestinal-Disease-Detection/dataset/kvasir-sessile/images/cju1c8ffau5770835g0g343o8.jpg,/Users/ujjwalsinha/Gastrointestinal-Disease-Detection/dataset/kvasir-sessile/masks/cju1c8ffau5770835g0g343o8.jpg,622,529,90781,7669,Yes,N/A,N/A,polyp,N/A,N/A
kvasir-sessile,cju1cbokpuiw70988j4lq1fpi.jpg,/Users/ujjwalsinha/Gastrointestinal-Disease-Detection/dataset/kvasir-sessile/images/cju1cbokpuiw70988j4lq1fpi.jpg,/Users/ujjwalsinha/Gastrointestinal-Disease-Detection/dataset/kvasir-sessile/masks/cju1cbokpuiw70988j4lq1fpi.jpg,615,529,70846,7980,Yes,N/A,N/A,polyp,N/A,N/A
kvasir-sessile,cju1cfhyg48bb0799cl5pr2jh.jpg,/Users/ujjwalsinha/Gastrointestinal-Disease-Detection/dataset/kvasir-sessile/images/cju1cfhyg48bb0799cl5pr2jh.jpg,/Users/ujjwalsinha/Gastrointestinal-Disease-Detection/dataset/kvasir-sessile/masks/cju1cfhyg48bb0799cl5pr2jh.jpg,626,547,66659,11589,Yes,N/A,N/A,polyp,N/A,N/A
kvasir-sessile,cju1cu1u2474n0878tt7v4tdr.jpg,/Users/ujjwalsinha/Gastrointestinal-Disease-Detection/dataset/kvasir-sessile/images/cju1cu1u2474n0878tt7v4tdr.jpg,/Users/ujjwalsinha/Gastrointestinal-Disease-Detection/dataset/kvasir-sessile/masks/cju1cu1u2474n0878tt7v4tdr.jpg,621,531,57210,7681,Yes,N/A,N/A,polyp,N/A,N/A
kvasir-sessile,cju1cvkfwqrec0993wbp1jlzm.jpg,/Users/ujjwalsinha/Gastrointestinal-Disease-Detection/dataset/kvasir-sessile/images/cju1cvkfwqrec0993wbp1jlzm.jpg,/Users/ujjwalsinha/Gastrointestinal-Disease-Detection/dataset/kvasir-sessile/masks/cju1cvkfwqrec0993wbp1jlzm.jpg,622,531,43562,7704,Yes,N/A,N/A,polyp,N/A,N/A
kvasir-sessile,cju1dia8hvc6v098827mgffnm.jpg,/Users/ujjwalsinha/Gastrointestinal-Disease-Detection/dataset/kvasir-sessile/images/cju1dia8hvc6v098827mgffnm.jpg,/Users/ujjwalsinha/Gastrointestinal-Disease-Detection/dataset/kvasir-sessile/masks/cju1dia8hvc6v098827mgffnm.jpg,616,528,80048,7192,Yes,N/A,N/A,polyp,N/A,N/A
kvasir-sessile,cju1egh885m1l0855ci1lt37c.jpg,/Users/ujjwalsinha/Gastrointestinal-Disease-Detection/dataset/kvasir-sessile/images/cju1egh885m1l0855ci1lt37c.jpg,/Users/ujjwalsinha/Gastrointestinal-Disease-Detection/dataset/kvasir-sessile/masks/cju1egh885m1l0855ci1lt37c.jpg,566,531,37359,6642,Yes,N/A,N/A,polyp,N/A,N/A
kvasir-sessile,cju1f79yhsb5w0993txub59ol.jpg,/Users/ujjwalsinha/Gastrointestinal-Disease-Detection/dataset/kvasir-sessile/images/cju1f79yhsb5w0993txub59ol.jpg,/Users/ujjwalsinha/Gastrointestinal-Disease-Detection/dataset/kvasir-sessile/masks/cju1f79yhsb5w0993txub59ol.jpg,623,528,92351,5873,Yes,N/A,N/A,polyp,N/A,N/A
kvasir-sessile,cju1fjsb4sipq09931lvd8e41.jpg,/Users/ujjwalsinha/Gastrointestinal-Disease-Detection/dataset/kvasir-sessile/images/cju1fjsb4sipq09931lvd8e41.jpg,/Users/ujjwalsinha/Gastrointestinal-Disease-Detection/dataset/kvasir-sessile/masks/cju1fjsb4sipq09931lvd8e41.jpg,622,530,53160,8111,Yes,N/A,N/A,polyp,N/A,N/A
kvasir-sessile,cju1fm3id6gl50801r3fok20c.jpg,/Users/ujjwalsinha/Gastrointestinal-Disease-Detection/dataset/kvasir-sessile/images/cju1fm3id6gl50801r3fok20c.jpg,/Users/ujjwalsinha/Gastrointestinal-Disease-Detection/dataset/kvasir-sessile/masks/cju1fm3id6gl50801r3fok20c.jpg,622,531,48309,6954,Yes,N/A,N/A,polyp,N/A,N/A
kvasir-sessile,cju1fyb1d69et0878muzdak9u.jpg,/Users/ujjwalsinha/Gastrointestinal-Disease-Detection/dataset/kvasir-sessile/images/cju1fyb1d69et0878muzdak9u.jpg,/Users/ujjwalsinha/Gastrointestinal-Disease-Detection/dataset/kvasir-sessile/masks/cju1fyb1d69et0878muzdak9u.jpg,622,528,91032,9951,Yes,N/A,N/A,polyp,N/A,N/A
kvasir-sessile,cju1hhj6mxfp90835n3wofrap.jpg,/Users/ujjwalsinha/Gastrointestinal-Disease-Detection/dataset/kvasir-sessile/images/cju1hhj6mxfp90835n3wofrap.jpg,/Users/ujjwalsinha/Gastrointestinal-Disease-Detection/dataset/kvasir-sessile/masks/cju1hhj6mxfp90835n3wofrap.jpg,622,530,53115,7638,Yes,N/A,N/A,polyp,N/A,N/A
kvasir-sessile,cju2hfqnmhisa0993gpleeldd.jpg,/Users/ujjwalsinha/Gastrointestinal-Disease-Detection/dataset/kvasir-sessile/images/cju2hfqnmhisa0993gpleeldd.jpg,/Users/ujjwalsinha/Gastrointestinal-Disease-Detection/dataset/kvasir-sessile/masks/cju2hfqnmhisa0993gpleeldd.jpg,621,530,59043,7309,Yes,N/A,N/A,polyp,N/A,N/A
kvasir-sessile,cju2hgsptlfam0835o3b59h1o.jpg,/Users/ujjwalsinha/Gastrointestinal-Disease-Detection/dataset/kvasir-sessile/images/cju2hgsptlfam0835o3b59h1o.jpg,/Users/ujjwalsinha/Gastrointestinal-Disease-Detection/dataset/kvasir-sessile/masks/cju2hgsptlfam0835o3b59h1o.jpg,530,528,63239,6124,Yes,N/A,N/A,polyp,N/A,N/A
kvasir-sessile,cju2hjrqcvi2j0801bx1i6gxg.jpg,/Users/ujjwalsinha/Gastrointestinal-Disease-Detection/dataset/kvasir-sessile/images/cju2hjrqcvi2j0801bx1i6gxg.jpg,/Users/ujjwalsinha/Gastrointestinal-Disease-Detection/dataset/kvasir-sessile/masks/cju2hjrqcvi2j0801bx1i6gxg.jpg,599,531,63000,6919,Yes,N/A,N/A,polyp,N/A,N/A
kvasir-sessile,cju2hugv9vget0799hhk7ksvg.jpg,/Users/ujjwalsinha/Gastrointestinal-Disease-Detection/dataset/kvasir-sessile/images/cju2hugv9vget0799hhk7ksvg.jpg,/Users/ujjwalsinha/Gastrointestinal-Disease-Detection/dataset/kvasir-sessile/masks/cju2hugv9vget0799hhk7ksvg.jpg,613,529,77049,6352,Yes,N/A,N/A,polyp,N/A,N/A
kvasir-sessile,cju2lyynuymli0855g7fxgbhe.jpg,/Users/ujjwalsinha/Gastrointestinal-Disease-Detection/dataset/kvasir-sessile/images/cju2lyynuymli0855g7fxgbhe.jpg,/Users/ujjwalsinha/Gastrointestinal-Disease-Detection/dataset/kvasir-sessile/masks/cju2lyynuymli0855g7fxgbhe.jpg,612,519,44356,7820,Yes,N/A,N/A,polyp,N/A,N/A
kvasir-sessile,cju2m56cryvqd0801gtn2yp8t.jpg,/Users/ujjwalsinha/Gastrointestinal-Disease-Detection/dataset/kvasir-sessile/images/cju2m56cryvqd0801gtn2yp8t.jpg,/Users/ujjwalsinha/Gastrointestinal-Disease-Detection/dataset/kvasir-sessile/masks/cju2m56cryvqd0801gtn2yp8t.jpg,616,546,70985,7444,Yes,N/A,N/A,polyp,N/A,N/A
kvasir-sessile,cju2nbdpmlmcj0993s1cht0dz.jpg,/Users/ujjwalsinha/Gastrointestinal-Disease-Detection/dataset/kvasir-sessile/images/cju2nbdpmlmcj0993s1cht0dz.jpg,/Users/ujjwalsinha/Gastrointestinal-Disease-Detection/dataset/kvasir-sessile/masks/cju2nbdpmlmcj0993s1cht0dz.jpg,584,530,56298,13407,Yes,N/A,N/A,polyp,N/A,N/A
kvasir-sessile,cju2ouil2mssu0993hvxsed6d.jpg,/Users/ujjwalsinha/Gastrointestinal-Disease-Detection/dataset/kvasir-sessile/images/cju2ouil2mssu0993hvxsed6d.jpg,/Users/ujjwalsinha/Gastrointestinal-Disease-Detection/dataset/kvasir-sessile/masks/cju2ouil2mssu0993hvxsed6d.jpg,605,511,73419,7122,Yes,N/A,N/A,polyp,N/A,N/A
kvasir-sessile,cju2p4ddkmzxj0993p94o62av.jpg,/Users/ujjwalsinha/Gastrointestinal-Disease-Detection/dataset/kvasir-sessile/images/cju2p4ddkmzxj0993p94o62av.jpg,/Users/ujjwalsinha/Gastrointestinal-Disease-Detection/dataset/kvasir-sessile/masks/cju2p4ddkmzxj0993p94o62av.jpg,592,529,85265,8662,Yes,N/A,N/A,polyp,N/A,N/A
kvasir-sessile,cju2qu37qobl50993aw7ghcfq.jpg,/Users/ujjwalsinha/Gastrointestinal-Disease-Detection/dataset/kvasir-sessile/images/cju2qu37qobl50993aw7ghcfq.jpg,/Users/ujjwalsinha/Gastrointestinal-Disease-Detection/dataset/kvasir-sessile/masks/cju2qu37qobl50993aw7ghcfq.jpg,543,528,43640,7136,Yes,N/A,N/A,polyp,N/A,N/A
kvasir-sessile,cju2rmd2rsw9g09888hh1efu0.jpg,/Users/ujjwalsinha/Gastrointestinal-Disease-Detection/dataset/kvasir-sessile/images/cju2rmd2rsw9g09888hh1efu0.jpg,/Users/ujjwalsinha/Gastrointestinal-Disease-Detection/dataset/kvasir-sessile/masks/cju2rmd2rsw9g09888hh1efu0.jpg,570,531,92273,5275,Yes,N/A,N/A,polyp,N/A,N/A
kvasir-sessile,cju2rn0hasxri0835nfy3buay.jpg,/Users/ujjwalsinha/Gastrointestinal-Disease-Detection/dataset/kvasir-sessile/images/cju2rn0hasxri0835nfy3buay.jpg,/Users/ujjwalsinha/Gastrointestinal-Disease-Detection/dataset/kvasir-sessile/masks/cju2rn0hasxri0835nfy3buay.jpg,622,531,59799,6886,Yes,N/A,N/A,polyp,N/A,N/A
kvasir-sessile,cju2rnkt22xep0801as160g9t.jpg,/Users/ujjwalsinha/Gastrointestinal-Disease-Detection/dataset/kvasir-sessile/images/cju2rnkt22xep0801as160g9t.jpg,/Users/ujjwalsinha/Gastrointestinal-Disease-Detection/dataset/kvasir-sessile/masks/cju2rnkt22xep0801as160g9t.jpg,558,454,39658,7170,Yes,N/A,N/A,polyp,N/A,N/A
kvasir-sessile,cju2rxm8rpbaf0993o3qr2oph.jpg,/Users/ujjwalsinha/Gastrointestinal-Disease-Detection/dataset/kvasir-sessile/images/cju2rxm8rpbaf0993o3qr2oph.jpg,/Users/ujjwalsinha/Gastrointestinal-Disease-Detection/dataset/kvasir-sessile/masks/cju2rxm8rpbaf0993o3qr2oph.jpg,571,531,56484,7040,Yes,N/A,N/A,polyp,N/A,N/A
kvasir-sessile,cju2rzpsmtb0f0835jabkbao1.jpg,/Users/ujjwalsinha/Gastrointestinal-Disease-Detection/dataset/kvasir-sessile/images/cju2rzpsmtb0f0835jabkbao1.jpg,/Users/ujjwalsinha/Gastrointestinal-Disease-Detection/dataset/kvasir-sessile/masks/cju2rzpsmtb0f0835jabkbao1.jpg,528,528,67289,5986,Yes,N/A,N/A,polyp,N/A,N/A
kvasir-sessile,cju2s2527pfyr0993l3h1149a.jpg,/Users/ujjwalsinha/Gastrointestinal-Disease-Detection/dataset/kvasir-sessile/images/cju2s2527pfyr0993l3h1149a.jpg,/Users/ujjwalsinha/Gastrointestinal-Disease-Detection/dataset/kvasir-sessile/masks/cju2s2527pfyr0993l3h1149a.jpg,622,529,74420,6565,Yes,N/A,N/A,polyp,N/A,N/A
kvasir-sessile,cju2syxa93yw40799x2iuwabz.jpg,/Users/ujjwalsinha/Gastrointestinal-Disease-Detection/dataset/kvasir-sessile/images/cju2syxa93yw40799x2iuwabz.jpg,/Users/ujjwalsinha/Gastrointestinal-Disease-Detection/dataset/kvasir-sessile/masks/cju2syxa93yw40799x2iuwabz.jpg,602,474,65595,6261,Yes,N/A,N/A,polyp,N/A,N/A
kvasir-sessile,cju2t2ivz43i10878zeg8r1br.jpg,/Users/ujjwalsinha/Gastrointestinal-Disease-Detection/dataset/kvasir-sessile/images/cju2t2ivz43i10878zeg8r1br.jpg,/Users/ujjwalsinha/Gastrointestinal-Disease-Detection/dataset/kvasir-sessile/masks/cju2t2ivz43i10878zeg8r1br.jpg,607,528,76079,7310,Yes,N/A,N/A,polyp,N/A,N/A
kvasir-sessile,cju2t3ibkuecr0835o7si16zv.jpg,/Users/ujjwalsinha/Gastrointestinal-Disease-Detection/dataset/kvasir-sessile/images/cju2t3ibkuecr0835o7si16zv.jpg,/Users/ujjwalsinha/Gastrointestinal-Disease-Detection/dataset/kvasir-sessile/masks/cju2t3ibkuecr0835o7si16zv.jpg,613,530,60246,7383,Yes,N/A,N/A,polyp,N/A,N/A
kvasir-sessile,cju2t9tdwuk700835kv0ljmtl.jpg,/Users/ujjwalsinha/Gastrointestinal-Disease-Detection/dataset/kvasir-sessile/images/cju2t9tdwuk700835kv0ljmtl.jpg,/Users/ujjwalsinha/Gastrointestinal-Disease-Detection/dataset/kvasir-sessile/masks/cju2t9tdwuk700835kv0ljmtl.jpg,605,473,39840,10664,Yes,N/A,N/A,polyp,N/A,N/A
kvasir-sessile,cju2ti1du4idn0878giuozonw.jpg,/Users/ujjwalsinha/Gastrointestinal-Disease-Detection/dataset/kvasir-sessile/images/cju2ti1du4idn0878giuozonw.jpg,/Users/ujjwalsinha/Gastrointestinal-Disease-Detection/dataset/kvasir-sessile/masks/cju2ti1du4idn0878giuozonw.jpg,571,530,45735,9373,Yes,N/A,N/A,polyp,N/A,N/A
kvasir-sessile,cju2tpfa5uyx408359datxqqj.jpg,/Users/ujjwalsinha/Gastrointestinal-Disease-Detection/dataset/kvasir-sessile/images/cju2tpfa5uyx408359datxqqj.jpg,/Users/ujjwalsinha/Gastrointestinal-Disease-Detection/dataset/kvasir-sessile/masks/cju2tpfa5uyx408359datxqqj.jpg,622,528,75300,10095,Yes,N/A,N/A,polyp,N/A,N/A
kvasir-sessile,cju2trtjf4qjd0878a2zle9v9.jpg,/Users/ujjwalsinha/Gastrointestinal-Disease-Detection/dataset/kvasir-sessile/images/cju2trtjf4qjd0878a2zle9v9.jpg,/Users/ujjwalsinha/Gastrointestinal-Disease-Detection/dataset/kvasir-sessile/masks/cju2trtjf4qjd0878a2zle9v9.jpg,598,528,57122,6524,Yes,N/A,N/A,polyp,N/A,N/A
kvasir-sessile,cju2tvrvm53ws0801a0jfjdxg.jpg,/Users/ujjwalsinha/Gastrointestinal-Disease-Detection/dataset/kvasir-sessile/images/cju2tvrvm53ws0801a0jfjdxg.jpg,/Users/ujjwalsinha/Gastrointestinal-Disease-Detection/dataset/kvasir-sessile/masks/cju2tvrvm53ws0801a0jfjdxg.jpg,568,531,58571,10561,Yes,N/A,N/A,polyp,N/A,N/A
kvasir-sessile,cju2u73dj53oz0878486k8k4b.jpg,/Users/ujjwalsinha/Gastrointestinal-Disease-Detection/dataset/kvasir-sessile/images/cju2u73dj53oz0878486k8k4b.jpg,/Users/ujjwalsinha/Gastrointestinal-Disease-Detection/dataset/kvasir-sessile/masks/cju2u73dj53oz0878486k8k4b.jpg,524,529,52371,9103,Yes,N/A,N/A,polyp,N/A,N/A
kvasir-sessile,cju2ulk385h170799rlklxob0.jpg,/Users/ujjwalsinha/Gastrointestinal-Disease-Detection/dataset/kvasir-sessile/images/cju2ulk385h170799rlklxob0.jpg,/Users/ujjwalsinha/Gastrointestinal-Disease-Detection/dataset/kvasir-sessile/masks/cju2ulk385h170799rlklxob0.jpg,596,528,72037,14160,Yes,N/A,N/A,polyp,N/A,N/A
kvasir-sessile,cju2urqpwvxw70835rvndvtsi.jpg,/Users/ujjwalsinha/Gastrointestinal-Disease-Detection/dataset/kvasir-sessile/images/cju2urqpwvxw70835rvndvtsi.jpg,/Users/ujjwalsinha/Gastrointestinal-Disease-Detection/dataset/kvasir-sessile/masks/cju2urqpwvxw70835rvndvtsi.jpg,626,474,67533,6903,Yes,N/A,N/A,polyp,N/A,N/A
kvasir-sessile,cju2uzabhs6er0993x3aaf87p.jpg,/Users/ujjwalsinha/Gastrointestinal-Disease-Detection/dataset/kvasir-sessile/images/cju2uzabhs6er0993x3aaf87p.jpg,/Users/ujjwalsinha/Gastrointestinal-Disease-Detection/dataset/kvasir-sessile/masks/cju2uzabhs6er0993x3aaf87p.jpg,612,528,80396,11152,Yes,N/A,N/A,polyp,N/A,N/A
kvasir-sessile,cju2wxv0hxs2f09884w48v8fi.jpg,/Users/ujjwalsinha/Gastrointestinal-Disease-Detection/dataset/kvasir-sessile/images/cju2wxv0hxs2f09884w48v8fi.jpg,/Users/ujjwalsinha/Gastrointestinal-Disease-Detection/dataset/kvasir-sessile/masks/cju2wxv0hxs2f09884w48v8fi.jpg,622,529,75975,6453,Yes,N/A,N/A,polyp,N/A,N/A
kvasir-sessile,cju2xwm1s84l50799i60mq0pu.jpg,/Users/ujjwalsinha/Gastrointestinal-Disease-Detection/dataset/kvasir-sessile/images/cju2xwm1s84l50799i60mq0pu.jpg,/Users/ujjwalsinha/Gastrointestinal-Disease-Detection/dataset/kvasir-sessile/masks/cju2xwm1s84l50799i60mq0pu.jpg,626,547,66363,8190,Yes,N/A,N/A,polyp,N/A,N/A
kvasir-sessile,cju2yi9tz8vky0801yqip0xyl.jpg,/Users/ujjwalsinha/Gastrointestinal-Disease-Detection/dataset/kvasir-sessile/images/cju2yi9tz8vky0801yqip0xyl.jpg,/Users/ujjwalsinha/Gastrointestinal-Disease-Detection/dataset/kvasir-sessile/masks/cju2yi9tz8vky0801yqip0xyl.jpg,616,528,78500,12513,Yes,N/A,N/A,polyp,N/A,N/A
kvasir-sessile,cju2zdvjn9h7r08553cp4eed5.jpg,/Users/ujjwalsinha/Gastrointestinal-Disease-Detection/dataset/kvasir-sessile/images/cju2zdvjn9h7r08553cp4eed5.jpg,/Users/ujjwalsinha/Gastrointestinal-Disease-Detection/dataset/kvasir-sessile/masks/cju2zdvjn9h7r08553cp4eed5.jpg,401,415,29402,5198,Yes,N/A,N/A,polyp,N/A,N/A
kvasir-sessile,cju2zkpdl9h7t0799ix60teqg.jpg,/Users/ujjwalsinha/Gastrointestinal-Disease-Detection/dataset/kvasir-sessile/images/cju2zkpdl9h7t0799ix60teqg.jpg,/Users/ujjwalsinha/Gastrointestinal-Disease-Detection/dataset/kvasir-sessile/masks/cju2zkpdl9h7t0799ix60teqg.jpg,611,528,67571,7790,Yes,N/A,N/A,polyp,N/A,N/A
kvasir-sessile,cju2zo0fwzv580988qlijd2xa.jpg,/Users/ujjwalsinha/Gastrointestinal-Disease-Detection/dataset/kvasir-sessile/images/cju2zo0fwzv580988qlijd2xa.jpg,/Users/ujjwalsinha/Gastrointestinal-Disease-Detection/dataset/kvasir-sessile/masks/cju2zo0fwzv580988qlijd2xa.jpg,616,530,52512,10988,Yes,N/A,N/A,polyp,N/A,N/A
kvasir-sessile,cju2zp89k9q1g0855k1x0f1xa.jpg,/Users/ujjwalsinha/Gastrointestinal-Disease-Detection/dataset/kvasir-sessile/images/cju2zp89k9q1g0855k1x0f1xa.jpg,/Users/ujjwalsinha/Gastrointestinal-Disease-Detection/dataset/kvasir-sessile/masks/cju2zp89k9q1g0855k1x0f1xa.jpg,622,530,44241,6971,Yes,N/A,N/A,polyp,N/A,N/A
kvasir-sessile,cju2zpw4q9vzr0801p0lysjdl.jpg,/Users/ujjwalsinha/Gastrointestinal-Disease-Detection/dataset/kvasir-sessile/images/cju2zpw4q9vzr0801p0lysjdl.jpg,/Users/ujjwalsinha/Gastrointestinal-Disease-Detection/dataset/kvasir-sessile/masks/cju2zpw4q9vzr0801p0lysjdl.jpg,605,546,61305,7218,Yes,N/A,N/A,polyp,N/A,N/A
kvasir-sessile,cju2zr3c3vwb00993jn06bbaz.jpg,/Users/ujjwalsinha/Gastrointestinal-Disease-Detection/dataset/kvasir-sessile/images/cju2zr3c3vwb00993jn06bbaz.jpg,/Users/ujjwalsinha/Gastrointestinal-Disease-Detection/dataset/kvasir-sessile/masks/cju2zr3c3vwb00993jn06bbaz.jpg,575,531,51689,7845,Yes,N/A,N/A,polyp,N/A,N/A
kvasir-sessile,cju2zrojo9kcd0878ld2epejq.jpg,/Users/ujjwalsinha/Gastrointestinal-Disease-Detection/dataset/kvasir-sessile/images/cju2zrojo9kcd0878ld2epejq.jpg,/Users/ujjwalsinha/Gastrointestinal-Disease-Detection/dataset/kvasir-sessile/masks/cju2zrojo9kcd0878ld2epejq.jpg,621,531,55028,8057,Yes,N/A,N/A,polyp,N/A,N/A
kvasir-sessile,cju2zy1e49pqk0878t6ncqn12.jpg,/Users/ujjwalsinha/Gastrointestinal-Disease-Detection/dataset/kvasir-sessile/images/cju2zy1e49pqk0878t6ncqn12.jpg,/Users/ujjwalsinha/Gastrointestinal-Disease-Detection/dataset/kvasir-sessile/masks/cju2zy1e49pqk0878t6ncqn12.jpg,622,529,67638,7426,Yes,N/A,N/A,polyp,N/A,N/A
kvasir-sessile,cju306x7w05nb0835cunv799x.jpg,/Users/ujjwalsinha/Gastrointestinal-Disease-Detection/dataset/kvasir-sessile/images/cju306x7w05nb0835cunv799x.jpg,/Users/ujjwalsinha/Gastrointestinal-Disease-Detection/dataset/kvasir-sessile/masks/cju306x7w05nb0835cunv799x.jpg,626,546,65760,10650,Yes,N/A,N/A,polyp,N/A,N/A
kvasir-sessile,cju30j1rgadut0801vuyrsnt8.jpg,/Users/ujjwalsinha/Gastrointestinal-Disease-Detection/dataset/kvasir-sessile/images/cju30j1rgadut0801vuyrsnt8.jpg,/Users/ujjwalsinha/Gastrointestinal-Disease-Detection/dataset/kvasir-sessile/masks/cju30j1rgadut0801vuyrsnt8.jpg,570,530,74183,6695,Yes,N/A,N/A,polyp,N/A,N/A
kvasir-sessile,cju30mm25a53s0799qa5wiqe8.jpg,/Users/ujjwalsinha/Gastrointestinal-Disease-Detection/dataset/kvasir-sessile/images/cju30mm25a53s0799qa5wiqe8.jpg,/Users/ujjwalsinha/Gastrointestinal-Disease-Detection/dataset/kvasir-sessile/masks/cju30mm25a53s0799qa5wiqe8.jpg,622,529,86016,6874,Yes,N/A,N/A,polyp,N/A,N/A
kvasir-sessile,cju30ov1oah920801mi8thuyg.jpg,/Users/ujjwalsinha/Gastrointestinal-Disease-Detection/dataset/kvasir-sessile/images/cju30ov1oah920801mi8thuyg.jpg,/Users/ujjwalsinha/Gastrointestinal-Disease-Detection/dataset/kvasir-sessile/masks/cju30ov1oah920801mi8thuyg.jpg,571,530,55778,6648,Yes,N/A,N/A,polyp,N/A,N/A
kvasir-sessile,cju31t8xd17bk0835rnb893jk.jpg,/Users/ujjwalsinha/Gastrointestinal-Disease-Detection/dataset/kvasir-sessile/images/cju31t8xd17bk0835rnb893jk.jpg,/Users/ujjwalsinha/Gastrointestinal-Disease-Detection/dataset/kvasir-sessile/masks/cju31t8xd17bk0835rnb893jk.jpg,622,529,84630,6098,Yes,N/A,N/A,polyp,N/A,N/A
kvasir-sessile,cju31w6goazci0799n014ly1q.jpg,/Users/ujjwalsinha/Gastrointestinal-Disease-Detection/dataset/kvasir-sessile/images/cju31w6goazci0799n014ly1q.jpg,/Users/ujjwalsinha/Gastrointestinal-Disease-Detection/dataset/kvasir-sessile/masks/cju31w6goazci0799n014ly1q.jpg,627,547,55470,10854,Yes,N/A,N/A,polyp,N/A,N/A
kvasir-sessile,cju324q101fhe08350wae9cif.jpg,/Users/ujjwalsinha/Gastrointestinal-Disease-Detection/dataset/kvasir-sessile/images/cju324q101fhe08350wae9cif.jpg,/Users/ujjwalsinha/Gastrointestinal-Disease-Detection/dataset/kvasir-sessile/masks/cju324q101fhe08350wae9cif.jpg,618,530,47381,10010,Yes,N/A,N/A,polyp,N/A,N/A
kvasir-sessile,cju32qr9tbvsj08013pkpjenq.jpg,/Users/ujjwalsinha/Gastrointestinal-Disease-Detection/dataset/kvasir-sessile/images/cju32qr9tbvsj08013pkpjenq.jpg,/Users/ujjwalsinha/Gastrointestinal-Disease-Detection/dataset/kvasir-sessile/masks/cju32qr9tbvsj08013pkpjenq.jpg,615,546,61632,9041,Yes,N/A,N/A,polyp,N/A,N/A
kvasir-sessile,cju330ofbc2l30801th5g3hw6.jpg,/Users/ujjwalsinha/Gastrointestinal-Disease-Detection/dataset/kvasir-sessile/images/cju330ofbc2l30801th5g3hw6.jpg,/Users/ujjwalsinha/Gastrointestinal-Disease-Detection/dataset/kvasir-sessile/masks/cju330ofbc2l30801th5g3hw6.jpg,495,529,54344,6737,Yes,N/A,N/A,polyp,N/A,N/A
kvasir-sessile,cju33x0f22peh0988g0ln7w5v.jpg,/Users/ujjwalsinha/Gastrointestinal-Disease-Detection/dataset/kvasir-sessile/images/cju33x0f22peh0988g0ln7w5v.jpg,/Users/ujjwalsinha/Gastrointestinal-Disease-Detection/dataset/kvasir-sessile/masks/cju33x0f22peh0988g0ln7w5v.jpg,597,528,77055,6655,Yes,N/A,N/A,polyp,N/A,N/A
kvasir-sessile,cju34fojcctcf0799ebolbvkn.jpg,/Users/ujjwalsinha/Gastrointestinal-Disease-Detection/dataset/kvasir-sessile/images/cju34fojcctcf0799ebolbvkn.jpg,/Users/ujjwalsinha/Gastrointestinal-Disease-Detection/dataset/kvasir-sessile/masks/cju34fojcctcf0799ebolbvkn.jpg,626,547,57593,7558,Yes,N/A,N/A,polyp,N/A,N/A
kvasir-sessile,cju35740hzm0g0993zl5ic246.jpg,/Users/ujjwalsinha/Gastrointestinal-Disease-Detection/dataset/kvasir-sessile/images/cju35740hzm0g0993zl5ic246.jpg,/Users/ujjwalsinha/Gastrointestinal-Disease-Detection/dataset/kvasir-sessile/masks/cju35740hzm0g0993zl5ic246.jpg,557,474,40094,6458,Yes,N/A,N/A,polyp,N/A,N/A
kvasir-sessile,cju357rxxdaz30878y2esjpjt.jpg,/Users/ujjwalsinha/Gastrointestinal-Disease-Detection/dataset/kvasir-sessile/images/cju357rxxdaz30878y2esjpjt.jpg,/Users/ujjwalsinha/Gastrointestinal-Disease-Detection/dataset/kvasir-sessile/masks/cju357rxxdaz30878y2esjpjt.jpg,558,531,41302,6690,Yes,N/A,N/A,polyp,N/A,N/A
kvasir-sessile,cju35k2fr3vc50988c85qkrwg.jpg,/Users/ujjwalsinha/Gastrointestinal-Disease-Detection/dataset/kvasir-sessile/images/cju35k2fr3vc50988c85qkrwg.jpg,/Users/ujjwalsinha/Gastrointestinal-Disease-Detection/dataset/kvasir-sessile/masks/cju35k2fr3vc50988c85qkrwg.jpg,570,530,48545,9954,Yes,N/A,N/A,polyp,N/A,N/A
kvasir-sessile,cju3ttznuftyf09875t11850w.jpg,/Users/ujjwalsinha/Gastrointestinal-Disease-Detection/dataset/kvasir-sessile/images/cju3ttznuftyf09875t11850w.jpg,/Users/ujjwalsinha/Gastrointestinal-Disease-Detection/dataset/kvasir-sessile/masks/cju3ttznuftyf09875t11850w.jpg,626,547,65308,9321,Yes,N/A,N/A,polyp,N/A,N/A
kvasir-sessile,cju3ul8dogf1z09872y2ecowp.jpg,/Users/ujjwalsinha/Gastrointestinal-Disease-Detection/dataset/kvasir-sessile/images/cju3ul8dogf1z09872y2ecowp.jpg,/Users/ujjwalsinha/Gastrointestinal-Disease-Detection/dataset/kvasir-sessile/masks/cju3ul8dogf1z09872y2ecowp.jpg,609,531,59613,7576,Yes,N/A,N/A,polyp,N/A,N/A
kvasir-sessile,cju3x9lttikfb0818a0g104zn.jpg,/Users/ujjwalsinha/Gastrointestinal-Disease-Detection/dataset/kvasir-sessile/images/cju3x9lttikfb0818a0g104zn.jpg,/Users/ujjwalsinha/Gastrointestinal-Disease-Detection/dataset/kvasir-sessile/masks/cju3x9lttikfb0818a0g104zn.jpg,622,530,58315,8847,Yes,N/A,N/A,polyp,N/A,N/A
kvasir-sessile,cju3xiic0ilzp0850lusrb42j.jpg,/Users/ujjwalsinha/Gastrointestinal-Disease-Detection/dataset/kvasir-sessile/images/cju3xiic0ilzp0850lusrb42j.jpg,/Users/ujjwalsinha/Gastrointestinal-Disease-Detection/dataset/kvasir-sessile/masks/cju3xiic0ilzp0850lusrb42j.jpg,571,530,39579,7027,Yes,N/A,N/A,polyp,N/A,N/A
kvasir-sessile,cju3xuj20ivgp0818mij8bjrd.jpg,/Users/ujjwalsinha/Gastrointestinal-Disease-Detection/dataset/kvasir-sessile/images/cju3xuj20ivgp0818mij8bjrd.jpg,/Users/ujjwalsinha/Gastrointestinal-Disease-Detection/dataset/kvasir-sessile/masks/cju3xuj20ivgp0818mij8bjrd.jpg,622,527,85273,6972,Yes,N/A,N/A,polyp,N/A,N/A
kvasir-sessile,cju3xvoo2iqlc0817eku2r3wl.jpg,/Users/ujjwalsinha/Gastrointestinal-Disease-Detection/dataset/kvasir-sessile/images/cju3xvoo2iqlc0817eku2r3wl.jpg,/Users/ujjwalsinha/Gastrointestinal-Disease-Detection/dataset/kvasir-sessile/masks/cju3xvoo2iqlc0817eku2r3wl.jpg,446,530,36293,5877,Yes,N/A,N/A,polyp,N/A,N/A
kvasir-sessile,cju3ya7goj6at0818v2l5ay7f.jpg,/Users/ujjwalsinha/Gastrointestinal-Disease-Detection/dataset/kvasir-sessile/images/cju3ya7goj6at0818v2l5ay7f.jpg,/Users/ujjwalsinha/Gastrointestinal-Disease-Detection/dataset/kvasir-sessile/masks/cju3ya7goj6at0818v2l5ay7f.jpg,626,547,66565,8967,Yes,N/A,N/A,polyp,N/A,N/A
kvasir-sessile,cju3yb47cj1xq0817zfotbni4.jpg,/Users/ujjwalsinha/Gastrointestinal-Disease-Detection/dataset/kvasir-sessile/images/cju3yb47cj1xq0817zfotbni4.jpg,/Users/ujjwalsinha/Gastrointestinal-Disease-Detection/dataset/kvasir-sessile/masks/cju3yb47cj1xq0817zfotbni4.jpg,626,547,60080,10256,Yes,N/A,N/A,polyp,N/A,N/A
kvasir-sessile,cju40jl7skiuo0817p0smlgg8.jpg,/Users/ujjwalsinha/Gastrointestinal-Disease-Detection/dataset/kvasir-sessile/images/cju40jl7skiuo0817p0smlgg8.jpg,/Users/ujjwalsinha/Gastrointestinal-Disease-Detection/dataset/kvasir-sessile/masks/cju40jl7skiuo0817p0smlgg8.jpg,601,506,77307,13685,Yes,N/A,N/A,polyp,N/A,N/A
kvasir-sessile,cju42nm68lpyo0818xvvqmupq.jpg,/Users/ujjwalsinha/Gastrointestinal-Disease-Detection/dataset/kvasir-sessile/images/cju42nm68lpyo0818xvvqmupq.jpg,/Users/ujjwalsinha/Gastrointestinal-Disease-Detection/dataset/kvasir-sessile/masks/cju42nm68lpyo0818xvvqmupq.jpg,504,530,51195,10065,Yes,N/A,N/A,polyp,N/A,N/A
kvasir-sessile,cju43c92lm5cj0755lorsorfg.jpg,/Users/ujjwalsinha/Gastrointestinal-Disease-Detection/dataset/kvasir-sessile/images/cju43c92lm5cj0755lorsorfg.jpg,/Users/ujjwalsinha/Gastrointestinal-Disease-Detection/dataset/kvasir-sessile/masks/cju43c92lm5cj0755lorsorfg.jpg,591,529,68754,9416,Yes,N/A,N/A,polyp,N/A,N/A
kvasir-sessile,cju43h43am1dy08176gwfhmnt.jpg,/Users/ujjwalsinha/Gastrointestinal-Disease-Detection/dataset/kvasir-sessile/images/cju43h43am1dy08176gwfhmnt.jpg,/Users/ujjwalsinha/Gastrointestinal-Disease-Detection/dataset/kvasir-sessile/masks/cju43h43am1dy08176gwfhmnt.jpg,594,530,57273,6991,Yes,N/A,N/A,polyp,N/A,N/A
kvasir-sessile,cju43kj2pm34f0850l28ahpni.jpg,/Users/ujjwalsinha/Gastrointestinal-Disease-Detection/dataset/kvasir-sessile/images/cju43kj2pm34f0850l28ahpni.jpg,/Users/ujjwalsinha/Gastrointestinal-Disease-Detection/dataset/kvasir-sessile/masks/cju43kj2pm34f0850l28ahpni.jpg,622,528,90619,5994,Yes,N/A,N/A,polyp,N/A,N/A
kvasir-sessile,cju45ofd9ne1j0801ri8dup7t.jpg,/Users/ujjwalsinha/Gastrointestinal-Disease-Detection/dataset/kvasir-sessile/images/cju45ofd9ne1j0801ri8dup7t.jpg,/Users/ujjwalsinha/Gastrointestinal-Disease-Detection/dataset/kvasir-sessile/masks/cju45ofd9ne1j0801ri8dup7t.jpg,622,530,63120,16915,Yes,N/A,N/A,polyp,N/A,N/A
kvasir-sessile,cju45qbf3n9sa0987oonbkly9.jpg,/Users/ujjwalsinha/Gastrointestinal-Disease-Detection/dataset/kvasir-sessile/images/cju45qbf3n9sa0987oonbkly9.jpg,/Users/ujjwalsinha/Gastrointestinal-Disease-Detection/dataset/kvasir-sessile/masks/cju45qbf3n9sa0987oonbkly9.jpg,621,531,44839,9184,Yes,N/A,N/A,polyp,N/A,N/A
kvasir-sessile,cju45ty6zn9oz0850qy4qnck1.jpg,/Users/ujjwalsinha/Gastrointestinal-Disease-Detection/dataset/kvasir-sessile/images/cju45ty6zn9oz0850qy4qnck1.jpg,/Users/ujjwalsinha/Gastrointestinal-Disease-Detection/dataset/kvasir-sessile/masks/cju45ty6zn9oz0850qy4qnck1.jpg,551,531,44822,9045,Yes,N/A,N/A,polyp,N/A,N/A
kvasir-sessile,cju5b9oyda4yr0850g9viziyv.jpg,/Users/ujjwalsinha/Gastrointestinal-Disease-Detection/dataset/kvasir-sessile/images/cju5b9oyda4yr0850g9viziyv.jpg,/Users/ujjwalsinha/Gastrointestinal-Disease-Detection/dataset/kvasir-sessile/masks/cju5b9oyda4yr0850g9viziyv.jpg,622,528,69614,8799,Yes,N/A,N/A,polyp,N/A,N/A
kvasir-sessile,cju5bmhdcafs909878qfzrqzi.jpg,/Users/ujjwalsinha/Gastrointestinal-Disease-Detection/dataset/kvasir-sessile/images/cju5bmhdcafs909878qfzrqzi.jpg,/Users/ujjwalsinha/Gastrointestinal-Disease-Detection/dataset/kvasir-sessile/masks/cju5bmhdcafs909878qfzrqzi.jpg,561,528,55059,9213,Yes,N/A,N/A,polyp,N/A,N/A
kvasir-sessile,cju5buy2bal250818ipl6fqwv.jpg,/Users/ujjwalsinha/Gastrointestinal-Disease-Detection/dataset/kvasir-sessile/images/cju5buy2bal250818ipl6fqwv.jpg,/Users/ujjwalsinha/Gastrointestinal-Disease-Detection/dataset/kvasir-sessile/masks/cju5buy2bal250818ipl6fqwv.jpg,569,430,36597,9725,Yes,N/A,N/A,polyp,N/A,N/A
kvasir-sessile,cju5bwhapakm90987c1v4z46a.jpg,/Users/ujjwalsinha/Gastrointestinal-Disease-Detection/dataset/kvasir-sessile/images/cju5bwhapakm90987c1v4z46a.jpg,/Users/ujjwalsinha/Gastrointestinal-Disease-Detection/dataset/kvasir-sessile/masks/cju5bwhapakm90987c1v4z46a.jpg,622,529,80532,7194,Yes,N/A,N/A,polyp,N/A,N/A
kvasir-sessile,cju5cjh3xattc0817j2vbulzi.jpg,/Users/ujjwalsinha/Gastrointestinal-Disease-Detection/dataset/kvasir-sessile/images/cju5cjh3xattc0817j2vbulzi.jpg,/Users/ujjwalsinha/Gastrointestinal-Disease-Detection/dataset/kvasir-sessile/masks/cju5cjh3xattc0817j2vbulzi.jpg,617,528,68285,10008,Yes,N/A,N/A,polyp,N/A,N/A
kvasir-sessile,cju5cky5xb0ay0801oxet697t.jpg,/Users/ujjwalsinha/Gastrointestinal-Disease-Detection/dataset/kvasir-sessile/images/cju5cky5xb0ay0801oxet697t.jpg,/Users/ujjwalsinha/Gastrointestinal-Disease-Detection/dataset/kvasir-sessile/masks/cju5cky5xb0ay0801oxet697t.jpg,622,528,63853,8473,Yes,N/A,N/A,polyp,N/A,N/A
kvasir-sessile,cju5clr68b48r0755cmuvponm.jpg,/Users/ujjwalsinha/Gastrointestinal-Disease-Detection/dataset/kvasir-sessile/images/cju5clr68b48r0755cmuvponm.jpg,/Users/ujjwalsinha/Gastrointestinal-Disease-Detection/dataset/kvasir-sessile/masks/cju5clr68b48r0755cmuvponm.jpg,601,526,72993,8946,Yes,N/A,N/A,polyp,N/A,N/A
kvasir-sessile,cju5ddda9bkkt0850enzwatb1.jpg,/Users/ujjwalsinha/Gastrointestinal-Disease-Detection/dataset/kvasir-sessile/images/cju5ddda9bkkt0850enzwatb1.jpg,/Users/ujjwalsinha/Gastrointestinal-Disease-Detection/dataset/kvasir-sessile/masks/cju5ddda9bkkt0850enzwatb1.jpg,618,530,66617,7652,Yes,N/A,N/A,polyp,N/A,N/A
kvasir-sessile,cju5f26ebcuai0818xlwh6116.jpg,/Users/ujjwalsinha/Gastrointestinal-Disease-Detection/dataset/kvasir-sessile/images/cju5f26ebcuai0818xlwh6116.jpg,/Users/ujjwalsinha/Gastrointestinal-Disease-Detection/dataset/kvasir-sessile/masks/cju5f26ebcuai0818xlwh6116.jpg,598,546,69017,9350,Yes,N/A,N/A,polyp,N/A,N/A
kvasir-sessile,cju5fi0yxd3ei0801v7u0yudn.jpg,/Users/ujjwalsinha/Gastrointestinal-Disease-Detection/dataset/kvasir-sessile/images/cju5fi0yxd3ei0801v7u0yudn.jpg,/Users/ujjwalsinha/Gastrointestinal-Disease-Detection/dataset/kvasir-sessile/masks/cju5fi0yxd3ei0801v7u0yudn.jpg,626,547,73830,7064,Yes,N/A,N/A,polyp,N/A,N/A
kvasir-sessile,cju5fu081d8gc0818l3yylujk.jpg,/Users/ujjwalsinha/Gastrointestinal-Disease-Detection/dataset/kvasir-sessile/images/cju5fu081d8gc0818l3yylujk.jpg,/Users/ujjwalsinha/Gastrointestinal-Disease-Detection/dataset/kvasir-sessile/masks/cju5fu081d8gc0818l3yylujk.jpg,570,531,59019,7830,Yes,N/A,N/A,polyp,N/A,N/A
kvasir-sessile,cju5k7r0yf98c09878csbxb4d.jpg,/Users/ujjwalsinha/Gastrointestinal-Disease-Detection/dataset/kvasir-sessile/images/cju5k7r0yf98c09878csbxb4d.jpg,/Users/ujjwalsinha/Gastrointestinal-Disease-Detection/dataset/kvasir-sessile/masks/cju5k7r0yf98c09878csbxb4d.jpg,622,528,83397,6410,Yes,N/A,N/A,polyp,N/A,N/A
kvasir-sessile,cju5knbbqfipk080128cggukq.jpg,/Users/ujjwalsinha/Gastrointestinal-Disease-Detection/dataset/kvasir-sessile/images/cju5knbbqfipk080128cggukq.jpg,/Users/ujjwalsinha/Gastrointestinal-Disease-Detection/dataset/kvasir-sessile/masks/cju5knbbqfipk080128cggukq.jpg,597,529,63964,15324,Yes,N/A,N/A,polyp,N/A,N/A
kvasir-sessile,cju5thdbrjp1108715xdfx356.jpg,/Users/ujjwalsinha/Gastrointestinal-Disease-Detection/dataset/kvasir-sessile/images/cju5thdbrjp1108715xdfx356.jpg,/Users/ujjwalsinha/Gastrointestinal-Disease-Detection/dataset/kvasir-sessile/masks/cju5thdbrjp1108715xdfx356.jpg,622,530,53450,6879,Yes,N/A,N/A,polyp,N/A,N/A
kvasir-sessile,cju5u8gz4kj5b07552e2wpkwp.jpg,/Users/ujjwalsinha/Gastrointestinal-Disease-Detection/dataset/kvasir-sessile/images/cju5u8gz4kj5b07552e2wpkwp.jpg,/Users/ujjwalsinha/Gastrointestinal-Disease-Detection/dataset/kvasir-sessile/masks/cju5u8gz4kj5b07552e2wpkwp.jpg,571,531,76038,13757,Yes,N/A,N/A,polyp,N/A,N/A
kvasir-sessile,cju5uget8krjy0818kvywd0zu.jpg,/Users/ujjwalsinha/Gastrointestinal-Disease-Detection/dataset/kvasir-sessile/images/cju5uget8krjy0818kvywd0zu.jpg,/Users/ujjwalsinha/Gastrointestinal-Disease-Detection/dataset/kvasir-sessile/masks/cju5uget8krjy0818kvywd0zu.jpg,608,529,64817,7444,Yes,N/A,N/A,polyp,N/A,N/A
kvasir-sessile,cju5uzmaol56l0817flxh4w9p.jpg,/Users/ujjwalsinha/Gastrointestinal-Disease-Detection/dataset/kvasir-sessile/images/cju5uzmaol56l0817flxh4w9p.jpg,/Users/ujjwalsinha/Gastrointestinal-Disease-Detection/dataset/kvasir-sessile/masks/cju5uzmaol56l0817flxh4w9p.jpg,623,529,68277,6759,Yes,N/A,N/A,polyp,N/A,N/A
kvasir-sessile,cju5vcmrqla7i0817x4sp4pqw.jpg,/Users/ujjwalsinha/Gastrointestinal-Disease-Detection/dataset/kvasir-sessile/images/cju5vcmrqla7i0817x4sp4pqw.jpg,/Users/ujjwalsinha/Gastrointestinal-Disease-Detection/dataset/kvasir-sessile/masks/cju5vcmrqla7i0817x4sp4pqw.jpg,612,482,71639,7686,Yes,N/A,N/A,polyp,N/A,N/A
kvasir-sessile,cju5wphwwlu3m0987hh3ltg88.jpg,/Users/ujjwalsinha/Gastrointestinal-Disease-Detection/dataset/kvasir-sessile/images/cju5wphwwlu3m0987hh3ltg88.jpg,/Users/ujjwalsinha/Gastrointestinal-Disease-Detection/dataset/kvasir-sessile/masks/cju5wphwwlu3m0987hh3ltg88.jpg,618,531,45459,8558,Yes,N/A,N/A,polyp,N/A,N/A
kvasir-sessile,cju5wqonpm0e60801z88ewmy1.jpg,/Users/ujjwalsinha/Gastrointestinal-Disease-Detection/dataset/kvasir-sessile/images/cju5wqonpm0e60801z88ewmy1.jpg,/Users/ujjwalsinha/Gastrointestinal-Disease-Detection/dataset/kvasir-sessile/masks/cju5wqonpm0e60801z88ewmy1.jpg,622,528,74553,7539,Yes,N/A,N/A,polyp,N/A,N/A
kvasir-sessile,cju5wrapcm2290818jsh26ppb.jpg,/Users/ujjwalsinha/Gastrointestinal-Disease-Detection/dataset/kvasir-sessile/images/cju5wrapcm2290818jsh26ppb.jpg,/Users/ujjwalsinha/Gastrointestinal-Disease-Detection/dataset/kvasir-sessile/masks/cju5wrapcm2290818jsh26ppb.jpg,622,528,66114,9282,Yes,N/A,N/A,polyp,N/A,N/A
kvasir-sessile,cju5wrrs0m2af0818vmnajbtw.jpg,/Users/ujjwalsinha/Gastrointestinal-Disease-Detection/dataset/kvasir-sessile/images/cju5wrrs0m2af0818vmnajbtw.jpg,/Users/ujjwalsinha/Gastrointestinal-Disease-Detection/dataset/kvasir-sessile/masks/cju5wrrs0m2af0818vmnajbtw.jpg,626,547,57101,7144,Yes,N/A,N/A,polyp,N/A,N/A
kvasir-sessile,cju5x00l6m5j608503k78ptee.jpg,/Users/ujjwalsinha/Gastrointestinal-Disease-Detection/dataset/kvasir-sessile/images/cju5x00l6m5j608503k78ptee.jpg,/Users/ujjwalsinha/Gastrointestinal-Disease-Detection/dataset/kvasir-sessile/masks/cju5x00l6m5j608503k78ptee.jpg,554,529,54505,13063,Yes,N/A,N/A,polyp,N/A,N/A
kvasir-sessile,cju5xq3tdm9fn0987pbedxdg5.jpg,/Users/ujjwalsinha/Gastrointestinal-Disease-Detection/dataset/kvasir-sessile/images/cju5xq3tdm9fn0987pbedxdg5.jpg,/Users/ujjwalsinha/Gastrointestinal-Disease-Detection/dataset/kvasir-sessile/masks/cju5xq3tdm9fn0987pbedxdg5.jpg,570,529,61031,7960,Yes,N/A,N/A,polyp,N/A,N/A
kvasir-sessile,cju5yhgznmkzb0801cji2vi8j.jpg,/Users/ujjwalsinha/Gastrointestinal-Disease-Detection/dataset/kvasir-sessile/images/cju5yhgznmkzb0801cji2vi8j.jpg,/Users/ujjwalsinha/Gastrointestinal-Disease-Detection/dataset/kvasir-sessile/masks/cju5yhgznmkzb0801cji2vi8j.jpg,568,529,71186,6781,Yes,N/A,N/A,polyp,N/A,N/A
kvasir-sessile,cju5yimthmlv80850zhoc90c2.jpg,/Users/ujjwalsinha/Gastrointestinal-Disease-Detection/dataset/kvasir-sessile/images/cju5yimthmlv80850zhoc90c2.jpg,/Users/ujjwalsinha/Gastrointestinal-Disease-Detection/dataset/kvasir-sessile/masks/cju5yimthmlv80850zhoc90c2.jpg,590,528,55438,7743,Yes,N/A,N/A,polyp,N/A,N/A
kvasir-sessile,cju5ymyd8mmdc0801ry3by1xr.jpg,/Users/ujjwalsinha/Gastrointestinal-Disease-Detection/dataset/kvasir-sessile/images/cju5ymyd8mmdc0801ry3by1xr.jpg,/Users/ujjwalsinha/Gastrointestinal-Disease-Detection/dataset/kvasir-sessile/masks/cju5ymyd8mmdc0801ry3by1xr.jpg,622,528,83112,7374,Yes,N/A,N/A,polyp,N/A,N/A
kvasir-sessile,cju6us80mv1b50871ebyq2wxa.jpg,/Users/ujjwalsinha/Gastrointestinal-Disease-Detection/dataset/kvasir-sessile/images/cju6us80mv1b50871ebyq2wxa.jpg,/Users/ujjwalsinha/Gastrointestinal-Disease-Detection/dataset/kvasir-sessile/masks/cju6us80mv1b50871ebyq2wxa.jpg,562,530,49178,5733,Yes,N/A,N/A,polyp,N/A,N/A
kvasir-sessile,cju6ut4l8va6y0755tyw3vfqq.jpg,/Users/ujjwalsinha/Gastrointestinal-Disease-Detection/dataset/kvasir-sessile/images/cju6ut4l8va6y0755tyw3vfqq.jpg,/Users/ujjwalsinha/Gastrointestinal-Disease-Detection/dataset/kvasir-sessile/masks/cju6ut4l8va6y0755tyw3vfqq.jpg,605,529,55099,7030,Yes,N/A,N/A,polyp,N/A,N/A
kvasir-sessile,cju6v3bb2v7xo085090blubyw.jpg,/Users/ujjwalsinha/Gastrointestinal-Disease-Detection/dataset/kvasir-sessile/images/cju6v3bb2v7xo085090blubyw.jpg,/Users/ujjwalsinha/Gastrointestinal-Disease-Detection/dataset/kvasir-sessile/masks/cju6v3bb2v7xo085090blubyw.jpg,626,547,63146,13372,Yes,N/A,N/A,polyp,N/A,N/A
kvasir-sessile,cju6v5ilsv8hk0850rb5sgh6o.jpg,/Users/ujjwalsinha/Gastrointestinal-Disease-Detection/dataset/kvasir-sessile/images/cju6v5ilsv8hk0850rb5sgh6o.jpg,/Users/ujjwalsinha/Gastrointestinal-Disease-Detection/dataset/kvasir-sessile/masks/cju6v5ilsv8hk0850rb5sgh6o.jpg,622,530,44109,7066,Yes,N/A,N/A,polyp,N/A,N/A
kvasir-sessile,cju6v6g6kvdw007552x6mb0po.jpg,/Users/ujjwalsinha/Gastrointestinal-Disease-Detection/dataset/kvasir-sessile/images/cju6v6g6kvdw007552x6mb0po.jpg,/Users/ujjwalsinha/Gastrointestinal-Disease-Detection/dataset/kvasir-sessile/masks/cju6v6g6kvdw007552x6mb0po.jpg,570,530,41430,10156,Yes,N/A,N/A,polyp,N/A,N/A
kvasir-sessile,cju6vrs1ov8cr098788h8gs6j.jpg,/Users/ujjwalsinha/Gastrointestinal-Disease-Detection/dataset/kvasir-sessile/images/cju6vrs1ov8cr098788h8gs6j.jpg,/Users/ujjwalsinha/Gastrointestinal-Disease-Detection/dataset/kvasir-sessile/masks/cju6vrs1ov8cr098788h8gs6j.jpg,621,529,70721,8458,Yes,N/A,N/A,polyp,N/A,N/A
kvasir-sessile,cju6vvb8svhed0801jjcquh5e.jpg,/Users/ujjwalsinha/Gastrointestinal-Disease-Detection/dataset/kvasir-sessile/images/cju6vvb8svhed0801jjcquh5e.jpg,/Users/ujjwalsinha/Gastrointestinal-Disease-Detection/dataset/kvasir-sessile/masks/cju6vvb8svhed0801jjcquh5e.jpg,604,530,50319,6608,Yes,N/A,N/A,polyp,N/A,N/A
kvasir-sessile,cju6x97w4vwua0850x0997r0a.jpg,/Users/ujjwalsinha/Gastrointestinal-Disease-Detection/dataset/kvasir-sessile/images/cju6x97w4vwua0850x0997r0a.jpg,/Users/ujjwalsinha/Gastrointestinal-Disease-Detection/dataset/kvasir-sessile/masks/cju6x97w4vwua0850x0997r0a.jpg,626,547,62614,9513,Yes,N/A,N/A,polyp,N/A,N/A
kvasir-sessile,cju6xifswvwbo0987nibtdr50.jpg,/Users/ujjwalsinha/Gastrointestinal-Disease-Detection/dataset/kvasir-sessile/images/cju6xifswvwbo0987nibtdr50.jpg,/Users/ujjwalsinha/Gastrointestinal-Disease-Detection/dataset/kvasir-sessile/masks/cju6xifswvwbo0987nibtdr50.jpg,618,531,52786,12873,Yes,N/A,N/A,polyp,N/A,N/A
kvasir-sessile,cju76lsehyia10987u54vn8rb.jpg,/Users/ujjwalsinha/Gastrointestinal-Disease-Detection/dataset/kvasir-sessile/images/cju76lsehyia10987u54vn8rb.jpg,/Users/ujjwalsinha/Gastrointestinal-Disease-Detection/dataset/kvasir-sessile/masks/cju76lsehyia10987u54vn8rb.jpg,622,546,74366,8556,Yes,N/A,N/A,polyp,N/A,N/A
kvasir-sessile,cju76o55nymqd0871h31sph9w.jpg,/Users/ujjwalsinha/Gastrointestinal-Disease-Detection/dataset/kvasir-sessile/images/cju76o55nymqd0871h31sph9w.jpg,/Users/ujjwalsinha/Gastrointestinal-Disease-Detection/dataset/kvasir-sessile/masks/cju76o55nymqd0871h31sph9w.jpg,600,529,71721,5354,Yes,N/A,N/A,polyp,N/A,N/A
kvasir-sessile,cju772304yw5t0818vbw8kkjf.jpg,/Users/ujjwalsinha/Gastrointestinal-Disease-Detection/dataset/kvasir-sessile/images/cju772304yw5t0818vbw8kkjf.jpg,/Users/ujjwalsinha/Gastrointestinal-Disease-Detection/dataset/kvasir-sessile/masks/cju772304yw5t0818vbw8kkjf.jpg,622,546,74462,8772,Yes,N/A,N/A,polyp,N/A,N/A
kvasir-sessile,cju77b3wyz4160755qis4ljsb.jpg,/Users/ujjwalsinha/Gastrointestinal-Disease-Detection/dataset/kvasir-sessile/images/cju77b3wyz4160755qis4ljsb.jpg,/Users/ujjwalsinha/Gastrointestinal-Disease-Detection/dataset/kvasir-sessile/masks/cju77b3wyz4160755qis4ljsb.jpg,571,530,62189,7328,Yes,N/A,N/A,polyp,N/A,N/A
kvasir-sessile,cju77j66ez52p08019xygi0co.jpg,/Users/ujjwalsinha/Gastrointestinal-Disease-Detection/dataset/kvasir-sessile/images/cju77j66ez52p08019xygi0co.jpg,/Users/ujjwalsinha/Gastrointestinal-Disease-Detection/dataset/kvasir-sessile/masks/cju77j66ez52p08019xygi0co.jpg,613,530,67637,7260,Yes,N/A,N/A,polyp,N/A,N/A
kvasir-sessile,cju77vvcwzcm50850lzoykuva.jpg,/Users/ujjwalsinha/Gastrointestinal-Disease-Detection/dataset/kvasir-sessile/images/cju77vvcwzcm50850lzoykuva.jpg,/Users/ujjwalsinha/Gastrointestinal-Disease-Detection/dataset/kvasir-sessile/masks/cju77vvcwzcm50850lzoykuva.jpg,618,529,68528,9459,Yes,N/A,N/A,polyp,N/A,N/A
kvasir-sessile,cju7ae7bq1f820987toc8si1d.jpg,/Users/ujjwalsinha/Gastrointestinal-Disease-Detection/dataset/kvasir-sessile/images/cju7ae7bq1f820987toc8si1d.jpg,/Users/ujjwalsinha/Gastrointestinal-Disease-Detection/dataset/kvasir-sessile/masks/cju7ae7bq1f820987toc8si1d.jpg,509,530,43939,6535,Yes,N/A,N/A,polyp,N/A,N/A
kvasir-sessile,cju7aez2x1jtj0871ztezs3oi.jpg,/Users/ujjwalsinha/Gastrointestinal-Disease-Detection/dataset/kvasir-sessile/images/cju7aez2x1jtj0871ztezs3oi.jpg,/Users/ujjwalsinha/Gastrointestinal-Disease-Detection/dataset/kvasir-sessile/masks/cju7aez2x1jtj0871ztezs3oi.jpg,621,510,83018,7146,Yes,N/A,N/A,polyp,N/A,N/A
kvasir-sessile,cju7ap09p1kz10850ldccjebj.jpg,/Users/ujjwalsinha/Gastrointestinal-Disease-Detection/dataset/kvasir-sessile/images/cju7ap09p1kz10850ldccjebj.jpg,/Users/ujjwalsinha/Gastrointestinal-Disease-Detection/dataset/kvasir-sessile/masks/cju7ap09p1kz10850ldccjebj.jpg,626,546,69958,8264,Yes,N/A,N/A,polyp,N/A,N/A
kvasir-sessile,cju7b1ygu1msd0801hywhy0mc.jpg,/Users/ujjwalsinha/Gastrointestinal-Disease-Detection/dataset/kvasir-sessile/images/cju7b1ygu1msd0801hywhy0mc.jpg,/Users/ujjwalsinha/Gastrointestinal-Disease-Detection/dataset/kvasir-sessile/masks/cju7b1ygu1msd0801hywhy0mc.jpg,617,530,60371,11780,Yes,N/A,N/A,polyp,N/A,N/A
kvasir-sessile,cju7bduyq1rjf08719giru9ho.jpg,/Users/ujjwalsinha/Gastrointestinal-Disease-Detection/dataset/kvasir-sessile/images/cju7bduyq1rjf08719giru9ho.jpg,/Users/ujjwalsinha/Gastrointestinal-Disease-Detection/dataset/kvasir-sessile/masks/cju7bduyq1rjf08719giru9ho.jpg,622,508,80146,9098,Yes,N/A,N/A,polyp,N/A,N/A
kvasir-sessile,cju7cue9b232j0801qdzk1ykj.jpg,/Users/ujjwalsinha/Gastrointestinal-Disease-Detection/dataset/kvasir-sessile/images/cju7cue9b232j0801qdzk1ykj.jpg,/Users/ujjwalsinha/Gastrointestinal-Disease-Detection/dataset/kvasir-sessile/masks/cju7cue9b232j0801qdzk1ykj.jpg,613,528,46548,8757,Yes,N/A,N/A,polyp,N/A,N/A
kvasir-sessile,cju7da88w2eod0755wejzynvt.jpg,/Users/ujjwalsinha/Gastrointestinal-Disease-Detection/dataset/kvasir-sessile/images/cju7da88w2eod0755wejzynvt.jpg,/Users/ujjwalsinha/Gastrointestinal-Disease-Detection/dataset/kvasir-sessile/masks/cju7da88w2eod0755wejzynvt.jpg,622,484,39743,6813,Yes,N/A,N/A,polyp,N/A,N/A
kvasir-sessile,cju7db7lp2f400755tntd1ohf.jpg,/Users/ujjwalsinha/Gastrointestinal-Disease-Detection/dataset/kvasir-sessile/images/cju7db7lp2f400755tntd1ohf.jpg,/Users/ujjwalsinha/Gastrointestinal-Disease-Detection/dataset/kvasir-sessile/masks/cju7db7lp2f400755tntd1ohf.jpg,612,522,51116,11767,Yes,N/A,N/A,polyp,N/A,N/A
kvasir-sessile,cju7dglf226g50987ohbthl19.jpg,/Users/ujjwalsinha/Gastrointestinal-Disease-Detection/dataset/kvasir-sessile/images/cju7dglf226g50987ohbthl19.jpg,/Users/ujjwalsinha/Gastrointestinal-Disease-Detection/dataset/kvasir-sessile/masks/cju7dglf226g50987ohbthl19.jpg,621,528,87795,14417,Yes,N/A,N/A,polyp,N/A,N/A
kvasir-sessile,cju7do8c72dbo0801vxfzxdc4.jpg,/Users/ujjwalsinha/Gastrointestinal-Disease-Detection/dataset/kvasir-sessile/images/cju7do8c72dbo0801vxfzxdc4.jpg,/Users/ujjwalsinha/Gastrointestinal-Disease-Detection/dataset/kvasir-sessile/masks/cju7do8c72dbo0801vxfzxdc4.jpg,626,547,74316,8156,Yes,N/A,N/A,polyp,N/A,N/A
kvasir-sessile,cju7dqcwi2dz00850gcmr2ert.jpg,/Users/ujjwalsinha/Gastrointestinal-Disease-Detection/dataset/kvasir-sessile/images/cju7dqcwi2dz00850gcmr2ert.jpg,/Users/ujjwalsinha/Gastrointestinal-Disease-Detection/dataset/kvasir-sessile/masks/cju7dqcwi2dz00850gcmr2ert.jpg,622,528,65751,8284,Yes,N/A,N/A,polyp,N/A,N/A
kvasir-sessile,cju7dz5yy2i7z0801ausi7rna.jpg,/Users/ujjwalsinha/Gastrointestinal-Disease-Detection/dataset/kvasir-sessile/images/cju7dz5yy2i7z0801ausi7rna.jpg,/Users/ujjwalsinha/Gastrointestinal-Disease-Detection/dataset/kvasir-sessile/masks/cju7dz5yy2i7z0801ausi7rna.jpg,619,529,66595,7205,Yes,N/A,N/A,polyp,N/A,N/A
kvasir-sessile,cju7et17a2vjk0755e743npl1.jpg,/Users/ujjwalsinha/Gastrointestinal-Disease-Detection/dataset/kvasir-sessile/images/cju7et17a2vjk0755e743npl1.jpg,/Users/ujjwalsinha/Gastrointestinal-Disease-Detection/dataset/kvasir-sessile/masks/cju7et17a2vjk0755e743npl1.jpg,626,546,52770,9030,Yes,N/A,N/A,polyp,N/A,N/A
kvasir-sessile,cju7etr3y2p4t0801cdzjj8ab.jpg,/Users/ujjwalsinha/Gastrointestinal-Disease-Detection/dataset/kvasir-sessile/images/cju7etr3y2p4t0801cdzjj8ab.jpg,/Users/ujjwalsinha/Gastrointestinal-Disease-Detection/dataset/kvasir-sessile/masks/cju7etr3y2p4t0801cdzjj8ab.jpg,623,528,69053,9112,Yes,N/A,N/A,polyp,N/A,N/A
kvasir-sessile,cju7f6cqy2ur20818t1saazbm.jpg,/Users/ujjwalsinha/Gastrointestinal-Disease-Detection/dataset/kvasir-sessile/images/cju7f6cqy2ur20818t1saazbm.jpg,/Users/ujjwalsinha/Gastrointestinal-Disease-Detection/dataset/kvasir-sessile/masks/cju7f6cqy2ur20818t1saazbm.jpg,626,546,59557,10934,Yes,N/A,N/A,polyp,N/A,N/A
kvasir-sessile,cju7fnfv02tt90801djnix9m8.jpg,/Users/ujjwalsinha/Gastrointestinal-Disease-Detection/dataset/kvasir-sessile/images/cju7fnfv02tt90801djnix9m8.jpg,/Users/ujjwalsinha/Gastrointestinal-Disease-Detection/dataset/kvasir-sessile/masks/cju7fnfv02tt90801djnix9m8.jpg,622,528,76011,6704,Yes,N/A,N/A,polyp,N/A,N/A
kvasir-sessile,cju7fpfzq2wyf0818xxd1oziv.jpg,/Users/ujjwalsinha/Gastrointestinal-Disease-Detection/dataset/kvasir-sessile/images/cju7fpfzq2wyf0818xxd1oziv.jpg,/Users/ujjwalsinha/Gastrointestinal-Disease-Detection/dataset/kvasir-sessile/masks/cju7fpfzq2wyf0818xxd1oziv.jpg,570,530,56668,11272,Yes,N/A,N/A,polyp,N/A,N/A
kvasir-sessile,cju83h9ysjwe808716nt35oah.jpg,/Users/ujjwalsinha/Gastrointestinal-Disease-Detection/dataset/kvasir-sessile/images/cju83h9ysjwe808716nt35oah.jpg,/Users/ujjwalsinha/Gastrointestinal-Disease-Detection/dataset/kvasir-sessile/masks/cju83h9ysjwe808716nt35oah.jpg,571,531,52031,7801,Yes,N/A,N/A,polyp,N/A,N/A
kvasir-sessile,cju83kxitjv340987z09m0ezy.jpg,/Users/ujjwalsinha/Gastrointestinal-Disease-Detection/dataset/kvasir-sessile/images/cju83kxitjv340987z09m0ezy.jpg,/Users/ujjwalsinha/Gastrointestinal-Disease-Detection/dataset/kvasir-sessile/masks/cju83kxitjv340987z09m0ezy.jpg,626,546,43920,7808,Yes,N/A,N/A,polyp,N/A,N/A
kvasir-sessile,cju83mki1jv5w0817kubxm31r.jpg,/Users/ujjwalsinha/Gastrointestinal-Disease-Detection/dataset/kvasir-sessile/images/cju83mki1jv5w0817kubxm31r.jpg,/Users/ujjwalsinha/Gastrointestinal-Disease-Detection/dataset/kvasir-sessile/masks/cju83mki1jv5w0817kubxm31r.jpg,625,547,58329,11334,Yes,N/A,N/A,polyp,N/A,N/A
kvasir-sessile,cju85c2d4ln1b0755zz1z3onx.jpg,/Users/ujjwalsinha/Gastrointestinal-Disease-Detection/dataset/kvasir-sessile/images/cju85c2d4ln1b0755zz1z3onx.jpg,/Users/ujjwalsinha/Gastrointestinal-Disease-Detection/dataset/kvasir-sessile/masks/cju85c2d4ln1b0755zz1z3onx.jpg,599,531,61986,5947,Yes,N/A,N/A,polyp,N/A,N/A
kvasir-sessile,cju85citjlnfm0755i4rk5tqj.jpg,/Users/ujjwalsinha/Gastrointestinal-Disease-Detection/dataset/kvasir-sessile/images/cju85citjlnfm0755i4rk5tqj.jpg,/Users/ujjwalsinha/Gastrointestinal-Disease-Detection/dataset/kvasir-sessile/masks/cju85citjlnfm0755i4rk5tqj.jpg,623,547,54758,7174,Yes,N/A,N/A,polyp,N/A,N/A
kvasir-sessile,cju85dx63lic408017f0l0400.jpg,/Users/ujjwalsinha/Gastrointestinal-Disease-Detection/dataset/kvasir-sessile/images/cju85dx63lic408017f0l0400.jpg,/Users/ujjwalsinha/Gastrointestinal-Disease-Detection/dataset/kvasir-sessile/masks/cju85dx63lic408017f0l0400.jpg,595,528,55178,6418,Yes,N/A,N/A,polyp,N/A,N/A
kvasir-sessile,cju87mrypnb1e0818scv1mxxg.jpg,/Users/ujjwalsinha/Gastrointestinal-Disease-Detection/dataset/kvasir-sessile/images/cju87mrypnb1e0818scv1mxxg.jpg,/Users/ujjwalsinha/Gastrointestinal-Disease-Detection/dataset/kvasir-sessile/masks/cju87mrypnb1e0818scv1mxxg.jpg,615,530,65325,7849,Yes,N/A,N/A,polyp,N/A,N/A
kvasir-sessile,cju87zv8lni0o0850hbbecbq6.jpg,/Users/ujjwalsinha/Gastrointestinal-Disease-Detection/dataset/kvasir-sessile/images/cju87zv8lni0o0850hbbecbq6.jpg,/Users/ujjwalsinha/Gastrointestinal-Disease-Detection/dataset/kvasir-sessile/masks/cju87zv8lni0o0850hbbecbq6.jpg,622,528,82035,6145,Yes,N/A,N/A,polyp,N/A,N/A
kvasir-sessile,cju884985nlmx0817vzpax3y4.jpg,/Users/ujjwalsinha/Gastrointestinal-Disease-Detection/dataset/kvasir-sessile/images/cju884985nlmx0817vzpax3y4.jpg,/Users/ujjwalsinha/Gastrointestinal-Disease-Detection/dataset/kvasir-sessile/masks/cju884985nlmx0817vzpax3y4.jpg,581,529,81317,7402,Yes,N/A,N/A,polyp,N/A,N/A
kvasir-sessile,cju886ryxnsl50801r93jai7q.jpg,/Users/ujjwalsinha/Gastrointestinal-Disease-Detection/dataset/kvasir-sessile/images/cju886ryxnsl50801r93jai7q.jpg,/Users/ujjwalsinha/Gastrointestinal-Disease-Detection/dataset/kvasir-sessile/masks/cju886ryxnsl50801r93jai7q.jpg,622,530,67400,10709,Yes,N/A,N/A,polyp,N/A,N/A
kvasir-sessile,cju887ftknop008177nnjt46y.jpg,/Users/ujjwalsinha/Gastrointestinal-Disease-Detection/dataset/kvasir-sessile/images/cju887ftknop008177nnjt46y.jpg,/Users/ujjwalsinha/Gastrointestinal-Disease-Detection/dataset/kvasir-sessile/masks/cju887ftknop008177nnjt46y.jpg,619,528,66370,7293,Yes,N/A,N/A,polyp,N/A,N/A
kvasir-sessile,cju88fpm4o0tl0871w1i6a4ds.jpg,/Users/ujjwalsinha/Gastrointestinal-Disease-Detection/dataset/kvasir-sessile/images/cju88fpm4o0tl0871w1i6a4ds.jpg,/Users/ujjwalsinha/Gastrointestinal-Disease-Detection/dataset/kvasir-sessile/masks/cju88fpm4o0tl0871w1i6a4ds.jpg,611,423,41696,5762,Yes,N/A,N/A,polyp,N/A,N/A
kvasir-sessile,cju88q6h6obpd0871ckmiabbo.jpg,/Users/ujjwalsinha/Gastrointestinal-Disease-Detection/dataset/kvasir-sessile/images/cju88q6h6obpd0871ckmiabbo.jpg,/Users/ujjwalsinha/Gastrointestinal-Disease-Detection/dataset/kvasir-sessile/masks/cju88q6h6obpd0871ckmiabbo.jpg,626,546,70832,13123,Yes,N/A,N/A,polyp,N/A,N/A
kvasir-sessile,cju88trl3ogi208716qvti51b.jpg,/Users/ujjwalsinha/Gastrointestinal-Disease-Detection/dataset/kvasir-sessile/images/cju88trl3ogi208716qvti51b.jpg,/Users/ujjwalsinha/Gastrointestinal-Disease-Detection/dataset/kvasir-sessile/masks/cju88trl3ogi208716qvti51b.jpg,540,530,42456,7241,Yes,N/A,N/A,polyp,N/A,N/A
kvasir-sessile,cju88v2f9oi8w0871hx9auh01.jpg,/Users/ujjwalsinha/Gastrointestinal-Disease-Detection/dataset/kvasir-sessile/images/cju88v2f9oi8w0871hx9auh01.jpg,/Users/ujjwalsinha/Gastrointestinal-Disease-Detection/dataset/kvasir-sessile/masks/cju88v2f9oi8w0871hx9auh01.jpg,626,546,54227,7067,Yes,N/A,N/A,polyp,N/A,N/A
kvasir-sessile,cju8914beokbf0850isxpocrk.jpg,/Users/ujjwalsinha/Gastrointestinal-Disease-Detection/dataset/kvasir-sessile/images/cju8914beokbf0850isxpocrk.jpg,/Users/ujjwalsinha/Gastrointestinal-Disease-Detection/dataset/kvasir-sessile/masks/cju8914beokbf0850isxpocrk.jpg,626,547,76903,6992,Yes,N/A,N/A,polyp,N/A,N/A
kvasir-sessile,cju8a56vxpy780850r45yu4wk.jpg,/Users/ujjwalsinha/Gastrointestinal-Disease-Detection/dataset/kvasir-sessile/images/cju8a56vxpy780850r45yu4wk.jpg,/Users/ujjwalsinha/Gastrointestinal-Disease-Detection/dataset/kvasir-sessile/masks/cju8a56vxpy780850r45yu4wk.jpg,584,530,48140,10685,Yes,N/A,N/A,polyp,N/A,N/A
kvasir-sessile,cju8at3s1qqqx0850hcq8nmnq.jpg,/Users/ujjwalsinha/Gastrointestinal-Disease-Detection/dataset/kvasir-sessile/images/cju8at3s1qqqx0850hcq8nmnq.jpg,/Users/ujjwalsinha/Gastrointestinal-Disease-Detection/dataset/kvasir-sessile/masks/cju8at3s1qqqx0850hcq8nmnq.jpg,593,529,63229,7315,Yes,N/A,N/A,polyp,N/A,N/A
kvasir-sessile,cju8b542nr81x0871uxnkm9ih.jpg,/Users/ujjwalsinha/Gastrointestinal-Disease-Detection/dataset/kvasir-sessile/images/cju8b542nr81x0871uxnkm9ih.jpg,/Users/ujjwalsinha/Gastrointestinal-Disease-Detection/dataset/kvasir-sessile/masks/cju8b542nr81x0871uxnkm9ih.jpg,622,531,55466,6510,Yes,N/A,N/A,polyp,N/A,N/A
kvasir-sessile,cju8b5p40r2c60987ofa0mu03.jpg,/Users/ujjwalsinha/Gastrointestinal-Disease-Detection/dataset/kvasir-sessile/images/cju8b5p40r2c60987ofa0mu03.jpg,/Users/ujjwalsinha/Gastrointestinal-Disease-Detection/dataset/kvasir-sessile/masks/cju8b5p40r2c60987ofa0mu03.jpg,598,531,60550,7682,Yes,N/A,N/A,polyp,N/A,N/A
kvasir-sessile,cju8b7aqtr4a00987coba14b7.jpg,/Users/ujjwalsinha/Gastrointestinal-Disease-Detection/dataset/kvasir-sessile/images/cju8b7aqtr4a00987coba14b7.jpg,/Users/ujjwalsinha/Gastrointestinal-Disease-Detection/dataset/kvasir-sessile/masks/cju8b7aqtr4a00987coba14b7.jpg,622,530,63292,7777,Yes,N/A,N/A,polyp,N/A,N/A
kvasir-sessile,cju8bafgqrf4x0818twisk3ea.jpg,/Users/ujjwalsinha/Gastrointestinal-Disease-Detection/dataset/kvasir-sessile/images/cju8bafgqrf4x0818twisk3ea.jpg,/Users/ujjwalsinha/Gastrointestinal-Disease-Detection/dataset/kvasir-sessile/masks/cju8bafgqrf4x0818twisk3ea.jpg,531,530,50141,10538,Yes,N/A,N/A,polyp,N/A,N/A
kvasir-sessile,cju8bj2ssrmlm0871gc2ug2rs.jpg,/Users/ujjwalsinha/Gastrointestinal-Disease-Detection/dataset/kvasir-sessile/images/cju8bj2ssrmlm0871gc2ug2rs.jpg,/Users/ujjwalsinha/Gastrointestinal-Disease-Detection/dataset/kvasir-sessile/masks/cju8bj2ssrmlm0871gc2ug2rs.jpg,469,449,42649,3697,Yes,N/A,N/A,polyp,N/A,N/A
kvasir-sessile,cju8brv16rx7f0818uf5n89pv.jpg,/Users/ujjwalsinha/Gastrointestinal-Disease-Detection/dataset/kvasir-sessile/images/cju8brv16rx7f0818uf5n89pv.jpg,/Users/ujjwalsinha/Gastrointestinal-Disease-Detection/dataset/kvasir-sessile/masks/cju8brv16rx7f0818uf5n89pv.jpg,622,529,71854,7038,Yes,N/A,N/A,polyp,N/A,N/A
kvasir-sessile,cju8c5223s8j80850b4kealt4.jpg,/Users/ujjwalsinha/Gastrointestinal-Disease-Detection/dataset/kvasir-sessile/images/cju8c5223s8j80850b4kealt4.jpg,/Users/ujjwalsinha/Gastrointestinal-Disease-Detection/dataset/kvasir-sessile/masks/cju8c5223s8j80850b4kealt4.jpg,619,529,72699,10856,Yes,N/A,N/A,polyp,N/A,N/A
kvasir-sessile,cju8c5zcbsdfz0801o5t6jag1.jpg,/Users/ujjwalsinha/Gastrointestinal-Disease-Detection/dataset/kvasir-sessile/images/cju8c5zcbsdfz0801o5t6jag1.jpg,/Users/ujjwalsinha/Gastrointestinal-Disease-Detection/dataset/kvasir-sessile/masks/cju8c5zcbsdfz0801o5t6jag1.jpg,626,546,57260,7400,Yes,N/A,N/A,polyp,N/A,N/A
kvasir-sessile,cju8ca4geseia0850i2ru11hw.jpg,/Users/ujjwalsinha/Gastrointestinal-Disease-Detection/dataset/kvasir-sessile/images/cju8ca4geseia0850i2ru11hw.jpg,/Users/ujjwalsinha/Gastrointestinal-Disease-Detection/dataset/kvasir-sessile/masks/cju8ca4geseia0850i2ru11hw.jpg,617,529,88047,10006,Yes,N/A,N/A,polyp,N/A,N/A
kvasir-sessile,cju8cattbsivm0818p446wgel.jpg,/Users/ujjwalsinha/Gastrointestinal-Disease-Detection/dataset/kvasir-sessile/images/cju8cattbsivm0818p446wgel.jpg,/Users/ujjwalsinha/Gastrointestinal-Disease-Detection/dataset/kvasir-sessile/masks/cju8cattbsivm0818p446wgel.jpg,621,531,57605,15406,Yes,N/A,N/A,polyp,N/A,N/A
kvasir-sessile,cju8chxndsre008015uisl4si.jpg,/Users/ujjwalsinha/Gastrointestinal-Disease-Detection/dataset/kvasir-sessile/images/cju8chxndsre008015uisl4si.jpg,/Users/ujjwalsinha/Gastrointestinal-Disease-Detection/dataset/kvasir-sessile/masks/cju8chxndsre008015uisl4si.jpg,605,444,47295,6254,Yes,N/A,N/A,polyp,N/A,N/A
kvasir-sessile,cjyzkpsbjdsjq07211dfi4sru.jpg,/Users/ujjwalsinha/Gastrointestinal-Disease-Detection/dataset/kvasir-sessile/images/cjyzkpsbjdsjq07211dfi4sru.jpg,/Users/ujjwalsinha/Gastrointestinal-Disease-Detection/dataset/kvasir-sessile/masks/cjyzkpsbjdsjq07211dfi4sru.jpg,720,576,113676,8050,Yes,N/A,N/A,polyp,N/A,N/A
kvasir-sessile,cjyzu9th0qt4r0a46pyl4zik0.jpg,/Users/ujjwalsinha/Gastrointestinal-Disease-Detection/dataset/kvasir-sessile/images/cjyzu9th0qt4r0a46pyl4zik0.jpg,/Users/ujjwalsinha/Gastrointestinal-Disease-Detection/dataset/kvasir-sessile/masks/cjyzu9th0qt4r0a46pyl4zik0.jpg,720,576,93055,10772,Yes,N/A,N/A,polyp,N/A,N/A
kvasir-sessile,cjyzuio1qgh040763k56deohv.jpg,/Users/ujjwalsinha/Gastrointestinal-Disease-Detection/dataset/kvasir-sessile/images/cjyzuio1qgh040763k56deohv.jpg,/Users/ujjwalsinha/Gastrointestinal-Disease-Detection/dataset/kvasir-sessile/masks/cjyzuio1qgh040763k56deohv.jpg,720,576,128723,7451,Yes,N/A,N/A,polyp,N/A,N/A
kvasir-sessile,ck2bxpfgxu2mk0748gsh7xelu.jpg,/Users/ujjwalsinha/Gastrointestinal-Disease-Detection/dataset/kvasir-sessile/images/ck2bxpfgxu2mk0748gsh7xelu.jpg,/Users/ujjwalsinha/Gastrointestinal-Disease-Detection/dataset/kvasir-sessile/masks/ck2bxpfgxu2mk0748gsh7xelu.jpg,621,531,58519,10588,Yes,N/A,N/A,polyp,N/A,N/A
kvasir-sessile,ck2bxqz3evvg20794iiyv5v2m.jpg,/Users/ujjwalsinha/Gastrointestinal-Disease-Detection/dataset/kvasir-sessile/images/ck2bxqz3evvg20794iiyv5v2m.jpg,/Users/ujjwalsinha/Gastrointestinal-Disease-Detection/dataset/kvasir-sessile/masks/ck2bxqz3evvg20794iiyv5v2m.jpg,720,576,139646,11351,Yes,N/A,N/A,polyp,N/A,N/A
kvasir-sessile,ck2bxw18mmz1k0725litqq2mc.jpg,/Users/ujjwalsinha/Gastrointestinal-Disease-Detection/dataset/kvasir-sessile/images/ck2bxw18mmz1k0725litqq2mc.jpg,/Users/ujjwalsinha/Gastrointestinal-Disease-Detection/dataset/kvasir-sessile/masks/ck2bxw18mmz1k0725litqq2mc.jpg,600,528,70961,14289,Yes,N/A,N/A,polyp,N/A,N/A
kvasir-sessile,ck2da7fwcjfis07218r1rvm95.jpg,/Users/ujjwalsinha/Gastrointestinal-Disease-Detection/dataset/kvasir-sessile/images/ck2da7fwcjfis07218r1rvm95.jpg,/Users/ujjwalsinha/Gastrointestinal-Disease-Detection/dataset/kvasir-sessile/masks/ck2da7fwcjfis07218r1rvm95.jpg,720,576,100461,9189,Yes,N/A,N/A,polyp,N/A,N/A
