,precision,recall,f1-score,support
Polyp,0.995114006514658,0.9967373572593801,0.9959250203748982,613.0
No Polyp,0.9948186528497409,0.9922480620155039,0.9935316946959897,387.0
accuracy,0.995,0.995,0.995,0.995
macro avg,0.9949663296821994,0.994492709637442,0.994728357535444,1000.0
weighted avg,0.9949997046463351,0.995,0.9949988033371605,1000.0
